num_enhancers,r,g,AC,RC,ma,mr,noise
2,0.1,0.9,1,1,5,5,0.3532997295
2,0.7,0.3,1,5,9,5,0.2757882451
2,0.7,0.7,1,1,7,5,0.2848187317
2,0.9,0.3,1,1,3,5,0.2703449728
2,0.1,0.3,1,5,5,5,0.3349616451
2,0.9,0.9,1,3,1,5,0.3373464412
15,0.741,0.12344,10.07,6.11,5.44,1.05,0.6241387744
2,0.5,0.3,1,9,7,5,0.2863008103
20,0.28969,0.89469,4.36,2.28,4.78,2,0.8054716198
5,0.1,0.6,1,6,6,5,0.5405363455
2,0.5,0.5,1,3,7,5,0.2911883331
2,0.1,0.7,1,3,3,5,0.3522252612
5,0.1,0.6,6,1,6,5,0.5521752939
10,0.4,0.2,4,2,2,5,0.4040358839
21,0.1,1,1,10,1,1,0.3864073059
2,0.1,0.9,1,1,1,5,0.318211962
2,0.3,0.3,1,9,9,5,0.2924668994
2,0.5,0.1,1,9,9,5,0.2766766304
2,0.3,0.3,1,9,1,5,0.3390234091
5,0.4,0.4,4,4,2,5,0.5232501024
2,0.3,0.3,1,3,3,5,0.306453391
2,0.7,0.5,1,9,3,5,0.301136379
2,0.5,0.3,1,5,7,5,0.2825136344
2,0.3,0.1,1,9,3,5,0.287668739
15,0.1,0.6,1,1,1,5,0.4530963301
2,0.24344,0.81106,6.02,2.41,10.17,9.03,0.3376703554
2,0.5,0.7,1,1,1,5,0.3440199644
2,0.5,0.7,1,7,3,5,0.3217005888
2,0.3,0.9,1,9,9,5,0.3225869921
2,0.9,0.3,1,7,3,5,0.2845344997
2,0.1,0.1,1,9,5,5,0.300925116
2,0.5,0.1,1,3,9,5,0.2645153841
5,0.92457,0.23014,5.14,2.8,1.34,3.9,0.3065708718
2,0.1,0.3,1,7,3,5,0.3455432921
2,0.9,0.9,1,5,7,5,0.2924733006
10,0.98095,0.64101,7.01,5.85,2.35,2.1,0.7443309527
2,0.1,0.1,1,5,5,5,0.2987975267
2,0.5,0.5,1,5,1,5,0.3378311134
2,0.7,0.3,1,7,7,5,0.2811146111
2,0.9,0.5,1,7,7,5,0.2834202003
15,0.37061,0.68546,3.71,3.23,8.71,3.63,0.5783517189
5,0.82566,0.24241,3.72,2.97,2.97,3,0.3142418308
2,0.9,0.7,1,3,3,5,0.2985830735
2,0.28633,0.48075,2.43,4.5,1.21,3,0.3524094209
2,0.7,0.5,1,9,7,5,0.2885598826
2,0.3,0.5,1,9,9,5,0.3032784855
2,0.1,0.9,1,5,5,5,0.3529122597
2,0.1,0.1,1,7,3,5,0.3103962274
2,0.7,0.1,1,9,1,5,0.2886120055
5,0.35445,0.56443,2.98,4.48,1.37,4,0.545293365
20,0.48116,0.67908,8.77,2.12,6.18,10.45,0.5328459971
10,0.2,0.2,4,4,4,5,0.5958612821
2,0.7,0.9,1,7,5,5,0.3068169976
2,0.7,0.9,1,5,5,5,0.3061103026
2,0.7,0.3,1,7,1,5,0.3127820752
2,0.3,0.5,1,1,7,5,0.3006338234
21,2,2,0.2,0.6,0.2,0.2,0.5745704107
15,0.27744,0.44865,1.91,2.62,3.01,3,0.6758859958
2,0.9,0.3,1,1,7,5,0.2628014558
2,0.3,0.9,1,1,7,5,0.3232341203
2,0.1,0.3,1,7,9,5,0.3216756101
2,0.9,0.5,1,9,5,5,0.2894197571
10,0.1,0.1,6,1,1,5,0.5471493229
2,0.9,0.5,1,3,9,5,0.2761139626
10,0.6,0.1,1,1,6,5,0.05387344941
2,0.1,0.5,1,5,3,5,0.3532887108
2,0.1,0.1,1,3,9,5,0.2889921807
2,0.7,0.7,1,9,7,5,0.2958680588
15,0.16375,0.28609,1.23,1.43,10.48,4.88,0.2219243756
10,0.6,0.1,6,6,1,5,0.3820578575
2,0.1,0.3,1,5,9,5,0.3206161
10,0.73049,0.922,2.83,4.82,6.06,8.37,0.445746301
5,0.2,0.4,2,2,4,5,0.4537007549
2,0.7,0.9,1,1,3,5,0.313209303
2,0.7,0.7,1,3,3,5,0.3067939722
2,0.1,0.9,1,3,1,5,0.3171858488
2,0.1,0.3,1,3,1,5,0.352719245
2,0.7,0.5,1,7,5,5,0.2911611836
2,0.9,0.5,1,5,5,5,0.2851111373
2,0.7,0.1,1,1,7,5,0.2553238538
2,0.9,0.3,1,1,3,5,0.270897298
2,0.7,0.5,1,1,1,5,0.3206892147
2,0.3,0.1,1,5,1,5,0.3020851269
15,0.83433,0.54226,5.63,2.16,1.89,1.24,0.6237399649
10,0.65633,0.92386,4.13,8.55,2.69,6.64,0.7060875933
2,0.7,0.1,1,1,3,5,0.2578416262
2,0.7,0.9,1,9,9,5,0.2973398944
2,0.7,0.3,1,1,1,5,0.2996125374
2,0.7,0.3,1,9,5,5,0.2859983115
2,0.7,0.9,1,1,7,5,0.2920148318
2,0.1,0.7,1,3,1,5,0.3277852774
2,0.9,0.7,1,5,3,5,0.3014196805
2,0.7,0.7,1,1,7,5,0.2846605224
2,0.5,0.3,1,7,7,5,0.2844715013
10,0.40801,0.86859,10.98,3.41,6.37,4.69,0.7407469419
2,0.9,0.7,1,7,9,5,0.2870536309
2,0.3,0.9,1,7,1,5,0.35242984
2,0.3,0.9,1,3,3,5,0.3448071507
2,0.1,0.3,1,5,3,5,0.3454909311
2,0.1,0.3,1,7,1,5,0.3523871127
2,0.5,0.5,1,1,5,5,0.2911132228
21,0.1,0.1,1,1,1,100,0.5765176435
2,0.7,0.7,1,5,5,5,0.2987764268
15,0.5166,0.43189,10.8,5.79,1.7,4.47,0.7001656611
2,0.9,0.1,1,7,5,5,0.2750579768
2,0.3,0.9,1,5,3,5,0.3450062126
20,0.31318,0.70376,10.77,7.62,9.52,4.46,0.9073319084
2,0.5,0.1,1,7,9,5,0.2742523112
2,0.3,0.3,1,1,5,5,0.2911995728
2,0.1,0.9,1,5,1,5,0.3167969508
10,0.1,0.1,1,1,6,5,0.1214228399
2,0.1,0.9,1,9,5,5,0.352917401
15,0.67722,0.43123,1.57,5.48,4.39,10.34,0.2714000383
2,0.1,0.9,1,3,7,5,0.3532137733
2,0.7,0.3,1,9,3,5,0.2919766189
2,0.7,0.1,1,1,1,5,0.2697733852
2,0.5,0.9,1,1,7,5,0.3030315275
2,0.3,0.1,1,5,1,5,0.3025693778
2,0.5,0.5,1,9,5,5,0.2996017931
2,0.5,0.1,1,9,5,5,0.2771588185
2,0.1,0.3,1,1,1,5,0.353121703
2,0.9,0.7,1,7,5,5,0.2936169952
2,0.7,0.3,1,5,5,5,0.2822869936
20,0.8145,0.38052,8.46,9.92,2.63,8.9,0.7892043312
2,0.9,0.3,1,3,7,5,0.2701637446
15,0.1,0.1,1,1,1,5,0.6074051976
2,0.7,0.3,1,7,1,5,0.3116561366
2,0.3,0.5,1,7,5,5,0.3152146483
2,0.1,0.7,1,1,1,5,0.3287164224
2,0.7,0.3,1,9,1,5,0.3132006093
5,0.1,0.1,1,1,6,5,0.2106807175
2,0.7,0.7,1,7,5,5,0.3005048869
5,0.1,0.6,6,6,1,5,0.3733789225
2,0.7,0.5,1,5,3,5,0.2988691337
2,0.9,0.5,1,3,3,5,0.2898263186
2,0.7,0.9,1,7,7,5,0.3007077742
15,0.87147,0.16434,10.43,10.81,2.26,5.55,0.7717644686
15,0.1,0.1,6,1,6,5,0.2114788872
2,0.5,0.1,1,1,7,5,0.2570891644
5,0.653,0.62218,3.27,5.35,9.07,3.83,0.4565859212
15,0.6,0.6,1,1,1,5,0.6090360573
10,0.1,0.1,1,6,1,5,0.6628374763
2,0.9,0.3,1,9,1,5,0.3058830863
2,0.3,0.5,1,3,5,5,0.3127417765
2,0.9,0.1,1,3,3,5,0.2657390274
25,0.17002,0.96772,5.33,10.61,4.69,5.33,0.602234209
2,0.5,0.7,1,7,1,5,0.3470370276
10,0.1,0.1,1,1,6,5,0.1303172413
2,0.9,0.3,1,5,7,5,0.2753537912
2,0.1,0.7,1,3,9,5,0.3467330003
2,0.1,0.9,1,9,9,5,0.3516138989
25,0.52347,0.96196,1.48,3.59,4.37,1,0.9256527933
2,0.1,0.9,1,5,7,5,0.3533047863
2,0.5,0.5,1,3,1,5,0.3364567306
2,0.5,0.1,1,3,9,5,0.266157754
2,0.3,0.7,1,3,7,5,0.3170360132
2,0.7,0.3,1,9,9,5,0.27954162
2,0.7,0.7,1,3,1,5,0.3368748111
2,0.1,0.7,1,3,1,5,0.3284512445
2,0.5,0.7,1,7,9,5,0.2983468558
2,0.1,0.5,1,7,7,5,0.3429098991
2,0.3,0.7,1,5,3,5,0.3386148226
2,0.3,0.7,1,5,9,5,0.3128478668
2,0.7,0.5,1,1,3,5,0.2912224216
10,0.4,0.2,2,2,2,5,0.2238827557
2,0.5,0.7,1,7,5,5,0.3086377957
2,0.3,0.1,1,1,7,5,0.262796572
2,0.7,0.9,1,9,1,5,0.3456278055
2,0.53612,0.96812,3.06,3.56,4.06,4,0.341758756
2,0.9,0.9,1,9,9,5,0.2919104221
25,0.48568,0.13553,8.11,9.94,10.21,8.38,0.5606049218
2,0.9,0.1,1,7,9,5,0.2720343588
2,0.3,0.7,1,5,3,5,0.3377716152
2,0.9,0.5,1,9,7,5,0.2851134106
2,0.7,0.5,1,1,1,5,0.3206723617
2,0.1,0.9,1,7,7,5,0.3531816471
2,0.3,0.9,1,7,9,5,0.3217094517
2,0.9,0.9,1,3,3,5,0.3071917587
10,0.1,0.6,1,6,1,5,0.4296535489
10,0.4,0.2,4,4,2,5,0.5399856483
2,0.3,0.9,1,7,5,5,0.3341743001
2,0.1,0.7,1,5,5,5,0.3531539225
2,0.9,0.7,1,7,3,5,0.3034838291
2,0.9,0.5,1,9,1,5,0.3207587969
2,0.1,0.3,1,5,3,5,0.3455642107
20,0.10657,0.10245,3.38,4.85,4.11,2,0.6945410113
2,0.1,0.7,1,3,3,5,0.3515982357
2,0.5,0.3,1,1,5,5,0.2774862611
2,0.7,0.3,1,9,3,5,0.2906159593
2,0.1,0.9,1,7,3,5,0.3467499949
2,0.5,0.3,1,7,7,5,0.2837836981
5,0.2,0.4,4,2,4,5,0.5082962438
10,0.6,0.6,1,1,1,5,0.5682815221
2,0.7,0.7,1,7,1,5,0.3383730538
2,0.1,0.7,1,9,1,5,0.3271301766
2,0.9,0.1,1,5,7,5,0.2684403984
2,0.7,0.9,1,5,7,5,0.2994828915
2,0.9,0.7,1,7,7,5,0.2890093158
5,0.60396,0.38775,1.41,3.6,2.81,4,0.3523727636
5,0.4,0.4,2,4,4,5,0.4164740349
2,0.1,0.7,1,1,3,5,0.3524002569
15,0.6,0.1,1,6,6,5,0.2468950563
20,0.83562,0.1426,4.86,3.25,1.13,4,0.1339632855
2,0.7,0.3,1,1,9,5,0.2627009676
15,0.1,0.6,1,1,1,5,0.4492652301
2,0.3,0.5,1,7,9,5,0.3036402705
2,0.9,0.5,1,9,7,5,0.2848651032
2,0.7,0.3,1,9,9,5,0.2803153664
21,0.5,0.375,5,2.8,5.5,9,0.4264124348
2,0.9,0.1,1,5,1,5,0.279340475
2,0.5,0.5,1,1,9,5,0.2813625963
15,0.1,0.6,1,1,1,5,0.4292353009
2,0.5,0.5,1,9,3,5,0.3118743085
2,0.1,0.5,1,7,7,5,0.3437690269
5,0.1,0.6,6,6,1,5,0.3861647378
15,0.6,0.1,6,1,1,5,0.05477257639
15,0.4838,0.5499,4.45,3.36,4.28,2,0.7661358896
2,0.1,0.7,1,3,7,5,0.3503228801
2,0.9,0.5,1,5,9,5,0.2792613581
15,0.6,0.1,6,1,6,5,0.07241403291
25,0.72404,0.17736,1.29,2.12,4.1,3,0.0311013786
10,0.6,0.6,6,6,6,5,0.599449969
2,0.3,0.1,1,9,3,5,0.2858842405
2,0.3,0.1,1,5,9,5,0.2757312282
2,0.3,0.1,1,1,3,5,0.2699023021
15,0.4,0.4,2,2,4,5,0.3408072865
2,0.9,0.3,1,1,3,5,0.2716901276
2,0.5,0.5,1,3,3,5,0.3071789416
2,0.7,0.3,1,3,1,5,0.3066593093
2,0.1,0.5,1,7,3,5,0.3535255394
15,0.56374,0.45453,10.89,5.3,7.03,8.08,0.5975648252
2,0.5,0.1,1,1,1,5,0.2765445943
2,0.7,0.3,1,1,3,5,0.2772191309
2,0.3,0.1,1,9,9,5,0.2775186038
2,0.5,0.1,1,7,9,5,0.2737627461
2,0.1,0.1,1,5,5,5,0.297677347
2,0.3,0.3,1,9,3,5,0.3103303203
15,0.77612,0.3381,9.14,4.86,8.09,10.34,0.4601645747
2,0.5,0.9,1,3,5,5,0.3144812217
2,0.5,0.1,1,7,7,5,0.273541545
5,0.40844,0.77458,8.03,8.4,8.82,5.22,0.5723992731
2,0.1,0.3,1,7,9,5,0.3213611022
2,0.3,0.7,1,1,3,5,0.3344547007
2,0.5,0.1,1,5,3,5,0.2746992838
2,0.3,0.1,1,9,1,5,0.3072959759
2,0.9,0.1,1,9,5,5,0.2759163615
20,0.66744,0.17541,1.42,2.48,3.36,4,0.04933649237
25,0.51701,0.85785,3.94,1.35,2.01,2,0.8022125599
2,0.3,0.7,1,3,5,5,0.3253847575
2,0.9,0.9,1,3,3,5,0.3074133156
2,0.9,0.3,1,3,9,5,0.2688433444
2,0.5,0.1,1,3,1,5,0.28597443
2,0.7,0.5,1,7,3,5,0.3014981505
2,0.9,0.1,1,7,3,5,0.2757695227
2,0.9,0.3,1,1,1,5,0.2925030598
15,0.10687,0.42753,4.8,1.91,1.08,3,0.4666455768
2,0.3,0.3,1,9,1,5,0.3375325973
15,0.67429,0.5478,7.67,6.36,4.55,2.05,0.8881367269
2,0.5,0.7,1,9,7,5,0.3029534932
2,0.1,0.5,1,7,1,5,0.3408636981
2,0.1,0.1,1,5,1,5,0.3380394499
2,0.5,0.1,1,3,1,5,0.2837560837
2,0.9,0.7,1,5,3,5,0.3026088332
10,0.2,0.2,2,2,2,5,0.5496677207
2,0.1,0.1,1,1,7,5,0.2846962532
2,0.1,0.9,1,3,1,5,0.3163827339
2,0.77388,0.3869,5.61,10.52,8.57,6.87,0.3233618402
10,0.4,0.2,2,4,2,5,0.4753458695
5,0.72165,0.23471,10.61,1.19,7.36,4.52,0.2060005441
2,0.5,0.3,1,7,9,5,0.2820826292
5,0.4,0.2,4,4,2,5,0.4600976656
21,2,6,0.2,0.2,0.2,0.2,0.4921527013
2,0.5,0.5,1,1,7,5,0.2853675184
2,0.7,0.3,1,5,3,5,0.2878644142
15,0.2,0.4,4,2,2,5,0.699084341
2,0.7,0.9,1,7,9,5,0.2961102071
10,0.6,0.6,1,1,6,5,0.1236909807
2,0.3,0.3,1,7,5,5,0.2999635715
2,0.1,0.3,1,3,7,5,0.3263534532
10,0.65705,0.49184,8.61,5.19,5.8,6.31,0.6220890189
2,0.1,0.1,1,3,7,5,0.2909400524
2,0.3,0.5,1,7,9,5,0.3033492871
15,0.1,0.1,1,6,1,5,0.6498766237
5,0.1,0.1,1,1,1,5,0.4639113523
20,0.73715,0.33126,3.43,4.47,2.01,2.85,0.6669135721
2,0.5,0.1,1,1,9,5,0.2558700765
15,0.2,0.2,4,2,4,5,0.4067571454
2,0.7,0.3,1,7,1,5,0.3113871345
20,0.45121,0.3394,5.2,7.24,5.67,1.54,0.905280504
2,0.5,0.5,1,3,9,5,0.2869857016
2,0.3,0.7,1,1,3,5,0.3360681916
5,0.73352,0.13829,5.68,9.27,3.71,3.36,0.4855993189
2,0.9,0.1,1,9,9,5,0.2764222959
10,0.7802,0.54015,2.7,4,2.3,2,0.600052697
2,0.9,0.1,1,7,3,5,0.2754875928
2,0.5,0.1,1,7,1,5,0.293517322
2,0.5,0.9,1,3,9,5,0.3025923375
2,0.9,0.9,1,9,7,5,0.294896243
2,0.3,0.1,1,3,5,5,0.2732058742
2,0.1,0.1,1,3,1,5,0.3367177098
5,0.42989,0.61687,3.24,1.83,1.72,4,0.5096405626
5,0.6,0.6,1,6,1,5,0.5069677798
15,0.4305,0.28104,4.63,5.67,4.47,4.03,0.6421226637
2,0.3,0.9,1,3,9,5,0.3200022247
5,0.45596,0.36403,2.41,10.15,4.73,8.6,0.3976820619
2,0.9,0.7,1,7,1,5,0.3307558044
2,0.5,0.1,1,3,3,5,0.27164989
25,0.78112,0.9881,10.82,7.59,2.39,8.12,0.850353643
10,0.2,0.2,2,2,2,5,0.462508786
2,0.3,0.3,1,9,5,5,0.298520025
20,0.45873,0.43776,6.4,5.35,2.18,9.55,0.7363039711
2,0.7,0.3,1,3,9,5,0.2721166299
2,0.5,0.1,1,3,5,5,0.2676176649
2,0.1,0.3,1,3,5,5,0.3337835198
2,0.71078,0.90196,2.52,5.87,9.23,3.1,0.3305576414
2,0.51712,0.22074,1.95,1.47,3.88,1,0.3039775569
2,0.5,0.7,1,7,1,5,0.3469803789
2,0.7,0.7,1,7,1,5,0.3389764429
2,0.1,0.5,1,9,5,5,0.3491837267
2,0.7,0.9,1,5,9,5,0.2949733302
2,0.3,0.9,1,3,3,5,0.344980085
2,0.3,0.3,1,7,3,5,0.3098990006
2,0.5,0.7,1,5,5,5,0.3082506223
5,0.4,0.4,2,4,2,5,0.4725849026
2,0.5,0.9,1,7,7,5,0.3095494994
2,0.7,0.1,1,7,7,5,0.2729022688
2,0.9,0.5,1,7,3,5,0.2952196593
10,0.2,0.4,2,2,2,5,0.6260193245
2,0.9,0.1,1,5,3,5,0.2713177439
2,0.5,0.3,1,3,5,5,0.2829254921
2,0.5,0.9,1,5,1,5,0.3515476987
2,0.7,0.7,1,7,5,5,0.300285632
2,0.5,0.3,1,5,9,5,0.2802176989
2,0.9,0.7,1,3,3,5,0.2982486637
2,0.9,0.3,1,3,1,5,0.2993812784
2,0.5,0.7,1,5,5,5,0.3082186232
2,0.5,0.5,1,1,1,5,0.3331448553
5,0.39439,0.25072,3.67,5.01,7.89,2.48,0.4884651593
2,0.7,0.7,1,5,7,5,0.292374144
15,0.1,0.1,6,6,1,5,0.6194678177
2,0.5,0.1,1,3,1,5,0.2847828505
2,0.45297,0.8205,5.36,6.69,4.15,7.12,0.3441593846
2,0.7,0.1,1,9,1,5,0.2895009997
2,0.9,0.1,1,5,5,5,0.2696550966
2,0.5,0.3,1,5,3,5,0.2951257272
2,0.1,0.3,1,1,3,5,0.3430289589
2,0.3,0.3,1,9,5,5,0.3002331906
2,0.3,0.1,1,3,9,5,0.2699749704
2,0.5,0.7,1,9,1,5,0.3468792494
2,0.1,0.7,1,9,7,5,0.3509289077
2,0.3,0.5,1,5,9,5,0.301897438
5,0.6,0.6,6,6,1,5,0.5328720289
2,0.3,0.1,1,1,9,5,0.2611732412
2,0.3,0.7,1,9,5,5,0.3263235654
2,0.5,0.5,1,7,3,5,0.3108977471
2,0.7,0.9,1,5,9,5,0.2956170226
2,0.9,0.1,1,5,7,5,0.2676164921
21,0.5,0.375,10,2.8,5.5,3,0.749356229
2,0.9,0.9,1,9,1,5,0.339424093
5,0.14445,0.68115,1.6,1.32,3.35,1,0.5235633443
2,0.7,0.7,1,9,5,5,0.3018078179
2,0.3,0.3,1,7,1,5,0.3388015741
10,0.28136,0.40375,3.98,1.56,3.74,2,0.6037760517
10,0.54287,0.94497,8.29,2.37,4,3.54,0.7205714908
2,0.1,0.1,1,3,5,5,0.2962777248
20,0.20873,0.5122,1.52,2.35,2.69,2,0.6706239907
2,0.5,0.3,1,5,7,5,0.2823861852
10,0.6,0.1,1,6,1,5,0.2643672901
5,0.6,0.6,6,6,6,5,0.4975302055
2,0.5,0.9,1,7,7,5,0.3100322124
2,0.9,0.9,1,1,7,5,0.2843672014
2,0.5,0.7,1,3,5,5,0.306543365
2,0.1,0.3,1,9,3,5,0.3462117582
5,0.4,0.2,2,2,4,5,0.2548325935
10,0.1,0.1,6,6,1,5,0.6076860686
2,0.1,0.7,1,5,7,5,0.3505471469
2,0.3,0.7,1,5,1,5,0.353518324
2,0.3,0.7,1,1,9,5,0.3090272289
2,0.9,0.1,1,9,3,5,0.2800785066
2,0.9,0.9,1,1,9,5,0.2803622661
2,0.1,0.5,1,7,3,5,0.3533932587
5,0.78544,0.22985,6.66,4.29,8.41,5.45,0.383673318
2,0.9,0.3,1,5,9,5,0.2739549539
2,0.1,0.1,1,1,3,5,0.3021009636
2,0.7,0.1,1,7,7,5,0.2737035257
2,0.7,0.9,1,5,5,5,0.3055620956
2,0.5,0.3,1,3,3,5,0.291484761
2,0.7,0.9,1,9,7,5,0.3002059143
2,0.5,0.5,1,5,1,5,0.3378320105
5,0.1,0.1,6,6,6,5,0.5036863567
2,0.7,0.5,1,7,3,5,0.300902283
2,0.3,0.5,1,3,5,5,0.3136900895
2,0.7,0.1,1,9,9,5,0.2750196232
2,0.7,0.1,1,3,5,5,0.2646455779
2,0.1,0.1,1,9,9,5,0.29170714
2,0.9,0.3,1,3,1,5,0.3002085228
5,0.94733,0.52565,3.1,1.29,10.21,10.38,0.1815323426
2,0.5,0.7,1,9,5,5,0.308629361
5,0.17078,0.55407,5.51,2.45,10.03,2.6,0.5711213623
2,0.3,0.3,1,3,5,5,0.2959646376
2,0.7,0.3,1,3,5,5,0.276626772
2,0.1,0.3,1,1,9,5,0.3177699999
2,0.7,0.5,1,7,1,5,0.32778503
2,0.51689,0.30728,5.74,9.24,8.26,2.79,0.3390847749
20,0.87108,0.50993,5.41,2.45,2.95,3.63,0.5774823788
5,0.76537,0.6833,8.83,8.2,9.62,7.84,0.5154027615
2,0.7,0.1,1,5,5,5,0.2705206339
2,0.9,0.9,1,1,7,5,0.2841467813
2,0.1,0.7,1,9,7,5,0.3509962402
10,0.4,0.2,4,4,2,5,0.5790483848
5,0.46569,0.3216,2.07,4.67,3.59,4,0.4071336939
2,0.3,0.3,1,3,5,5,0.2962533742
5,0.22165,0.60775,3.75,9.53,7.69,10.56,0.465656649
2,0.5,0.1,1,7,3,5,0.2798398693
2,0.3,0.5,1,9,9,5,0.3044557473
2,0.5,0.3,1,9,7,5,0.2845815885
2,0.7,0.7,1,7,9,5,0.2908758119
10,0.2,0.2,4,4,4,5,0.612960926
21,0.5,0.375,7,2.8,5.5,2,0.7424207801
15,0.6,0.1,6,6,1,5,0.4950509909
2,0.9,0.5,1,7,1,5,0.3187947352
2,0.9,0.1,1,7,1,5,0.2818930957
2,0.5,0.1,1,1,5,5,0.2577068281
5,0.2,0.2,2,4,2,5,0.4839010173
2,0.7,0.7,1,3,3,5,0.3083744936
2,0.3,0.7,1,3,3,5,0.3378745401
2,0.3,0.9,1,7,7,5,0.3261944638
2,0.3,0.7,1,9,9,5,0.3142682488
2,0.7,0.3,1,7,9,5,0.2778811013
2,0.7,0.7,1,3,3,5,0.3082084424
2,0.9,0.1,1,7,7,5,0.2730176844
2,0.5,0.7,1,5,5,5,0.307988946
2,0.5,0.1,1,1,5,5,0.2592409145
2,0.3,0.9,1,7,3,5,0.3454396634
2,0.9,0.3,1,7,5,5,0.2801809331
21,0.5,0.375,6,2.8,5.5,1,0.7943703006
2,0.7,0.5,1,3,9,5,0.2806304717
2,0.3,0.5,1,5,5,5,0.3140776071
25,0.6459,0.24704,1.41,9.76,4.78,7.87,0.3868430461
10,0.64132,0.21252,1.98,2.94,1.77,4,0.1998779128
20,0.52702,0.43573,8.68,10.85,2.62,2.15,0.8639638852
2,0.7,0.1,1,5,7,5,0.2688255349
2,0.7,0.7,1,1,5,5,0.2893308993
2,0.1,0.5,1,5,7,5,0.3427114508
2,0.7,0.1,1,1,9,5,0.2544390584
2,0.1,0.3,1,5,7,5,0.3264298992
2,0.47628,0.17005,9.82,4.14,6.9,8.8,0.3145111024
2,0.5,0.5,1,3,3,5,0.3077420802
2,0.1,0.5,1,9,1,5,0.3401091544
2,0.9,0.5,1,3,7,5,0.2786747014
5,0.4,0.4,2,2,4,5,0.3359660373
25,0.7097,0.60498,7.69,8.16,9.26,6.86,0.6872260322
2,0.71236,0.31342,1.17,1.52,2.78,2,0.296868921
2,0.3,0.1,1,1,3,5,0.2705358447
2,0.7,0.5,1,1,5,5,0.2808303492
2,0.3,0.5,1,1,9,5,0.296616102
5,0.1,0.1,6,6,1,5,0.5411646967
2,0.9,0.1,1,1,3,5,0.2561406916
2,0.5,0.3,1,7,5,5,0.2888968066
2,0.5,0.7,1,5,1,5,0.3469244373
2,0.3,0.5,1,5,9,5,0.3019769457
2,0.9,0.1,1,1,5,5,0.2541340264
5,0.81506,0.41294,3.7,1.17,3.43,3,0.2430974702
2,0.3,0.1,1,7,3,5,0.2844360911
2,0.7,0.1,1,1,3,5,0.2586312672
2,0.1,0.1,1,9,3,5,0.3109364982
2,0.9,0.3,1,3,5,5,0.2737136281
10,0.6,0.6,6,1,6,5,0.1841789072
2,0.5,0.9,1,7,3,5,0.3291971176
2,0.79073,0.84228,8.7,3.44,1.11,4.16,0.3505658277
5,0.33578,0.50043,1.63,1.89,1.63,3,0.5110436433
2,0.9,0.9,1,5,5,5,0.2983338184
2,0.5,0.1,1,3,9,5,0.2644622949
20,0.19136,0.67213,2.78,3.85,4.5,3,0.9474322322
2,0.1,0.1,1,9,5,5,0.3002457015
15,0.2,0.2,4,2,4,5,0.4762958223
2,0.9,0.3,1,5,1,5,0.3026208427
2,0.1,0.9,1,5,9,5,0.3515118129
25,0.10019,0.12521,4.73,4.34,2.06,4,1.025154963
2,0.3,0.7,1,3,5,5,0.3246110837
2,0.9,0.3,1,9,1,5,0.3055764695
2,0.5,0.1,1,5,5,5,0.2715394778
2,0.3,0.3,1,3,3,5,0.3070035162
2,0.7,0.1,1,1,9,5,0.2528267006
2,0.3,0.5,1,5,1,5,0.3507745707
2,0.5,0.1,1,7,5,5,0.2765291372
2,0.9,0.1,1,1,9,5,0.2525985556
2,0.5,0.3,1,9,5,5,0.2895145482
2,0.5,0.7,1,3,1,5,0.3454287109
2,0.1,0.7,1,1,1,5,0.3304564459
2,0.5,0.9,1,5,1,5,0.351918019
2,0.7,0.3,1,3,3,5,0.2840022722
2,0.1,0.5,1,9,5,5,0.3489269048
10,0.14839,0.2431,7.96,3.71,7.62,2.04,0.795738606
2,0.3,0.9,1,5,1,5,0.3526182198
2,0.3,0.1,1,9,9,5,0.27817353
2,0.9,0.9,1,7,3,5,0.3103252818
5,0.4,0.2,2,2,4,5,0.2631503086
2,0.9,0.3,1,5,3,5,0.2833342769
5,0.72657,0.36041,2.17,1.68,1.8,3,0.2694942221
15,0.50376,0.4672,5.2,5.41,9.06,10.21,0.4611048811
2,0.7,0.5,1,1,5,5,0.282034631
2,0.1,0.1,1,7,9,5,0.2915306616
2,0.5,0.3,1,5,3,5,0.2944773045
15,0.37762,0.35932,4.94,1.15,2.87,2,0.2627360105
10,0.4,0.2,2,2,2,5,0.2736019805
2,0.1,0.1,1,7,3,5,0.3104757858
15,0.27221,0.77508,3.51,2.25,4.89,2,0.8758418811
2,0.1,0.1,1,9,7,5,0.2952749602
2,0.7,0.3,1,3,5,5,0.2775031497
2,0.5,0.7,1,5,5,5,0.3079603781
2,0.1,0.1,1,5,7,5,0.2928093143
2,0.9,0.3,1,9,3,5,0.2874217068
10,0.6,0.1,6,6,6,5,0.3440012889
5,0.1,0.1,1,1,6,5,0.1953242064
2,0.7,0.3,1,3,9,5,0.2729196693
2,0.9,0.7,1,5,3,5,0.3019069959
2,0.9,0.5,1,5,9,5,0.2806988466
2,0.5,0.3,1,9,1,5,0.3232412968
20,0.53274,0.10805,8.49,3.56,1.8,3.91,0.4955513636
15,0.2,0.4,4,2,4,5,0.7187940635
2,0.3,0.9,1,9,1,5,0.3520165117
2,0.19374,0.15478,9.02,6.9,1.55,5.33,0.3476709268
5,0.69117,0.35397,1.7,6.03,10.45,10.64,0.2816620634
2,0.9,0.1,1,1,7,5,0.253242653
2,0.5,0.1,1,3,9,5,0.2645384458
2,0.7,0.7,1,3,9,5,0.2883237054
2,0.7,0.1,1,9,3,5,0.2795187567
2,0.7,0.1,1,7,5,5,0.2747031361
10,0.66349,0.61378,1.58,4.79,4.48,4,0.4072081064
2,0.1,0.1,1,5,5,5,0.2980852439
2,0.5,0.9,1,9,5,5,0.3176112337
21,0.5,0.375,2,2.8,5.5,3,0.451892392
2,0.5,0.1,1,7,7,5,0.274303671
2,0.9,0.1,1,1,9,5,0.2516827426
2,0.1,0.5,1,9,9,5,0.3386084239
2,0.3,0.3,1,1,9,5,0.2816027751
2,0.1,0.5,1,7,7,5,0.3428087885
10,0.1,0.6,1,6,6,5,0.6748655136
2,0.5,0.9,1,7,7,5,0.3099763921
15,0.6,0.6,6,1,1,5,0.5777146542
2,0.7,0.5,1,9,3,5,0.3016787947
2,0.1,0.7,1,7,9,5,0.3469606357
2,0.9,0.9,1,3,7,5,0.2913954839
2,0.1,0.1,1,5,1,5,0.3386477413
2,0.3,0.1,1,1,7,5,0.2628993841
2,0.7,0.9,1,7,7,5,0.300896694
2,0.7,0.7,1,7,7,5,0.2947406832
2,0.3,0.7,1,5,1,5,0.3534803334
2,0.3,0.3,1,3,3,5,0.3069114095
2,0.3,0.3,1,7,5,5,0.299820671
2,0.5,0.9,1,7,9,5,0.3069528284
10,0.2,0.4,2,2,4,5,0.5750605462
2,0.9,0.5,1,3,5,5,0.2822082062
2,0.3,0.3,1,1,7,5,0.285664955
2,0.3,0.5,1,5,7,5,0.3071433404
2,0.3,0.7,1,3,1,5,0.3533987234
2,0.5,0.3,1,1,3,5,0.2861662579
10,0.2,0.2,2,2,4,5,0.3921128515
2,0.7,0.9,1,5,9,5,0.2954115128
2,0.5,0.5,1,1,5,5,0.2911115281
2,0.3,0.1,1,3,5,5,0.2727781947
2,0.5,0.1,1,9,9,5,0.2769604945
2,0.9,0.5,1,7,9,5,0.2823948621
2,0.3,0.3,1,1,1,5,0.3336975122
5,0.66958,0.4268,5.56,2.81,7.84,7.32,0.3564770512
21,0.5,0.375,5,2.8,5.5,7,0.4537197722
20,0.54798,0.72083,5.6,8.91,10.62,5.92,0.6971846282
2,0.9,0.1,1,3,1,5,0.2739980625
2,0.9,0.7,1,7,9,5,0.2851348569
2,0.3,0.3,1,9,5,5,0.3000412527
2,0.9,0.1,1,1,1,5,0.2649484737
2,0.5,0.3,1,1,9,5,0.2702542524
2,0.5,0.9,1,7,7,5,0.309297566
25,0.25402,0.67257,1.79,4.86,4.06,3,0.7027415279
2,0.5,0.1,1,9,7,5,0.2771015866
2,0.9,0.3,1,5,3,5,0.2833802848
2,0.5,0.7,1,3,7,5,0.299304588
2,0.1,0.1,1,9,1,5,0.3395383779
2,0.9,0.9,1,7,5,5,0.2994661087
2,0.5,0.9,1,3,3,5,0.3288861541
2,0.5,0.3,1,5,1,5,0.321648456
2,0.9,0.1,1,7,1,5,0.2838269607
2,0.3,0.1,1,7,3,5,0.2858388361
2,0.5,0.3,1,3,7,5,0.2807556583
2,0.7,0.7,1,1,3,5,0.3027286798
2,0.1,0.7,1,5,9,5,0.3472531704
2,0.7,0.9,1,9,5,5,0.3073602482
2,0.9,0.1,1,7,1,5,0.2834569071
2,0.7,0.7,1,7,1,5,0.338559241
2,0.3,0.7,1,1,3,5,0.3350035325
10,0.80596,0.24289,1.58,2.75,1.49,3,0.1454151372
15,0.4,0.2,2,4,4,5,0.3833987095
2,0.9,0.7,1,9,9,5,0.2857577882
2,0.7,0.3,1,1,1,5,0.30182959
2,0.9,0.9,1,3,9,5,0.2875633393
2,0.3,0.7,1,7,1,5,0.3535529271
2,0.9,0.7,1,9,3,5,0.3041862464
2,0.7,0.3,1,1,7,5,0.2660461933
2,0.7,0.9,1,5,1,5,0.3455052832
2,0.1,0.9,1,5,9,5,0.3515011709
10,0.1,0.1,6,6,6,5,0.6095728161
2,0.5,0.9,1,1,9,5,0.2987791424
2,0.3,0.3,1,7,7,5,0.2939409891
2,0.1,0.5,1,1,3,5,0.3532095191
10,0.71613,0.53342,4.29,2.97,4.78,3,0.5187790342
2,0.3,0.9,1,7,3,5,0.3455292643
2,0.7,0.7,1,7,7,5,0.2950440875
15,0.94461,0.12979,3.14,1.61,3.82,4,0.04044815462
2,0.7,0.9,1,3,1,5,0.3439915497
2,0.40731,0.26201,1.79,3.04,3.15,4,0.3105463409
15,0.6,0.1,6,1,6,5,0.04460752705
2,0.3,0.7,1,7,3,5,0.3383168903
2,0.7,0.9,1,3,5,5,0.303381686
5,0.4,0.4,4,2,2,5,0.4618401033
21,0.5,0.375,8,2.8,5.5,1,0.8105313006
2,0.7,0.9,1,3,7,5,0.2980254523
2,0.1,0.5,1,1,3,5,0.353149288
10,0.95388,0.86345,3.85,9.98,9.21,3.49,0.6291725636
2,0.5,0.5,1,5,7,5,0.2921391157
5,0.1366,0.45015,9.46,5.99,4.17,10.2,0.5819815731
5,0.4,0.4,4,4,2,5,0.5212088411
2,0.50642,0.21029,7.93,4.5,7.1,8.42,0.31476681
5,0.4,0.4,4,2,4,5,0.4007734408
2,0.1,0.9,1,1,1,5,0.3175748476
2,0.9,0.7,1,7,7,5,0.2885218968
15,0.33865,0.25208,2.89,3.87,3.08,4,0.5276709284
2,0.7,0.9,1,7,7,5,0.3012553714
15,0.33905,0.40408,4.6,10.18,1.91,8.04,0.6840585325
2,0.1,0.1,1,9,9,5,0.2905886492
2,0.5,0.9,1,1,3,5,0.3249302063
2,0.9,0.3,1,3,7,5,0.2720693362
2,0.9,0.5,1,5,9,5,0.2793833331
10,0.4,0.4,2,2,4,5,0.3951468695
21,2,10,0.2,0.2,0.2,0.6,0.4475987727
2,0.9,0.9,1,5,9,5,0.289382181
2,0.5,0.1,1,5,3,5,0.2745847351
2,0.3,0.1,1,5,9,5,0.273648151
2,0.7,0.1,1,1,7,5,0.2553619837
2,0.1,0.9,1,5,5,5,0.3528514769
2,0.9,0.1,1,9,3,5,0.2772796071
2,0.9,0.3,1,9,5,5,0.2816388741
2,0.3,0.7,1,3,9,5,0.3115653795
2,0.5,0.1,1,5,7,5,0.2710835445
2,0.1,0.9,1,3,3,5,0.3469515503
5,0.6,0.1,6,1,1,5,0.14343293
2,0.3,0.7,1,7,7,5,0.318639655
2,0.7,0.9,1,5,7,5,0.2998934634
2,0.1,0.7,1,3,5,5,0.3532384734
2,0.5,0.7,1,9,5,5,0.3098783067
2,0.5,0.7,1,7,1,5,0.3479463613
2,0.3,0.9,1,9,1,5,0.3522069868
2,0.5,0.1,1,7,1,5,0.2927912635
2,0.3,0.9,1,9,5,5,0.3358492801
2,0.7,0.1,1,1,7,5,0.2546059879
2,0.5,0.3,1,3,1,5,0.3177852942
2,0.7,0.9,1,3,5,5,0.3054323747
2,0.3,0.5,1,5,5,5,0.3147049396
2,0.3,0.9,1,7,3,5,0.3453370597
2,0.5,0.5,1,7,3,5,0.3106230264
15,0.4,0.2,2,4,4,5,0.4236214414
5,0.2,0.2,2,2,2,5,0.4258794354
2,0.3,0.9,1,7,1,5,0.3521788897
2,0.1,0.3,1,1,9,5,0.3169370894
2,0.9,0.7,1,5,9,5,0.2847114573
2,0.5,0.9,1,1,3,5,0.3249410914
2,0.9,0.5,1,1,9,5,0.2682019232
2,0.5,0.7,1,3,3,5,0.3192965844
10,0.96221,0.62859,7.99,1.63,2.15,10.07,0.3521247149
5,0.10138,0.22633,9.43,6.33,5.32,4.21,0.6068864099
2,0.1,0.7,1,9,5,5,0.3533175965
2,0.1,0.5,1,5,3,5,0.353425259
2,0.9,0.3,1,5,5,5,0.2789247741
10,0.4,0.2,2,2,4,5,0.2265352581
2,0.3,0.5,1,7,5,5,0.3150422263
2,0.9,0.1,1,9,3,5,0.2779503041
2,0.5,0.3,1,3,3,5,0.2921028696
2,0.9,0.5,1,7,7,5,0.2835991346
2,0.1,0.7,1,9,3,5,0.3517365966
2,0.9,0.9,1,3,9,5,0.2872549116
2,0.7,0.9,1,7,5,5,0.3071562723
10,0.4,0.4,2,4,2,5,0.5927464963
2,0.7,0.7,1,9,1,5,0.3396443328
2,0.9,0.9,1,3,1,5,0.3375093453
2,0.3,0.5,1,3,1,5,0.3501499662
2,0.3,0.1,1,7,3,5,0.2840094406
2,0.1,0.3,1,9,9,5,0.3227028713
2,0.3,0.3,1,3,1,5,0.3366672319
2,0.7,0.1,1,1,7,5,0.2554214286
2,0.7,0.3,1,7,1,5,0.3130033229
10,0.1,0.6,1,6,1,5,0.4159245591
5,0.6,0.1,6,1,1,5,0.1642044365
20,0.59068,0.15542,4.27,2,3.35,4,0.0752291976
2,0.9,0.5,1,1,7,5,0.2701872618
2,0.3,0.3,1,9,5,5,0.3009983177
2,0.1,0.5,1,5,5,5,0.3487456313
5,0.65898,0.41624,4.87,5.97,10.27,1.74,0.5525839489
10,0.32654,0.132,9.35,7.07,8.06,1.34,0.8103647608
2,0.87724,0.75141,2.93,2.7,9.6,2.05,0.3248760205
2,0.9,0.3,1,7,1,5,0.3042819228
2,0.5,0.1,1,1,1,5,0.2768222721
5,0.1,0.1,6,1,1,5,0.465333321
2,0.3,0.7,1,3,5,5,0.3246211631
10,0.21794,0.95945,3.83,2.42,5.72,1.87,0.6081379339
2,0.1,0.1,1,9,1,5,0.3394987621
5,0.1982,0.3584,9.56,3.6,8.85,8.2,0.4948591626
2,0.5,0.9,1,3,1,5,0.3509467726
20,0.5397,0.18166,3.6,5.93,4.56,4.04,0.5232918921
2,0.25055,0.93907,10.74,3.64,4.95,1.49,0.3440985328
2,0.9,0.1,1,1,5,5,0.253901363
2,0.3,0.1,1,3,9,5,0.2694754659
2,0.7,0.7,1,3,1,5,0.3364987132
2,0.5,0.3,1,5,7,5,0.2826805139
10,0.81831,0.67245,1.81,5.21,5.82,9.88,0.3280522155
2,0.1,0.1,1,5,5,5,0.2989960916
2,0.9,0.3,1,5,5,5,0.277398273
2,0.9,0.3,1,1,3,5,0.2700756307
2,0.9,0.3,1,9,5,5,0.2817908682
2,0.1,0.7,1,7,5,5,0.3533946109
2,0.1,0.3,1,9,5,5,0.3355463696
2,0.9,0.7,1,1,5,5,0.2827176382
2,0.5,0.7,1,1,3,5,0.3158089423
2,0.3,0.9,1,9,3,5,0.3463379202
2,0.3,0.7,1,5,9,5,0.312893814
2,0.1,0.7,1,3,7,5,0.3501146814
2,0.7,0.1,1,5,9,5,0.2689058806
5,0.6,0.1,1,6,1,5,0.273004187
2,0.7,0.7,1,1,1,5,0.333571608
2,0.1,0.1,1,3,3,5,0.307985393
2,0.1,0.9,1,7,9,5,0.3516705631
2,0.7,0.9,1,5,7,5,0.2985278896
2,0.3,0.7,1,1,9,5,0.3062877276
2,0.3,0.1,1,1,7,5,0.2618801863
2,0.9,0.5,1,9,3,5,0.2959980877
2,0.5,0.5,1,7,3,5,0.3093786638
2,0.5,0.9,1,7,9,5,0.306125342
2,0.3,0.1,1,3,7,5,0.2709323932
15,0.1,0.6,6,1,6,5,0.6015262268
15,0.1,0.1,6,1,1,5,0.5698340316
2,0.3,0.5,1,3,9,5,0.3017614773
2,0.9,0.1,1,1,5,5,0.254875152
25,0.86845,0.21414,10.87,3.74,7.3,8.21,0.2641457907
2,0.97955,0.60879,1.49,3.89,9.66,5.05,0.2950586324
2,0.1,0.9,1,9,3,5,0.3465587731
2,0.7,0.9,1,7,3,5,0.318258633
2,0.3,0.5,1,9,1,5,0.3509438034
2,0.3,0.9,1,1,5,5,0.3318051293
15,0.2,0.2,2,4,2,5,0.6707301281
2,0.5,0.1,1,5,9,5,0.2705636423
2,0.9,0.5,1,3,5,5,0.2814700619
10,0.93326,0.84997,9.79,6.84,1.66,3.99,0.639643074
2,0.7,0.1,1,7,3,5,0.2764003317
2,0.5,0.1,1,3,5,5,0.2682018159
10,0.2,0.4,2,2,2,5,0.5941686758
15,0.36193,0.25928,2.72,3.36,3.5,2,0.5946682048
2,0.1,0.3,1,3,5,5,0.3342919652
10,0.2,0.2,4,4,2,5,0.6807272173
10,0.6,0.6,1,1,6,5,0.1597204196
2,0.1,0.7,1,1,3,5,0.3523446635
2,0.3,0.5,1,7,1,5,0.3502936645
2,0.7,0.9,1,7,7,5,0.2998813452
15,0.2,0.2,2,4,4,5,0.4643530525
2,0.9,0.7,1,5,5,5,0.292601976
2,0.1,0.1,1,1,5,5,0.2902243819
20,0.44118,0.68641,6.42,2.25,1.6,8.23,0.6749349289
2,0.3,0.9,1,3,9,5,0.3191203254
2,0.3,0.9,1,5,9,5,0.3210994003
2,0.7,0.9,1,1,5,5,0.2998183844
2,0.7,0.3,1,7,7,5,0.2805351957
2,0.7,0.9,1,3,3,5,0.3150372492
2,0.9,0.7,1,9,3,5,0.3044146005
25,0.29069,0.7891,2,9.14,10.28,5.88,0.6607769479
2,0.7,0.7,1,7,1,5,0.3379805086
2,0.7,0.3,1,9,9,5,0.2802504574
2,0.9,0.7,1,3,7,5,0.2851035523
2,0.1,0.9,1,9,1,5,0.3147207398
2,0.52454,0.16256,2.58,3.74,3.7,2,0.3142694324
2,0.7,0.5,1,7,9,5,0.2857617612
2,0.3,0.3,1,7,3,5,0.3109141905
2,0.1,0.5,1,9,3,5,0.353421513
5,0.6,0.6,1,6,6,5,0.3072227967
2,0.5,0.1,1,9,1,5,0.2933048435
2,0.9,0.9,1,9,1,5,0.33911206
2,0.5,0.9,1,9,7,5,0.311349923
10,0.10187,0.69864,7.14,3.68,3.58,8.96,0.5065014259
2,0.1,0.3,1,5,9,5,0.3216939746
2,0.7,0.5,1,7,7,5,0.2861380684
2,0.5,0.5,1,3,1,5,0.336610293
2,0.7,0.9,1,3,5,5,0.3048860773
2,0.5,0.5,1,5,3,5,0.3085772569
25,0.15928,0.10781,1.8,3.57,4.26,1,0.6881613607
15,0.22034,0.51993,6.29,9.91,9.25,5.3,0.7852953828
2,0.3,0.1,1,5,5,5,0.2777134367
2,0.7,0.9,1,9,1,5,0.3468405638
15,0.4,0.2,2,4,2,5,0.4838138988
2,0.7,0.3,1,9,3,5,0.2899620533
5,0.6711,0.38455,1.17,2.66,3.86,4,0.2650501424
21,2,6,0.2,0.6,0.2,0.2,0.4863710636
2,0.3,0.5,1,3,9,5,0.3007382328
2,0.9,0.7,1,9,5,5,0.2944452827
15,0.2,0.4,2,4,4,5,0.6448063273
10,0.6,0.6,6,6,1,5,0.6522688414
10,0.4,0.2,4,2,2,5,0.2735820659
2,0.1,0.1,1,5,1,5,0.3380844251
2,0.1,0.3,1,1,9,5,0.3165702754
2,0.5,0.1,1,7,5,5,0.2749833663
2,0.1,0.7,1,9,1,5,0.3264003425
2,0.3,0.9,1,5,7,5,0.3261140954
2,0.5,0.7,1,3,7,5,0.3011273256
2,0.5,0.7,1,9,9,5,0.2981214281
15,0.4,0.2,4,4,4,5,0.4819389301
2,0.7,0.3,1,7,5,5,0.2822038891
2,0.7,0.5,1,9,5,5,0.2940432154
2,0.5,0.1,1,1,3,5,0.2624683047
10,0.6,0.6,1,6,1,5,0.661536054
15,0.2,0.4,2,4,4,5,0.7038484252
21,0.1,10,1,1,1,10,0.2192959777
2,0.3,0.9,1,9,5,5,0.3353373512
2,0.7,0.3,1,5,9,5,0.2761875595
2,0.3,0.7,1,5,3,5,0.3378478983
2,0.3,0.7,1,3,7,5,0.3170259007
2,0.3,0.5,1,7,9,5,0.3031964873
2,0.7,0.7,1,1,3,5,0.3015135629
2,0.1,0.9,1,1,7,5,0.3532621702
2,0.5,0.5,1,5,1,5,0.3379325187
2,0.9,0.1,1,1,1,5,0.2656864032
25,0.58408,0.56907,4.8,4.8,2.41,10.47,0.6944460246
25,0.38628,0.75145,9.63,2.14,3.11,5.81,0.694095223
2,0.7,0.7,1,3,1,5,0.3372948765
2,0.7,0.5,1,9,1,5,0.3293571277
2,0.3,0.7,1,1,9,5,0.3073735816
5,0.4,0.2,4,4,2,5,0.4389561681
2,0.9,0.9,1,9,7,5,0.2956564265
5,0.47063,0.29048,8.58,1.79,5.46,6.15,0.3304768844
2,0.7,0.9,1,1,7,5,0.2929363405
2,0.3,0.1,1,5,3,5,0.2823954087
10,0.22345,0.36376,2.66,4.2,4.43,2,0.6930920325
2,0.5,0.1,1,9,5,5,0.2788717888
2,0.5,0.5,1,3,1,5,0.3369790547
2,0.1,0.7,1,1,1,5,0.3292724872
2,0.7,0.1,1,3,7,5,0.2639085898
2,0.7,0.1,1,5,9,5,0.2701072971
2,0.1,0.7,1,1,3,5,0.3523779267
10,0.29758,0.18647,6.64,6.71,5.37,8.84,0.5370716464
2,0.7,0.1,1,7,3,5,0.2774709134
5,0.2,0.4,2,4,2,5,0.5439053936
2,0.1,0.1,1,1,1,5,0.3341305591
2,0.9,0.9,1,3,7,5,0.2906713226
2,0.3,0.9,1,3,9,5,0.318854634
10,0.6,0.6,1,1,1,5,0.5293839197
5,0.6,0.6,6,1,6,5,0.2955013334
2,0.7,0.3,1,5,1,5,0.3083456229
2,0.7,0.5,1,7,5,5,0.2909401478
2,0.9,0.5,1,7,5,5,0.2866808149
2,0.9,0.1,1,5,3,5,0.2725582712
2,0.5,0.7,1,9,5,5,0.3096941439
2,0.9,0.3,1,5,5,5,0.2774366296
15,0.4,0.2,2,2,4,5,0.2000561105
2,0.1,0.5,1,5,1,5,0.3403929827
5,0.1,0.1,1,1,1,5,0.4504177514
2,0.1,0.1,1,3,7,5,0.2899401934
25,0.6663,0.74336,9.86,9.74,9.26,2.17,0.9897888555
10,0.35784,0.52761,3.66,10.56,2.57,7.76,0.6678814498
2,0.1,0.7,1,5,5,5,0.3532218626
2,0.9,0.9,1,5,9,5,0.2896850298
2,0.3,0.1,1,1,1,5,0.2918273635
5,0.43381,0.36347,1.74,4.88,5.99,4.44,0.3801802828
15,0.6,0.1,1,1,6,5,0.05210794224
2,0.34798,0.20298,1.68,2.49,4.53,4,0.3004296744
2,0.3,0.7,1,1,5,5,0.3218989091
10,0.5047,0.62742,7.03,10.75,3.47,5.86,0.7577604672
2,0.32235,0.67701,2.79,6.45,6.35,9.88,0.3264270366
10,0.6,0.6,1,6,1,5,0.6383286507
2,0.9,0.1,1,7,3,5,0.2745204763
2,0.3,0.3,1,1,9,5,0.2817612817
2,0.9,0.9,1,1,1,5,0.3331293119
2,0.1,0.1,1,7,7,5,0.2942815272
15,0.6,0.6,1,1,1,5,0.5977454908
10,0.4,0.2,2,4,2,5,0.4438713365
2,0.7,0.7,1,9,9,5,0.2903175813
5,0.2,0.4,4,2,2,5,0.5358122138
15,0.2,0.2,4,4,2,5,0.7676199253
2,0.3,0.9,1,3,1,5,0.3523601472
15,0.1,0.1,6,1,6,5,0.3028406501
2,0.7,0.3,1,3,1,5,0.3077390327
15,0.33213,0.11178,3.21,3.58,3.81,9.67,0.229803542
2,0.1,0.1,1,7,3,5,0.3107715353
2,0.5,0.3,1,1,3,5,0.2849943969
10,0.2,0.4,4,4,4,5,0.7077404189
2,0.1,0.9,1,9,7,5,0.3532600551
21,0.1,0.1,1,10,100,10,0.2699252222
2,0.3,0.1,1,1,7,5,0.2629415819
15,0.6,0.6,6,6,1,5,0.585780172
2,0.1,0.9,1,5,5,5,0.3528756583
2,0.1,0.7,1,5,1,5,0.32792545
2,0.3,0.5,1,1,1,5,0.3487185879
10,0.4,0.4,2,2,4,5,0.3514459336
2,0.9,0.9,1,1,9,5,0.2801485402
20,0.24907,0.2256,4.65,6.27,8.95,1.63,0.8585868561
2,0.9,0.3,1,7,9,5,0.2762066945
2,0.5,0.7,1,3,5,5,0.3063788778
2,0.3,0.1,1,7,5,5,0.2802971236
5,0.2,0.4,2,4,4,5,0.4920223527
2,0.3,0.3,1,3,1,5,0.3365305915
2,0.1,0.1,1,1,7,5,0.2848718356
2,0.3,0.5,1,5,3,5,0.3265183037
2,0.9,0.7,1,1,9,5,0.2757371133
2,0.9,0.5,1,7,5,5,0.2864280958
2,0.5,0.7,1,9,7,5,0.3025077754
2,0.1,0.7,1,9,1,5,0.3267273934
2,0.5,0.9,1,3,5,5,0.3155861979
2,0.7,0.7,1,3,7,5,0.2905491053
2,0.1,0.3,1,7,9,5,0.322136882
2,0.1,0.3,1,1,7,5,0.3236006697
2,0.9,0.5,1,1,1,5,0.3092045106
2,0.7,0.3,1,5,1,5,0.3091753965
15,0.24019,0.63565,4.46,1.4,3.86,3.03,0.6359966058
2,0.7,0.9,1,1,5,5,0.2990404789
2,0.3,0.5,1,3,9,5,0.3008398865
15,0.1,0.1,1,1,1,5,0.5702704613
2,0.9,0.3,1,1,3,5,0.2714575967
2,0.5,0.9,1,7,7,5,0.3097212084
10,0.4,0.4,2,2,2,5,0.440760479
25,0.45739,0.45352,3.11,8.29,5.77,2.08,0.7973718966
2,0.7,0.3,1,5,1,5,0.3085227575
5,0.76373,0.77902,6.23,7.14,2.79,7.3,0.5371984284
2,0.3,0.5,1,3,3,5,0.3256848656
2,0.3,0.9,1,9,7,5,0.3272937678
2,0.9,0.9,1,5,7,5,0.2928001948
10,0.1,0.1,1,1,1,5,0.5626595928
5,0.2,0.4,2,4,2,5,0.5381865556
5,0.1204,0.51381,5.57,7.09,3.79,9.36,0.5596664332
2,0.3,0.3,1,9,3,5,0.3120653599
2,0.1,0.7,1,5,9,5,0.3468137525
2,0.3,0.3,1,5,7,5,0.2935463416
5,0.4,0.4,2,2,2,5,0.4216276726
21,0.5,0.375,8,2.8,5.5,2,0.7637341171
15,0.81012,0.53394,4.63,1.45,2.68,4,0.2854634853
2,0.7,0.7,1,5,3,5,0.3090353432
2,0.9,0.5,1,7,5,5,0.2866260477
2,0.1,0.3,1,5,1,5,0.3523330174
2,0.9,0.5,1,9,9,5,0.2829779108
2,0.7,0.9,1,1,3,5,0.3115888861
15,0.6,0.6,1,1,6,5,0.07534860857
25,0.59069,0.21477,7.43,8.36,1.22,2.98,0.7995699829
2,0.9,0.9,1,3,5,5,0.2966334641
2,0.5,0.9,1,9,7,5,0.3106490574
5,0.1,0.1,1,6,6,5,0.323259212
10,0.4,0.4,4,4,4,5,0.5701927689
2,0.20592,0.30668,9.05,7.16,1.19,1.94,0.3524271112
2,0.1,0.5,1,3,5,5,0.3486932138
2,0.3,0.1,1,5,7,5,0.274121921
10,0.6,0.1,6,1,1,5,0.08985187857
2,0.1,0.7,1,9,7,5,0.3508143544
2,0.3,0.9,1,9,9,5,0.3218993856
25,0.57648,0.49421,3.56,6.55,1.71,9.13,0.7586599512
2,0.9,0.3,1,7,3,5,0.284883996
20,0.37596,0.96543,9.08,3.92,5.53,8.35,0.8152959551
2,0.1,0.1,1,3,5,5,0.296995295
2,0.9,0.3,1,5,7,5,0.2748034499
2,0.5,0.9,1,9,3,5,0.3299914495
2,0.3,0.3,1,9,1,5,0.3386013877
2,0.1,0.1,1,3,3,5,0.3076935905
5,0.6,0.6,1,1,6,5,0.2090946817
2,0.3,0.3,1,7,5,5,0.2989344918
2,0.7,0.5,1,9,9,5,0.2861579457
2,0.9,0.3,1,9,1,5,0.3058785597
2,0.1,0.3,1,3,9,5,0.3202904087
20,0.58516,0.71182,5.86,3.32,8.36,1.32,0.8998877616
10,0.1,0.1,1,6,1,5,0.6524912396
2,0.3,0.7,1,5,1,5,0.3535526994
2,0.3,0.9,1,1,9,5,0.3178835243
2,0.9,0.9,1,1,7,5,0.2840896339
10,0.24865,0.51358,1.35,4.52,2.85,4,0.6859025766
2,0.7,0.1,1,1,9,5,0.253697301
2,0.1,0.5,1,1,7,5,0.341062805
2,0.3,0.3,1,1,3,5,0.3040392796
15,0.78184,0.10527,5.85,8.34,3.32,7.86,0.4881331538
20,0.66912,0.18779,4.83,3.19,2.11,1,0.565406833
2,0.3,0.7,1,7,9,5,0.3128263412
2,0.1,0.5,1,3,3,5,0.3533852142
2,0.7,0.1,1,1,5,5,0.2571077399
2,0.7,0.9,1,9,3,5,0.3179819098
2,0.7,0.9,1,3,1,5,0.3447247076
2,0.7,0.9,1,5,5,5,0.3063866124
2,0.1,0.1,1,1,1,5,0.3332396797
2,0.5,0.7,1,5,7,5,0.3017624552
2,0.9,0.7,1,3,3,5,0.299965867
25,0.45789,0.36172,9.34,5.95,3.33,9.98,0.7509156428
21,0.5,0.375,10,2.8,5.5,4,0.6979810705
10,0.74937,0.63118,3.59,4.55,4.26,2,0.6718864732
2,0.9,0.5,1,3,1,5,0.3163384565
2,0.5,0.7,1,9,3,5,0.3206504501
2,0.9,0.3,1,1,7,5,0.2631936024
15,0.1,0.1,6,1,1,5,0.6200013837
5,0.1,0.6,1,6,1,5,0.4198281457
21,2,2,0.2,0.6,1,0.2,0.5518085844
2,0.3,0.3,1,7,7,5,0.2949430816
2,0.1,0.1,1,1,9,5,0.2806181785
2,0.1,0.9,1,3,3,5,0.3470376697
2,0.5,0.5,1,5,5,5,0.2983367365
2,0.1,0.7,1,5,3,5,0.3518155635
2,0.1,0.9,1,3,9,5,0.3514568701
25,0.90847,0.37597,7.62,1.47,6.59,8.86,0.2079357432
2,0.9,0.5,1,1,9,5,0.2690914809
10,0.2,0.4,4,2,4,5,0.6517264654
5,0.1,0.1,1,6,6,5,0.3160324299
2,0.1,0.3,1,3,1,5,0.3526005301
2,0.1,0.9,1,5,7,5,0.35331618
2,0.1,0.5,1,1,7,5,0.341363288
2,0.7,0.5,1,5,7,5,0.2861069183
2,0.5,0.1,1,7,5,5,0.2766581388
2,0.7,0.7,1,3,7,5,0.2905236939
2,0.9,0.5,1,3,1,5,0.3153122526
2,0.3,0.5,1,5,3,5,0.3272342635
10,0.2,0.2,4,2,4,5,0.4517438579
2,0.5,0.5,1,3,9,5,0.2865673009
2,0.1,0.7,1,3,5,5,0.3530672051
2,0.1,0.3,1,5,3,5,0.3462015359
20,0.44456,0.56727,2.29,2.8,2.27,3,0.6941449652
2,0.3,0.7,1,9,3,5,0.3380133813
2,0.1,0.3,1,5,5,5,0.3336356723
2,0.5,0.5,1,7,7,5,0.2941884984
2,0.1,0.7,1,9,3,5,0.3514009469
10,0.6,0.6,6,6,6,5,0.6218006065
2,0.9,0.3,1,9,5,5,0.2823184625
2,0.7,0.5,1,1,9,5,0.2723987717
2,0.5,0.3,1,1,3,5,0.2864256584
2,0.5,0.1,1,1,3,5,0.2622110681
2,0.5,0.1,1,7,5,5,0.2764113703
2,0.5,0.9,1,7,3,5,0.3307467976
2,0.9,0.5,1,9,7,5,0.2835034852
2,0.3,0.5,1,3,3,5,0.3255918437
2,0.5,0.3,1,3,5,5,0.2840619618
2,0.5,0.5,1,3,7,5,0.2900974678
10,0.2,0.4,4,2,4,5,0.6350088771
2,0.3,0.1,1,5,9,5,0.2734507569
2,0.3,0.1,1,3,7,5,0.271542101
2,0.7,0.9,1,3,7,5,0.2971015174
2,0.7,0.1,1,9,9,5,0.2741724738
2,0.7,0.5,1,3,7,5,0.2821098693
2,0.7,0.3,1,3,7,5,0.2749871608
2,0.3,0.9,1,3,1,5,0.3525161074
20,0.47337,0.86459,3.81,6.6,3.46,8.8,0.656593064
5,0.18031,0.37961,9.04,6.23,10.18,4.58,0.5854687031
2,0.9,0.5,1,5,1,5,0.3187195319
2,0.1,0.5,1,1,1,5,0.3436048371
20,0.21142,0.57889,1.64,5.17,10.73,3.47,0.6073655152
5,0.26591,0.35269,1.87,3.08,1.48,2,0.5353185992
2,0.1,0.1,1,3,1,5,0.3366558415
2,0.3,0.9,1,3,1,5,0.3527489021
2,0.1,0.5,1,7,9,5,0.3379468586
2,0.3,0.3,1,1,7,5,0.2843053403
2,0.9,0.9,1,7,1,5,0.3395454735
2,0.1,0.5,1,5,9,5,0.3379833295
2,0.7,0.3,1,3,7,5,0.2752881112
2,0.5,0.5,1,1,7,5,0.2852886009
10,0.1,0.1,6,1,6,5,0.224743675
20,0.75142,0.39503,7.35,6,3.55,4.83,0.7747666951
2,0.1,0.1,1,5,3,5,0.3088682762
2,0.3,0.5,1,7,5,5,0.3158839889
2,0.5,0.1,1,7,3,5,0.2791842694
5,0.13699,0.83766,3.59,9.63,5.58,7.44,0.5596865077
15,0.4,0.4,4,2,2,5,0.5906771264
2,0.1,0.1,1,9,1,5,0.3392971573
2,0.9,0.9,1,5,9,5,0.2884084395
2,0.7,0.7,1,3,1,5,0.3367091866
25,0.40435,0.83111,6.75,7.93,7.21,3.03,0.8604314273
2,0.1,0.5,1,3,3,5,0.3534499059
2,0.77894,0.82555,4.96,10.26,8.58,9.55,0.3210234366
2,0.1,0.1,1,1,5,5,0.2907677982
2,0.3,0.3,1,9,9,5,0.2918766845
10,0.71688,0.93017,1.86,1.22,4.05,1,0.5362791112
2,0.9,0.9,1,7,5,5,0.3001961055
16,0.5,0.375,5,2.8,5.5,5,0.5056845925
2,0.1,0.5,1,3,9,5,0.337992084
2,0.9,0.7,1,5,5,5,0.2916486372
2,0.7,0.9,1,5,1,5,0.3447096683
2,0.1,0.3,1,7,5,5,0.3335323922
2,0.9,0.7,1,5,1,5,0.3293738522
2,0.5,0.9,1,3,1,5,0.3513299835
2,0.3,0.1,1,3,3,5,0.2784478315
2,0.1,0.7,1,5,9,5,0.3472748766
25,0.46347,0.47455,1.36,4.95,2.79,3,0.1362410555
2,0.1,0.9,1,5,5,5,0.353012748
2,0.7,0.9,1,7,3,5,0.3177073673
21,0.5,0.375,9,2.8,5.5,3,0.7279339912
2,0.5,0.1,1,3,1,5,0.2859201816
2,0.7,0.3,1,1,3,5,0.2769001299
2,0.1,0.7,1,7,7,5,0.3503599042
2,0.1,0.1,1,7,5,5,0.2990972465
2,0.1,0.5,1,9,9,5,0.338550155
20,0.61759,0.74096,1.29,4.73,4.86,10.52,0.4054470017
2,0.5,0.1,1,1,1,5,0.2783476991
15,0.2,0.2,2,4,2,5,0.6691795621
20,0.49024,0.33671,1.14,2.65,4.35,4,0.1525856108
2,0.1,0.3,1,3,5,5,0.3330676249
2,0.9,0.9,1,3,7,5,0.2911943582
2,0.9,0.1,1,3,5,5,0.2630037433
2,0.7,0.1,1,1,1,5,0.2692225179
2,0.3,0.1,1,9,9,5,0.278217785
5,0.6,0.1,6,6,6,5,0.3574926966
2,0.5,0.1,1,5,5,5,0.2726184008
2,0.5,0.3,1,3,5,5,0.285244735
21,2,6,0.2,0.6,0.6,0.2,0.4842505385
2,0.7,0.1,1,9,7,5,0.2760004797
2,0.1,0.7,1,1,9,5,0.3459638895
2,0.9,0.7,1,1,3,5,0.2925534548
2,0.3,0.9,1,7,3,5,0.3455955983
2,0.7,0.3,1,5,1,5,0.3087441962
2,0.5,0.3,1,3,7,5,0.280718961
15,0.4,0.2,4,4,2,5,0.5250403412
2,0.3,0.7,1,9,5,5,0.3261430742
2,0.9,0.5,1,5,5,5,0.286375509
2,0.1,0.5,1,9,3,5,0.353448745
2,0.9,0.1,1,3,3,5,0.2653903036
25,0.98424,0.56316,1.16,8.62,7.5,2.54,0.554754861
2,0.3,0.9,1,5,1,5,0.3522239536
2,0.7,0.3,1,1,5,5,0.2678769662
21,0.5,0.375,9,2.8,5.5,4,0.678548854
2,0.1,0.7,1,1,1,5,0.3292814601
2,0.1,0.5,1,5,9,5,0.3372917117
2,0.3,0.1,1,5,9,5,0.2736903584
2,0.3,0.3,1,7,7,5,0.2945830405
2,0.1,0.1,1,9,7,5,0.2947529962
2,0.9,0.9,1,1,7,5,0.2850269753
2,0.5,0.9,1,7,9,5,0.3061288164
2,0.7,0.3,1,1,5,5,0.2692086738
2,0.82173,0.13689,10.33,6.67,9.97,10.57,0.3131475372
10,0.4,0.2,4,2,4,5,0.2430026142
20,0.42351,0.41711,8.49,8.04,2.63,3.18,0.7396197342
5,0.2,0.2,4,4,4,5,0.4774378833
2,0.9,0.5,1,7,3,5,0.2943474597
15,0.6,0.1,6,1,1,5,0.06893856908
2,0.3,0.3,1,7,7,5,0.2944230936
2,0.9,0.3,1,5,7,5,0.2746296573
2,0.7,0.7,1,1,3,5,0.3027742571
5,0.85653,0.43588,8.76,9.07,4.3,2.38,0.5788857209
2,0.1,0.3,1,1,5,5,0.331184884
2,0.9,0.5,1,3,3,5,0.2899177323
2,0.1,0.3,1,3,5,5,0.3346359483
2,0.5,0.3,1,3,1,5,0.3199295826
2,0.5,0.5,1,1,9,5,0.2809446823
15,0.2482,0.11332,8.61,4.12,8.12,6.79,0.5056792003
2,0.1,0.7,1,3,7,5,0.3504328789
5,0.1,0.1,6,1,1,5,0.4442224844
2,0.9,0.5,1,9,9,5,0.2821506198
2,0.9,0.3,1,5,9,5,0.2742404091
2,0.1,0.5,1,5,1,5,0.3410934276
15,0.1,0.6,6,1,6,5,0.7047146174
2,0.9,0.7,1,9,3,5,0.3034415462
5,0.93301,0.28295,10.85,3.38,9.5,9.34,0.3426434065
2,0.7,0.9,1,7,1,5,0.3451359697
2,0.7,0.9,1,5,9,5,0.2957097982
2,0.9,0.5,1,7,7,5,0.283918485
15,0.4074,0.30471,7.52,9.08,10.2,1.25,0.9876275349
21,2,2,0.2,0.2,0.2,0.6,0.6047367508
15,0.6,0.1,1,1,6,5,0.04017294208
2,0.7,0.1,1,9,7,5,0.2765026159
2,0.3,0.1,1,9,5,5,0.2800190057
2,0.7,0.5,1,5,9,5,0.2825292085
2,0.9,0.5,1,9,5,5,0.2874075137
2,0.7,0.7,1,7,3,5,0.3099817391
2,0.1,0.9,1,3,7,5,0.3533083477
2,0.48896,0.55662,1.64,2.9,1.46,6.26,0.3355654233
5,0.6,0.6,6,6,6,5,0.5022624935
2,0.7,0.1,1,7,9,5,0.2730520872
2,0.3,0.7,1,9,1,5,0.3535517628
5,0.4,0.2,4,4,2,5,0.4485396769
5,0.2,0.2,2,4,4,5,0.420262865
2,0.3,0.3,1,7,1,5,0.3380646227
2,0.1,0.1,1,9,9,5,0.2917579731
5,0.62734,0.7024,9.64,2.1,4.16,7.04,0.4553180829
2,0.3,0.1,1,1,3,5,0.2710230163
10,0.97145,0.43162,10.99,1.47,3.13,9.68,0.1733319096
2,0.1,0.9,1,1,3,5,0.3471312228
2,0.9,0.3,1,9,3,5,0.2875384866
10,0.6,0.6,1,1,1,5,0.5652457145
2,0.3,0.7,1,1,9,5,0.3076234978
2,0.7,0.7,1,7,9,5,0.2903806913
2,0.1,0.9,1,9,7,5,0.3533013322
2,0.7,0.7,1,5,7,5,0.2937837399
2,0.3,0.9,1,5,3,5,0.3454146635
15,0.16286,0.21018,2.69,3.56,1.46,8.39,0.6406428793
2,0.1,0.9,1,3,1,5,0.3142891504
2,0.18816,0.43243,3.63,9.69,1.54,7.19,0.3535284468
20,0.52488,0.9255,4.72,1.55,7.62,2.78,0.6271664474
2,0.7,0.1,1,9,7,5,0.275872179
15,0.6,0.1,1,6,1,5,0.2718635824
2,0.1,0.1,1,7,7,5,0.2930541349
2,0.5,0.7,1,5,3,5,0.3198278871
2,0.7,0.1,1,1,9,5,0.253428811
2,0.7,0.7,1,3,7,5,0.2912282606
2,0.9,0.1,1,9,1,5,0.2855465396
2,0.5,0.7,1,7,7,5,0.3022232633
2,0.7,0.5,1,9,9,5,0.2850969497
2,0.9,0.3,1,9,7,5,0.2804859055
2,0.9,0.1,1,1,9,5,0.2527056858
2,0.1,0.1,1,1,7,5,0.2837349044
2,0.1,0.7,1,1,5,5,0.3531436715
2,0.7,0.5,1,5,5,5,0.2913799082
10,0.45627,0.94308,7.84,6.39,9.38,5.03,0.7123489026
10,0.4,0.2,2,2,4,5,0.2562768812
2,0.7,0.3,1,9,3,5,0.2916537708
2,0.3,0.3,1,7,9,5,0.2901274444
25,0.49706,0.11208,1.04,6.94,5.98,5.24,0.3388151401
10,0.31754,0.37591,6.02,3.12,9.8,3.8,0.5371924893
5,0.1,0.6,6,1,6,5,0.5524380644
10,0.2,0.2,2,2,2,5,0.5012798841
2,0.3,0.5,1,3,5,5,0.3122161776
15,0.2,0.2,2,4,2,5,0.6276493739
10,0.4,0.4,2,4,4,5,0.4566157558
5,0.1,0.6,1,1,6,5,0.5390972446
2,0.3,0.7,1,9,7,5,0.3201941384
5,0.6,0.6,6,1,1,5,0.4637447411
2,0.7,0.3,1,1,3,5,0.2761508453
5,0.2,0.4,4,2,2,5,0.5425458602
2,0.5,0.5,1,3,1,5,0.3368106666
2,0.7,0.7,1,3,5,5,0.296409481
21,2,10,0.2,0.6,0.6,0.2,0.4375975929
5,0.2,0.4,2,2,2,5,0.5341969037
20,0.61238,0.3356,1.7,2.32,1.17,3,0.2175850164
5,0.1,0.6,6,6,6,5,0.5811521788
2,0.7,0.7,1,3,5,5,0.2970640264
2,0.3,0.3,1,3,3,5,0.305994918
2,0.3,0.3,1,9,9,5,0.2915722723
20,0.53004,0.49293,6.79,3.87,7.21,1.41,0.8902632559
2,0.9,0.1,1,7,5,5,0.272041826
2,0.7,0.9,1,5,9,5,0.2955357049
2,0.7,0.5,1,1,3,5,0.2904909665
2,0.7,0.5,1,5,1,5,0.3273495878
2,0.7,0.3,1,3,3,5,0.2836515651
20,0.98944,0.14087,6.66,7.39,3.28,6.7,0.383776768
2,0.3,0.5,1,3,7,5,0.3067408453
2,0.5,0.5,1,5,5,5,0.297799718
10,0.57165,0.52409,10.84,7.43,3.28,1.93,0.7607941111
2,0.3,0.5,1,1,9,5,0.294406533
2,0.7,0.5,1,5,5,5,0.2903347253
2,0.5,0.3,1,3,9,5,0.2769211687
15,0.6,0.6,6,6,6,5,0.638059077
2,0.7,0.7,1,3,7,5,0.2901709873
2,0.1,0.5,1,5,1,5,0.3405459246
10,0.36781,0.4785,2.83,10.97,10.93,10.39,0.4343701974
5,0.2,0.2,4,2,4,5,0.4095683346
21,0.5,0.375,3,2.8,5.5,9,0.3557610905
2,0.9,0.7,1,7,7,5,0.29096047
2,0.9,0.5,1,3,9,5,0.2763265762
2,0.5,0.5,1,9,3,5,0.3106029069
2,0.9,0.9,1,7,7,5,0.293868238
2,0.1,0.5,1,7,9,5,0.337886038
5,0.95062,0.37915,4.64,9.44,5.37,5.68,0.4863477298
2,0.5,0.5,1,7,9,5,0.2911695881
2,0.1,0.9,1,7,7,5,0.3533617426
10,0.1,0.1,6,6,6,5,0.6230834966
2,0.5,0.9,1,5,7,5,0.309419367
2,0.7,0.7,1,9,9,5,0.2902337471
2,0.1,0.5,1,7,1,5,0.3387210892
2,0.9,0.9,1,1,5,5,0.2904208053
2,0.3,0.5,1,9,7,5,0.3079215817
2,0.5,0.9,1,1,1,5,0.3481636259
2,0.9,0.7,1,9,9,5,0.2871116615
2,0.3,0.5,1,1,7,5,0.3000648028
15,0.4,0.4,4,2,2,5,0.6002354503
5,0.41928,0.60298,1.3,2.44,3.87,3,0.4187776257
2,0.3,0.1,1,3,9,5,0.26905601
15,0.4,0.4,4,4,4,5,0.6557606894
15,0.1,0.6,6,1,6,5,0.6016998495
2,0.7,0.1,1,5,7,5,0.2690846336
2,0.1,0.9,1,5,9,5,0.351621102
2,0.1,0.9,1,5,3,5,0.3463024074
2,0.5,0.7,1,7,7,5,0.3020983869
2,0.3,0.7,1,3,1,5,0.3534598166
2,0.7,0.1,1,1,7,5,0.2557899501
2,0.5,0.9,1,7,3,5,0.3301975739
15,0.2,0.4,4,4,2,5,0.6856642338
2,0.5,0.9,1,7,5,5,0.3177351609
15,0.1,0.6,6,6,6,5,0.6776547109
2,0.5,0.9,1,9,1,5,0.352050328
2,0.5,0.5,1,9,9,5,0.2917094464
2,0.7,0.5,1,7,1,5,0.3274260479
2,0.5,0.9,1,9,1,5,0.3519439103
2,0.3,0.3,1,5,7,5,0.2923727389
2,0.3,0.7,1,7,5,5,0.3259589354
2,0.9,0.3,1,1,5,5,0.2640020915
25,0.8045,0.32876,9.28,4.34,7.79,10.16,0.4388066325
2,0.9,0.3,1,9,7,5,0.278986285
15,0.1,0.1,1,6,6,5,0.3092308966
2,0.7,0.9,1,9,1,5,0.3460305776
10,0.1,0.6,1,1,1,5,0.4378941233
15,0.1,0.6,6,1,6,5,0.6291617559
2,0.9,0.7,1,3,1,5,0.3278234339
2,0.1,0.5,1,7,7,5,0.3431723553
25,0.31793,0.12924,6.16,8.62,3.19,10.44,0.6549971398
2,0.9,0.7,1,3,9,5,0.2818581135
2,0.1,0.5,1,9,5,5,0.349065544
2,0.1,0.5,1,5,9,5,0.337815085
2,0.7,0.1,1,5,9,5,0.2694097489
2,0.7,0.7,1,5,5,5,0.2991226568
2,0.3,0.9,1,1,3,5,0.3431401346
2,0.1,0.7,1,9,3,5,0.3516236543
2,0.1,0.9,1,1,3,5,0.3474302916
2,0.9,0.3,1,1,9,5,0.2603059463
2,0.7,0.5,1,5,5,5,0.2904213218
2,0.5,0.3,1,7,7,5,0.2856060645
15,0.55477,0.65627,5.25,6.28,1.18,9.59,0.6152400461
2,0.3,0.9,1,5,1,5,0.3526125072
2,0.3,0.9,1,5,3,5,0.3456999346
5,0.2,0.2,4,2,2,5,0.4527805501
2,0.9,0.5,1,1,5,5,0.2749266174
15,0.4,0.4,2,2,2,5,0.555487568
2,0.5,0.9,1,7,5,5,0.3175318375
5,0.98456,0.12248,2.8,2.52,1.38,2,0.1823607632
2,0.3,0.3,1,5,3,5,0.3091157508
2,0.3,0.3,1,7,9,5,0.2903336295
10,0.2,0.2,4,2,4,5,0.4399595525
2,0.7,0.9,1,1,7,5,0.294208836
2,0.3,0.5,1,9,9,5,0.3034975543
2,0.3,0.7,1,3,1,5,0.3534736562
2,0.3,0.7,1,7,5,5,0.3257486935
25,0.19784,0.88402,3.98,4.94,3.02,2,0.4994482777
5,0.68357,0.76178,4.06,1.18,3.77,2,0.4170241193
2,0.3,0.7,1,7,7,5,0.3187691212
2,0.5,0.9,1,1,3,5,0.3240131238
2,0.1,0.3,1,9,1,5,0.3528243738
2,0.1,0.9,1,1,1,5,0.3178040143
2,0.3,0.5,1,7,3,5,0.3272909515
21,0.1,0.1,1,10,100,1,0.5427941744
25,0.69885,0.19617,3.89,2.07,2.08,3,0.0317498318
2,0.3,0.3,1,1,5,5,0.2911236147
2,0.7,0.9,1,5,3,5,0.3183174824
2,0.1,0.1,1,3,1,5,0.3366840521
2,0.3,0.9,1,1,3,5,0.3431316484
2,0.3,0.1,1,5,7,5,0.2751479393
2,0.9,0.3,1,3,9,5,0.2703440986
2,0.9,0.9,1,3,3,5,0.307341783
2,0.5,0.1,1,5,7,5,0.2717472092
2,0.1,0.7,1,7,3,5,0.3515084862
2,0.1,0.9,1,1,9,5,0.3509949384
2,0.9,0.5,1,5,7,5,0.2817977619
2,0.3,0.3,1,5,1,5,0.3379107441
2,0.9,0.5,1,7,7,5,0.282518719
2,0.5,0.5,1,9,1,5,0.3395314827
2,0.1,0.5,1,9,7,5,0.3437280612
21,0.1,0.1,1,100,100,1,0.6665702685
2,0.9,0.3,1,7,3,5,0.2850266859
2,0.5,0.7,1,3,7,5,0.2998519514
2,0.3,0.9,1,7,9,5,0.3217424589
2,0.7,0.7,1,7,9,5,0.2898510292
15,0.38077,0.46525,1.66,3.88,2.97,4,0.5076925068
20,0.83139,0.11356,3.26,2.83,1.15,2,0.1688075182
2,0.3,0.5,1,3,3,5,0.3256172504
2,0.1,0.5,1,9,9,5,0.3385830188
2,0.7,0.9,1,1,3,5,0.3120780182
15,0.17711,0.63046,10.8,6.08,4.35,3.37,0.6004679648
2,0.9,0.1,1,7,9,5,0.2721599072
10,0.1,0.1,1,6,6,5,0.3330798109
2,0.5,0.3,1,7,3,5,0.2960778947
20,0.80623,0.1119,1.1,3.96,7.61,1.67,0.1379743343
2,0.1,0.3,1,9,3,5,0.3452631575
2,0.7,0.7,1,5,9,5,0.2903956136
2,0.7,0.1,1,3,5,5,0.2653162398
5,0.40789,0.93537,5.98,6.07,2.33,8.61,0.5682405205
10,0.2,0.2,4,4,4,5,0.6133860393
2,0.9,0.9,1,3,9,5,0.2865450268
2,0.5,0.7,1,3,9,5,0.2941246526
2,0.7,0.1,1,7,7,5,0.2725019615
15,0.1,0.6,6,6,6,5,0.6423429666
2,0.9,0.7,1,3,9,5,0.282220582
2,0.7,0.7,1,7,1,5,0.3384611451
5,0.2,0.2,2,2,4,5,0.3477971809
2,0.1,0.3,1,1,5,5,0.3324095461
10,0.17267,0.97275,7.96,2.93,9.98,3.66,0.6916998308
2,0.9,0.3,1,9,3,5,0.2868937002
2,0.1,0.3,1,7,7,5,0.3263554697
5,0.4,0.2,4,2,2,5,0.3270874419
2,0.9,0.3,1,7,7,5,0.2777277892
2,0.1,0.7,1,5,9,5,0.3472275487
21,2,2,0.2,0.2,0.6,0.2,0.5615641609
10,0.6,0.1,6,6,1,5,0.3674763602
2,0.1,0.3,1,3,7,5,0.3256930682
2,0.9,0.1,1,9,9,5,0.2765018235
2,0.7,0.3,1,7,5,5,0.2835520489
2,0.1,0.1,1,3,7,5,0.2907882011
2,0.7,0.9,1,3,7,5,0.2977133887
2,0.7,0.1,1,5,1,5,0.2850054764
2,0.7,0.1,1,7,5,5,0.2740277615
2,0.3,0.7,1,7,3,5,0.3384212621
2,0.9,0.1,1,5,9,5,0.2684438789
2,0.1,0.5,1,3,7,5,0.342869534
2,0.1,0.3,1,7,3,5,0.3450309883
2,0.1,0.7,1,3,3,5,0.3522174484
2,0.9,0.3,1,1,5,5,0.2660469319
2,0.7,0.7,1,5,3,5,0.308481617
2,0.9,0.7,1,9,1,5,0.3309527835
10,0.2,0.4,2,4,4,5,0.6220729939
2,0.9,0.3,1,5,3,5,0.2835393176
10,0.6,0.1,1,6,1,5,0.3103235155
10,0.4,0.4,4,2,2,5,0.5460371527
10,0.6,0.1,6,6,6,5,0.3954866173
2,0.5,0.9,1,1,3,5,0.3251205455
2,0.3,0.7,1,5,5,5,0.3258662267
2,0.9,0.3,1,7,5,5,0.2808338116
2,0.9,0.5,1,7,3,5,0.2944961313
25,0.47195,0.63349,2.68,1.2,1.19,1,0.6534918113
5,0.1,0.6,6,6,1,5,0.3868889701
2,0.1,0.1,1,5,5,5,0.2985965909
10,0.54105,0.47089,1.05,3.2,4.94,4,0.2846961511
2,0.7,0.5,1,7,7,5,0.2869385164
2,0.5,0.3,1,5,9,5,0.278727376
2,0.7,0.9,1,9,5,5,0.3086561185
2,0.1,0.7,1,3,9,5,0.3470186528
2,0.5,0.1,1,9,7,5,0.2763139102
5,0.4,0.4,2,2,2,5,0.4138372527
2,0.1,0.1,1,9,3,5,0.3116728158
10,0.1,0.1,6,6,1,5,0.5809447638
2,0.9,0.9,1,5,7,5,0.292950642
2,0.9,0.5,1,7,9,5,0.2812627857
5,0.27043,0.99251,7.61,3.64,10.02,6.02,0.5581730549
2,0.5,0.3,1,5,9,5,0.280772857
5,0.1,0.1,1,1,1,5,0.4718482529
2,0.9,0.5,1,5,7,5,0.2797881387
2,0.7,0.5,1,3,7,5,0.2823433897
2,0.3,0.3,1,5,7,5,0.2930563429
2,0.7,0.9,1,5,1,5,0.3460452727
2,0.1,0.5,1,5,9,5,0.3387340014
2,0.1,0.9,1,9,3,5,0.3456531582
2,0.3,0.9,1,3,5,5,0.3341750448
10,0.24561,0.34839,4.99,1.45,2.26,1,0.6626842395
5,0.4,0.4,2,4,4,5,0.4242605893
2,0.5,0.1,1,7,9,5,0.2732773182
2,0.69131,0.16727,2.94,5.01,8.92,3.84,0.3061445544
2,0.3,0.3,1,1,9,5,0.2815079089
2,0.5,0.9,1,5,7,5,0.3089800458
10,0.55819,0.45757,1.84,8.26,4.58,5.06,0.5084255451
2,0.1,0.5,1,5,9,5,0.3375785739
15,0.24234,0.14096,5.58,1.98,1.96,5.49,0.4596038756
5,0.6,0.1,6,1,6,5,0.1260807132
2,0.3,0.9,1,3,5,5,0.3332925911
2,0.3,0.9,1,1,3,5,0.3435647596
2,0.7,0.7,1,7,7,5,0.2940953159
2,0.1,0.5,1,5,7,5,0.3426646007
2,0.9,0.7,1,1,5,5,0.284130438
2,0.5,0.9,1,5,1,5,0.3518694935
2,0.1,0.3,1,5,7,5,0.3270710156
2,0.9,0.1,1,3,9,5,0.2629225253
2,0.5,0.7,1,7,7,5,0.302385076
2,0.7,0.3,1,9,5,5,0.2839969821
25,0.87438,0.82829,1.58,5.28,8,5.46,0.3193234413
2,0.7,0.7,1,7,5,5,0.2993508456
25,0.88669,0.51315,3.82,6.76,5.49,7.76,0.5086146694
2,0.5,0.5,1,9,9,5,0.2910021452
2,0.5,0.9,1,3,5,5,0.3159047424
2,0.3,0.1,1,5,5,5,0.2774029574
2,0.1,0.7,1,5,1,5,0.3267242612
2,0.5,0.7,1,1,9,5,0.2907789042
2,0.9,0.9,1,3,1,5,0.3361816357
2,0.7,0.9,1,7,7,5,0.3013424916
2,0.5,0.5,1,5,9,5,0.2885190682
5,0.65231,0.82437,8.3,2.39,4.29,10.17,0.443787823
2,0.9,0.3,1,5,5,5,0.2781441103
15,0.4,0.4,2,2,4,5,0.2759696134
2,0.9,0.3,1,1,1,5,0.290987429
20,0.48477,0.23779,6.83,1.1,5.16,6.4,0.1955348352
25,0.7596,0.7721,4.46,4.1,4.8,3,0.7446899018
2,0.3,0.5,1,7,3,5,0.3269635727
2,0.3,0.3,1,7,9,5,0.2913241082
5,0.6,0.1,1,1,6,5,0.1088804719
5,0.4,0.2,2,4,4,5,0.3624499515
2,0.7,0.7,1,5,1,5,0.3376785666
2,0.1,0.7,1,9,9,5,0.3474205867
2,0.5,0.3,1,1,7,5,0.2728954402
2,0.3,0.7,1,9,1,5,0.3535507199
2,0.1,0.5,1,1,7,5,0.3413745968
5,0.6,0.1,1,6,6,5,0.2454923217
2,0.9,0.7,1,9,7,5,0.2882378581
2,0.7,0.1,1,5,1,5,0.2830826924
2,0.1,0.3,1,1,9,5,0.3173097249
5,0.74881,0.85845,2.3,9.09,2.78,2.8,0.5427786268
20,0.85632,0.54797,5.38,8.9,6.86,8.8,0.5946666221
2,0.9,0.9,1,1,7,5,0.2857956895
15,0.37832,0.99042,5.02,9.87,10.45,10.62,0.6288106446
2,0.9,0.5,1,7,1,5,0.3199881146
25,0.9949,0.89399,8.06,5.13,4.74,2.96,0.8910089956
2,0.7,0.1,1,9,9,5,0.2764969273
20,0.81769,0.52161,1.72,2.5,4.99,4,0.09132296814
2,0.5,0.9,1,3,5,5,0.3146648006
2,0.5,0.3,1,1,9,5,0.2701797893
2,0.9,0.7,1,7,5,5,0.2951036778
2,0.7,0.1,1,9,5,5,0.2779418609
2,0.5,0.7,1,9,9,5,0.2992665249
2,0.1,0.1,1,7,1,5,0.3387917159
2,0.9,0.1,1,9,1,5,0.2861163161
2,0.9,0.9,1,1,3,5,0.3012088547
2,0.5,0.1,1,3,9,5,0.2647600063
5,0.1,0.6,6,1,6,5,0.5598545475
2,0.3,0.3,1,5,3,5,0.3097051983
2,0.9,0.5,1,7,3,5,0.2943206183
2,0.5,0.5,1,7,3,5,0.310601969
2,0.7,0.7,1,5,3,5,0.310157827
2,0.3,0.1,1,3,1,5,0.3000505888
2,0.3,0.3,1,7,7,5,0.2940038665
2,0.3,0.3,1,7,3,5,0.3107148671
10,0.1,0.1,1,1,6,5,0.1628802269
2,0.3,0.7,1,9,5,5,0.3272674824
2,0.3,0.7,1,3,5,5,0.323794015
2,0.9,0.9,1,9,1,5,0.3396000564
10,0.1,0.6,1,1,6,5,0.6240053323
10,0.72302,0.43491,2.01,1.76,2.73,1,0.2038178518
2,0.9,0.3,1,1,7,5,0.2630373411
2,0.5,0.9,1,9,7,5,0.3110839996
10,0.75741,0.1778,10.33,10.79,10.71,2.96,0.7623455054
2,0.1,0.5,1,3,1,5,0.3399206373
2,0.5,0.7,1,1,7,5,0.2946019407
2,0.9,0.3,1,7,3,5,0.2851306505
2,0.88809,0.70873,9.69,9.06,6.94,5.11,0.3424686014
5,0.1,0.6,6,6,1,5,0.38409265
2,0.1,0.7,1,7,9,5,0.3471358652
21,0.5,0.375,6,2.8,5.5,10,0.4333454058
10,0.45714,0.99675,4.78,9.89,6.02,5.06,0.7273006002
10,0.72394,0.71618,6.06,8.95,6.67,2.43,0.7812427827
2,0.3,0.7,1,9,9,5,0.3137395517
2,0.9,0.7,1,7,7,5,0.2891390425
20,0.74637,0.91151,4.79,1.48,2.1,1,0.6610952307
2,0.7,0.1,1,7,5,5,0.2742558678
2,0.5,0.1,1,5,5,5,0.2722338477
2,0.1,0.3,1,5,9,5,0.3223926388
2,0.3,0.1,1,9,9,5,0.2781641266
5,0.6,0.6,1,6,6,5,0.3168605015
10,0.2,0.4,4,4,4,5,0.6625264496
5,0.4,0.2,2,2,4,5,0.256043276
2,0.7,0.9,1,7,3,5,0.3179003776
5,0.4,0.4,2,2,4,5,0.3431718319
2,0.3,0.3,1,1,5,5,0.2899719753
10,0.6,0.6,1,6,1,5,0.6656557223
2,0.28923,0.34831,8.43,6.41,8.9,6.94,0.3372747862
2,0.7,0.1,1,1,9,5,0.2532879755
2,0.9,0.3,1,9,7,5,0.2792720554
2,0.9,0.9,1,7,1,5,0.3385075422
21,0.5,0.375,8,2.8,5.5,9,0.4998171337
20,0.24964,0.41487,5.05,4.15,9.92,4.41,0.6647076819
2,0.7,0.5,1,3,1,5,0.3261833199
15,0.64614,0.84573,9.63,8.28,10.23,7.86,0.6979430402
2,0.7,0.3,1,3,5,5,0.2764593765
5,0.6,0.1,6,6,1,5,0.3878062536
2,0.5,0.5,1,5,5,5,0.2979492281
2,0.9,0.1,1,5,3,5,0.2713521847
2,0.7,0.5,1,9,7,5,0.287781572
2,0.1,0.1,1,1,7,5,0.2846376878
2,0.3,0.7,1,9,9,5,0.3129179018
2,0.1,0.7,1,1,1,5,0.3304565602
2,0.5,0.3,1,7,1,5,0.3227215399
2,0.7,0.3,1,9,5,5,0.2836716444
2,0.5,0.9,1,5,7,5,0.3095387634
2,0.5,0.7,1,1,3,5,0.3148976254
2,0.5,0.1,1,7,1,5,0.292673219
2,0.5,0.3,1,5,9,5,0.2807272331
20,0.52924,0.83624,2.69,2.99,3.85,3,0.6208634206
2,0.66986,0.37447,7.69,9.7,10.09,4.77,0.3355236946
2,0.7,0.3,1,7,3,5,0.2899661879
2,0.51713,0.15758,4.32,1.69,1.78,2,0.3033120918
2,0.9,0.5,1,9,3,5,0.294119474
2,0.1,0.5,1,5,5,5,0.3490208911
5,0.69372,0.95505,2.06,9.68,10.47,3.34,0.4563581588
2,0.3,0.1,1,7,5,5,0.2807976286
2,0.3,0.9,1,5,7,5,0.3266727582
2,0.3,0.9,1,3,7,5,0.3263221729
2,0.1,0.9,1,7,7,5,0.353390223
2,0.3,0.3,1,3,9,5,0.2873890442
2,0.1,0.3,1,9,5,5,0.3353142238
21,0.1,1,1,1,1,100,0.3495865079
2,0.5,0.3,1,5,1,5,0.3213957542
2,0.1,0.5,1,1,3,5,0.3531141867
2,0.7,0.5,1,1,1,5,0.3210403404
21,0.1,1,1,10,100,1,0.75550539
2,0.7,0.3,1,7,9,5,0.2770969573
2,0.1,0.1,1,1,9,5,0.2811636996
2,0.9,0.9,1,1,1,5,0.3341454483
2,0.1,0.3,1,9,1,5,0.352191922
2,0.9,0.7,1,7,5,5,0.2924188879
2,0.9,0.1,1,5,9,5,0.2691086438
5,0.6,0.1,6,1,1,5,0.1546139223
21,0.5,0.375,1,2.8,5.5,3,0.3562102615
2,0.5,0.3,1,3,1,5,0.3184809061
2,0.3,0.3,1,1,1,5,0.3335979505
2,0.7,0.9,1,9,3,5,0.3193886771
2,0.1,0.3,1,7,5,5,0.3346546781
2,0.7,0.5,1,1,9,5,0.273874153
11,0.5,0.375,5,2.8,5.5,5,0.4678161367
2,0.7,0.1,1,5,3,5,0.2734944609
2,0.5,0.3,1,9,9,5,0.2839673949
2,0.7,0.9,1,5,3,5,0.3174639832
2,0.9,0.3,1,9,3,5,0.2869043963
2,0.9,0.7,1,5,9,5,0.2853162226
2,0.5,0.1,1,9,1,5,0.2943296165
2,0.5,0.3,1,5,1,5,0.3205954578
2,0.1,0.3,1,9,9,5,0.3212388751
2,0.1,0.5,1,7,5,5,0.3491324849
25,0.45139,0.25217,8.63,10.04,6.53,5.89,0.8067041409
2,0.7,0.7,1,1,5,5,0.2910188509
2,0.1,0.7,1,9,7,5,0.3506579838
2,0.1,0.3,1,1,9,5,0.316757508
2,0.1,0.9,1,7,7,5,0.3533314122
2,0.9,0.3,1,3,3,5,0.2800921248
2,0.5,0.7,1,1,7,5,0.2954861119
2,0.5,0.9,1,3,5,5,0.3161719764
5,0.6,0.6,1,6,1,5,0.5109962454
2,0.9,0.7,1,1,3,5,0.2937928004
2,0.1,0.3,1,5,3,5,0.3450519831
20,0.20763,0.13157,2.07,4.08,1.93,3,0.5418631434
2,0.60563,0.29037,4.87,8.54,7.36,5.06,0.3247913196
15,0.4,0.2,4,4,4,5,0.4432214691
2,0.7,0.1,1,1,1,5,0.2709522896
10,0.1,0.1,6,6,1,5,0.6543679834
2,0.5,0.1,1,3,5,5,0.2682277592
2,0.7,0.3,1,3,7,5,0.2748284592
2,0.9,0.9,1,5,9,5,0.2891263103
2,0.5,0.5,1,5,7,5,0.2932495548
10,0.1,0.6,6,6,6,5,0.6357717018
15,0.4,0.4,4,2,4,5,0.378058495
2,0.5,0.7,1,3,7,5,0.3008712228
2,0.3,0.9,1,5,5,5,0.3348008997
21,0.1,1,1,10,1,10,0.3569486035
2,0.5,0.1,1,1,3,5,0.2618153677
2,0.7,0.1,1,9,7,5,0.2765299418
15,0.6,0.6,1,1,6,5,0.1092541983
2,0.7,0.3,1,7,1,5,0.3117830998
2,0.1,0.1,1,1,5,5,0.2910596261
2,0.3,0.7,1,7,3,5,0.3388565438
5,0.17648,0.91272,4.23,3.66,4.13,2,0.5065758032
2,0.5,0.7,1,7,3,5,0.3208688952
2,0.9,0.3,1,9,9,5,0.2777020583
2,0.3,0.3,1,1,9,5,0.2814769736
2,0.7,0.7,1,1,9,5,0.2816251725
21,2,10,0.2,1,0.6,0.2,0.4359776649
5,0.4,0.2,4,2,4,5,0.3192217807
15,0.92092,0.41011,3.26,2.59,2.36,4,0.2348820111
2,0.5,0.5,1,7,7,5,0.2934610493
2,0.3,0.7,1,3,9,5,0.3118087208
2,0.5,0.1,1,5,9,5,0.2701542739
2,0.5,0.5,1,9,5,5,0.3004116435
2,0.7,0.5,1,1,5,5,0.2813490958
5,0.31644,0.63549,1.79,2.03,1.82,6.09,0.5240695175
2,0.7,0.7,1,9,3,5,0.3111797327
20,0.9848,0.98576,1.17,4.82,2.79,4,0.2652035781
5,0.1,0.6,6,1,6,5,0.5656460998
2,0.7,0.5,1,7,5,5,0.2911077769
2,0.7,0.1,1,1,7,5,0.2548204782
15,0.44195,0.67835,6.24,8.98,1.43,5.17,0.5697439808
2,0.3,0.7,1,7,9,5,0.3129038518
2,0.3,0.9,1,3,7,5,0.3250874769
15,0.4,0.4,4,4,2,5,0.6667395193
2,0.3,0.1,1,7,9,5,0.2769714085
2,0.5,0.5,1,9,9,5,0.2910837758
2,0.5,0.7,1,3,5,5,0.3065343096
10,0.2,0.2,4,2,4,5,0.4952772327
2,0.7,0.3,1,5,7,5,0.2770155881
2,0.9,0.3,1,5,9,5,0.2741743315
2,0.7,0.1,1,5,5,5,0.2716725308
2,0.7,0.5,1,7,1,5,0.328123346
2,0.9,0.1,1,5,5,5,0.2705736113
5,0.1,0.1,6,1,1,5,0.4465186437
2,0.5,0.7,1,5,3,5,0.3210491567
2,0.9,0.7,1,3,1,5,0.329659596
2,0.1,0.7,1,1,7,5,0.350124223
15,0.1,0.6,6,1,1,5,0.4382897213
5,0.6,0.6,6,1,6,5,0.2757669844
10,0.89856,0.11262,7.22,7.39,3.73,7.34,0.3562259197
2,0.3,0.7,1,7,7,5,0.3191090717
2,0.1,0.1,1,5,9,5,0.2891178837
2,0.9,0.5,1,9,5,5,0.2893095362
2,0.5,0.7,1,3,1,5,0.3467354547
2,0.1,0.1,1,1,9,5,0.2811459564
2,0.5,0.1,1,9,7,5,0.2757677252
2,0.1,0.7,1,3,5,5,0.3532316212
2,0.7,0.7,1,1,1,5,0.3329467452
2,0.1,0.9,1,5,1,5,0.3149432594
5,0.6,0.1,1,1,6,5,0.1101227972
2,0.1,0.3,1,5,1,5,0.3519943692
15,0.4,0.2,2,2,4,5,0.2553610004
2,0.7,0.1,1,7,5,5,0.2741436256
2,0.5,0.5,1,1,1,5,0.332865886
2,0.9,0.7,1,7,7,5,0.2884213437
20,0.65868,0.19493,9.14,9.75,7.03,9.04,0.6685399339
2,0.5,0.1,1,7,1,5,0.292591657
2,0.5,0.7,1,1,1,5,0.3441356041
2,0.5,0.9,1,9,9,5,0.3053502883
2,0.7,0.1,1,3,5,5,0.2649772491
15,0.1,0.6,1,6,1,5,0.4164665398
2,0.5,0.7,1,7,5,5,0.3093928956
15,0.6,0.6,1,1,6,5,0.0829522531
2,0.1,0.7,1,9,3,5,0.3513237051
2,0.1,0.3,1,7,3,5,0.3465515874
2,0.1,0.3,1,5,5,5,0.3340176545
2,0.3,0.5,1,5,3,5,0.3269419714
2,0.9,0.7,1,1,1,5,0.3240417758
2,0.9,0.5,1,5,3,5,0.2939945647
2,0.7,0.1,1,7,7,5,0.2742677515
2,0.1,0.3,1,3,9,5,0.3191860414
5,0.4,0.2,4,2,4,5,0.3094971215
2,0.34802,0.67923,2.2,1.22,2.81,2,0.3440006992
2,0.7,0.5,1,5,7,5,0.2861261392
2,0.3,0.3,1,5,7,5,0.2914872824
2,0.7,0.3,1,3,5,5,0.277197694
2,0.5,0.9,1,1,3,5,0.3246845603
15,0.16346,0.27288,3.03,6.05,4.6,4.21,0.7001813732
2,0.7,0.1,1,3,7,5,0.2637315988
2,0.9,0.5,1,5,1,5,0.3194062089
10,0.41822,0.20356,1.47,9.54,1.36,4.37,0.5975519453
2,0.9,0.5,1,9,7,5,0.2844215169
10,0.74731,0.19232,9.01,9.39,9.62,7.66,0.6152194274
2,0.5,0.7,1,3,3,5,0.3177838825
2,0.9,0.3,1,5,7,5,0.2755431691
20,0.28699,0.17512,9.69,1.13,1.5,8.82,0.2580492399
2,0.33722,0.60749,1.43,3.37,1.49,3,0.3495441101
5,0.47582,0.75724,2.76,5.31,1.84,6.59,0.5400006311
10,0.2,0.4,4,2,4,5,0.6367099145
2,0.7,0.3,1,7,3,5,0.2877183629
10,0.97132,0.40601,9.4,10.35,4.94,8.84,0.652774343
2,0.1,0.3,1,3,9,5,0.3198183673
2,0.79755,0.10861,8.96,7.21,3.7,10.67,0.3120655436
21,0.5,0.375,9,2.8,5.5,5,0.6356984432
2,0.7,0.5,1,9,3,5,0.3016705747
2,0.5,0.5,1,7,5,5,0.299708365
2,0.1,0.3,1,1,5,5,0.3319523354
2,0.7,0.9,1,9,3,5,0.3193820756
10,0.2,0.2,2,4,2,5,0.6092807778
5,0.96161,0.61006,1.47,1.83,10.94,8.53,0.1898405741
2,0.9,0.3,1,3,1,5,0.2984267806
2,0.7,0.1,1,7,7,5,0.273492335
5,0.4,0.4,2,4,2,5,0.4794662005
2,0.3,0.5,1,1,9,5,0.2964168835
15,0.4,0.2,4,2,4,5,0.3702328991
20,0.6891,0.91561,3.53,2.96,2.5,4,0.7639888183
10,0.6,0.6,1,6,6,5,0.3166540313
2,0.9,0.5,1,7,7,5,0.2845782253
5,0.56926,0.45717,4.95,4.52,10.37,5.37,0.4426106116
5,0.1,0.1,1,6,1,5,0.5089538704
2,0.3,0.5,1,1,1,5,0.3483122345
2,0.5,0.5,1,7,7,5,0.2943675108
2,0.1,0.9,1,7,5,5,0.353024688
2,0.9,0.9,1,7,7,5,0.2932673466
10,0.51614,0.83753,2.49,1.72,4.02,1.21,0.6415531013
2,0.5,0.7,1,3,3,5,0.3203674985
2,0.5,0.7,1,5,7,5,0.3017048969
2,0.3,0.9,1,1,1,5,0.3532426635
2,0.1,0.5,1,1,7,5,0.3415965248
5,0.6,0.6,1,1,1,5,0.4511078598
2,0.1,0.3,1,9,7,5,0.3274476155
2,0.5,0.1,1,5,7,5,0.2712915324
2,0.1,0.1,1,7,9,5,0.2905734382
2,0.3,0.9,1,9,7,5,0.3270806995
2,0.5,0.1,1,1,7,5,0.2566482994
2,0.5,0.1,1,9,1,5,0.293821401
2,0.7,0.9,1,7,9,5,0.2968600166
2,0.5,0.3,1,9,7,5,0.2865442386
2,0.5,0.5,1,7,3,5,0.3111808039
15,0.6,0.1,1,6,1,5,0.3458009759
25,0.92281,0.10722,3.43,1.57,4.94,2,0.04694188289
5,0.2,0.2,2,2,2,5,0.4311342429
15,0.28686,0.79944,3.76,8.64,8.76,6.5,0.704914019
2,0.9,0.1,1,5,9,5,0.2685984606
15,0.1,0.1,6,1,1,5,0.5805315341
10,0.7251,0.66654,4.35,1.53,3.3,2,0.4956649125
15,0.88626,0.6843,2.3,3.69,2.47,2,0.5025080686
2,0.71003,0.75408,2.04,7.4,5.19,2.37,0.3343141141
15,0.2,0.2,2,4,2,5,0.6669017864
5,0.68418,0.48248,7.99,1.94,9.18,6.27,0.3605905051
2,0.7,0.3,1,5,3,5,0.2877676632
2,0.3,0.5,1,3,5,5,0.3122776068
2,0.1,0.1,1,7,9,5,0.2907044135
5,0.68791,0.43997,4.48,3.85,3.64,2,0.5069843515
2,0.7,0.9,1,9,1,5,0.345698143
2,0.3,0.1,1,7,7,5,0.2776586724
20,0.80209,0.37987,3.63,3.81,1.76,3,0.3948859459
2,0.5,0.5,1,1,5,5,0.2913784419
2,0.1,0.1,1,1,3,5,0.3025593696
2,0.1,0.9,1,3,3,5,0.3473211054
2,0.7,0.5,1,5,9,5,0.2827375529
2,0.9,0.1,1,7,3,5,0.2746161706
2,0.1,0.9,1,7,1,5,0.3159380909
2,0.9,0.1,1,7,1,5,0.2843191023
2,0.9,0.9,1,9,5,5,0.2990034595
2,0.9,0.1,1,1,1,5,0.2650508333
2,0.9,0.7,1,7,7,5,0.2884752408
2,0.3,0.3,1,5,7,5,0.2931288657
2,0.1,0.1,1,9,3,5,0.311855734
2,0.9,0.5,1,5,3,5,0.2931128973
2,0.1,0.9,1,3,5,5,0.3530970692
2,0.1,0.7,1,7,5,5,0.3532445857
2,0.5,0.5,1,9,9,5,0.2913047641
2,0.5,0.5,1,5,1,5,0.3379934018
2,0.1,0.1,1,1,3,5,0.3027840259
10,0.6,0.1,6,6,6,5,0.4652824123
20,0.75289,0.82534,6.18,8.98,9.33,9.07,0.644958425
2,0.5,0.7,1,3,3,5,0.3181684461
2,0.3,0.5,1,3,3,5,0.3264070569
2,0.9,0.3,1,7,7,5,0.2781023964
10,0.4,0.2,4,4,2,5,0.5105080148
5,0.2,0.4,4,2,4,5,0.5067301926
2,0.1,0.1,1,3,5,5,0.2964876775
2,0.9,0.7,1,7,3,5,0.3030565913
2,0.3,0.5,1,7,3,5,0.3273550235
5,0.6,0.6,1,1,6,5,0.2081423103
2,0.1,0.5,1,3,7,5,0.3425754697
2,0.5,0.3,1,5,5,5,0.2862042517
2,0.7,0.7,1,9,7,5,0.2945641502
2,0.1,0.5,1,9,5,5,0.3494551904
2,0.9,0.3,1,3,3,5,0.2789429735
2,0.1,0.7,1,3,9,5,0.346741423
2,0.9,0.7,1,7,7,5,0.289802531
15,0.2,0.4,2,2,4,5,0.6224244585
2,0.5,0.9,1,7,9,5,0.3052539741
2,0.7,0.5,1,3,3,5,0.2965954944
2,0.1,0.9,1,1,1,5,0.3182637823
2,0.5,0.3,1,7,9,5,0.2828493223
2,0.3,0.1,1,9,3,5,0.2868245359
10,0.6,0.6,1,1,6,5,0.157244002
2,0.9,0.9,1,3,7,5,0.2899929797
2,0.3,0.5,1,1,5,5,0.3088611664
2,0.3,0.1,1,1,5,5,0.2658993657
2,0.7,0.5,1,1,5,5,0.2825995053
2,0.1,0.1,1,1,3,5,0.3026974186
15,0.1,0.1,6,1,6,5,0.1531767721
10,0.2,0.2,2,4,2,5,0.6103334282
2,0.7,0.7,1,9,1,5,0.3392649371
2,0.3,0.9,1,9,5,5,0.3354293573
21,0.5,0.375,10,2.8,5.5,6,0.6298408535
2,0.1,0.9,1,3,9,5,0.3514979569
15,0.92417,0.70926,10.84,7.45,3.83,8.74,0.7427041555
2,0.7,0.1,1,5,5,5,0.270798317
2,0.7,0.5,1,5,3,5,0.2980659422
2,0.7,0.3,1,1,9,5,0.2633656409
2,0.7,0.5,1,1,3,5,0.2914546068
2,0.7,0.9,1,5,3,5,0.317116319
2,0.3,0.3,1,7,5,5,0.298745386
2,0.9,0.5,1,1,3,5,0.2832314598
2,0.9,0.1,1,3,3,5,0.2654573197
2,0.5,0.5,1,9,3,5,0.311317667
2,0.7,0.9,1,9,1,5,0.3453822841
15,0.1,0.1,1,6,6,5,0.3168981273
2,0.5,0.7,1,1,5,5,0.3024924739
2,0.3,0.5,1,3,7,5,0.3051624231
2,0.1,0.7,1,3,3,5,0.3520959419
15,0.4,0.4,4,4,4,5,0.6663926231
2,0.3,0.9,1,9,1,5,0.3518575269
2,0.9,0.1,1,3,9,5,0.261769678
2,0.7,0.5,1,3,3,5,0.2963602966
2,0.7,0.7,1,7,7,5,0.2940659031
2,0.3,0.9,1,3,1,5,0.3524107975
2,0.7,0.5,1,3,3,5,0.2968361965
15,0.7821,0.12351,2.8,7.62,3.08,7.85,0.397841314
10,0.10478,0.38803,10.28,2.66,10,3.3,0.8064653254
5,0.4,0.2,4,4,2,5,0.446086528
2,0.9,0.5,1,9,5,5,0.2889127803
15,0.8427,0.20999,7.53,1.86,10.24,8.53,0.1139871225
2,0.9,0.7,1,5,3,5,0.3016796692
2,0.5,0.5,1,7,3,5,0.3108472798
5,0.49277,0.80035,10.64,4.17,4.86,4.66,0.5827015766
21,2,2,0.2,1,0.6,0.6,0.577517404
2,0.3,0.9,1,3,1,5,0.3525970698
21,2,10,0.2,0.2,0.6,0.6,0.4480951179
2,0.3,0.5,1,5,5,5,0.3146861665
2,0.5,0.3,1,9,1,5,0.3236365978
2,0.3,0.1,1,7,7,5,0.2780034701
2,0.9,0.9,1,7,3,5,0.3104072912
5,0.4,0.2,2,4,2,5,0.4009431736
2,0.7,0.3,1,7,7,5,0.2807368912
2,0.5,0.3,1,7,7,5,0.2848836376
2,0.3,0.3,1,7,3,5,0.3101342129
21,2,6,0.2,1,0.6,1,0.49323674
20,0.13683,0.87439,4.46,1.43,4.26,2,0.5260176667
5,0.4,0.2,2,2,2,5,0.2983807705
2,0.5,0.9,1,1,5,5,0.3111509913
2,0.7,0.9,1,9,5,5,0.3077093556
21,0.5,0.375,1,2.8,5.5,6,0.2707429622
2,0.5,0.5,1,9,1,5,0.3390466075
15,0.71737,0.41373,2.82,2.48,1.59,2,0.1695048367
2,0.3,0.5,1,3,5,5,0.3124733266
2,0.1,0.3,1,5,5,5,0.335300802
2,0.7,0.9,1,7,5,5,0.306144252
10,0.88117,0.37355,3.52,8.25,4.83,1.55,0.7147479466
20,0.49559,0.20835,2.24,9.66,3.23,10.96,0.4835275638
2,0.7,0.7,1,5,3,5,0.3090447811
2,0.5,0.1,1,3,5,5,0.2678796758
2,0.3,0.5,1,1,5,5,0.3079441995
10,0.57587,0.8003,2.72,5.79,4.02,3.87,0.6456973557
2,0.9,0.3,1,3,7,5,0.2698963907
2,0.5,0.1,1,7,3,5,0.2796106054
21,2,2,0.2,1,1,0.6,0.5651140058
2,0.3,0.5,1,9,3,5,0.3277066006
2,0.7,0.7,1,3,9,5,0.2870808504
2,0.7,0.9,1,5,3,5,0.317849116
2,0.7,0.9,1,7,9,5,0.2959444991
2,0.9,0.9,1,1,5,5,0.2897867868
2,0.3,0.1,1,9,7,5,0.2778730134
2,0.7,0.1,1,9,1,5,0.2890855914
2,0.7,0.5,1,9,5,5,0.292938157
2,0.9,0.3,1,5,5,5,0.2770013788
21,2,6,0.2,0.6,1,0.6,0.4978419513
2,0.9241,0.66465,6.8,6.45,5.78,6.86,0.3288648891
2,0.1,0.9,1,3,5,5,0.3532008356
10,0.84003,0.21095,3.57,3.12,4.83,10.46,0.1906117785
21,2,2,0.2,0.6,1,1,0.5656615192
2,0.3,0.3,1,3,7,5,0.2903453954
2,0.7,0.1,1,9,5,5,0.2770852441
5,0.6,0.6,6,1,1,5,0.4680840475
21,0.5,0.375,2,2.8,5.5,2,0.529758824
2,0.1,0.1,1,7,9,5,0.290721031
10,0.4,0.2,2,2,2,5,0.2087521954
2,0.9,0.9,1,3,7,5,0.2907727385
2,0.1,0.7,1,7,3,5,0.351666079
2,0.9,0.3,1,7,3,5,0.2842750666
2,0.5,0.7,1,7,1,5,0.3468727975
2,0.5,0.1,1,3,3,5,0.2704895907
2,0.7,0.9,1,9,1,5,0.3458209844
2,0.7,0.1,1,3,3,5,0.26756553
2,0.1,0.7,1,7,3,5,0.3512943452
5,0.25484,0.31355,10.05,5.62,1.49,4.53,0.5442080417
2,0.7,0.5,1,5,5,5,0.2897124178
10,0.6,0.1,1,6,1,5,0.267697475
21,0.5,0.375,3,2.8,5.5,2,0.606630329
2,0.5,0.1,1,9,5,5,0.2790259196
2,0.7,0.3,1,7,5,5,0.2840935163
10,0.1,0.1,6,6,1,5,0.58389592
15,0.1,0.1,6,6,1,5,0.5880884712
2,0.9,0.3,1,3,5,5,0.2738412512
2,0.6197,0.86219,4.02,2.66,9.08,9.15,0.311205831
2,0.1,0.5,1,5,9,5,0.3378925496
2,0.5,0.9,1,7,1,5,0.3517314935
2,0.3,0.9,1,7,5,5,0.3344622121
5,0.14924,0.25784,9.97,4.79,7.02,1.18,0.6070256201
2,0.3,0.5,1,5,5,5,0.3143273902
2,0.7,0.7,1,3,7,5,0.2909754435
2,0.7,0.1,1,1,5,5,0.2563795365
2,0.5,0.1,1,9,3,5,0.2811668525
2,0.3,0.7,1,3,1,5,0.3534674264
5,0.96163,0.8238,6.73,5.32,7.4,10.51,0.427968389
2,0.77215,0.59655,2.1,2.17,2.73,4,0.3153906861
2,0.82521,0.68799,4.18,2.65,3.07,4,0.3275291614
2,0.5,0.9,1,3,1,5,0.3514383809
2,0.1,0.9,1,3,9,5,0.3515780168
2,0.7,0.5,1,1,5,5,0.2810613022
2,0.9,0.5,1,5,1,5,0.3178098732
2,0.9,0.7,1,9,5,5,0.2933137544
2,0.1,0.3,1,9,1,5,0.3521147326
2,0.5,0.5,1,9,5,5,0.3003955548
2,0.50898,0.2309,3.95,4.47,6.93,1.04,0.3337276848
21,2,10,0.2,0.2,1,0.6,0.4508740521
2,0.3,0.3,1,9,9,5,0.2930094811
15,0.61853,0.6136,2.11,6.65,4.53,6.77,0.4881124154
2,0.9,0.5,1,1,1,5,0.3109404442
2,0.5,0.9,1,3,5,5,0.3149009286
2,0.7,0.7,1,3,7,5,0.2912544023
2,0.9,0.5,1,5,5,5,0.2853203201
2,0.3,0.5,1,7,7,5,0.3075654078
10,0.1,0.6,1,1,6,5,0.5959354161
2,0.1,0.9,1,7,9,5,0.351855048
2,0.3,0.5,1,5,1,5,0.3502716139
2,0.7,0.3,1,7,7,5,0.2813333723
2,0.5,0.9,1,7,5,5,0.3159015575
2,0.9,0.9,1,9,1,5,0.3390963553
2,0.9,0.1,1,9,5,5,0.2760560758
21,2,2,0.2,1,0.6,0.2,0.5657451852
2,0.3,0.9,1,5,1,5,0.3522474748
2,0.9,0.1,1,3,1,5,0.2736019802
2,0.1,0.9,1,1,7,5,0.3531694673
2,0.9,0.3,1,9,5,5,0.281716276
2,0.1,0.7,1,5,7,5,0.3508398112
2,0.5,0.7,1,7,3,5,0.3231801771
15,0.4,0.2,4,2,4,5,0.2768684828
2,0.1,0.7,1,1,5,5,0.3530080818
2,0.1,0.9,1,1,1,5,0.3171985699
5,0.34205,0.55125,2.04,9.49,6.34,8.95,0.3892646662
2,0.7,0.9,1,1,5,5,0.2982414201
2,0.1,0.9,1,7,1,5,0.3145686364
2,0.30396,0.59389,7.75,6.13,4.88,3.14,0.3531076628
2,0.5,0.9,1,9,1,5,0.3514863778
2,0.75566,0.35999,2.57,3.82,9.66,7.7,0.2918359968
20,0.72084,0.56523,2.37,2.32,6.31,4.84,0.3676104967
2,0.3,0.1,1,3,9,5,0.2692039706
2,0.5,0.3,1,7,5,5,0.2897108697
2,0.7,0.3,1,1,5,5,0.2710006304
2,0.1,0.5,1,1,5,5,0.3473286675
2,0.5,0.7,1,7,9,5,0.2980226272
2,0.1,0.9,1,3,1,5,0.317460819
2,0.7,0.5,1,3,3,5,0.2973487576
2,0.7,0.7,1,9,5,5,0.299633328
2,0.3,0.7,1,9,3,5,0.3389319849
2,0.5,0.1,1,5,7,5,0.2715772834
2,0.1,0.5,1,3,3,5,0.353215546
2,0.7,0.9,1,7,1,5,0.3455706322
10,0.2,0.2,2,2,4,5,0.3040890965
10,0.85789,0.47623,6.9,10.2,8.09,2.65,0.7543735063
5,0.1,0.6,6,1,1,5,0.4319053708
2,0.5,0.3,1,5,1,5,0.3214661002
2,0.1,0.3,1,5,1,5,0.3521166524
2,0.1,0.7,1,1,7,5,0.350021898
2,0.3,0.1,1,5,3,5,0.2827428444
2,0.3,0.1,1,9,7,5,0.2793399587
2,0.3,0.3,1,9,5,5,0.3014054536
2,0.3,0.9,1,3,3,5,0.3450471244
2,0.3,0.5,1,9,9,5,0.3046407394
2,0.7,0.5,1,7,3,5,0.3003270335
25,0.8797,0.78296,1.84,10.31,2.36,2.14,0.7304219174
2,0.5,0.1,1,1,9,5,0.2560370078
2,0.3,0.1,1,5,9,5,0.2747233025
2,0.3,0.5,1,5,5,5,0.3148135585
2,0.9,0.9,1,7,1,5,0.3389122477
2,0.5,0.1,1,1,5,5,0.2582946957
2,0.1,0.9,1,5,1,5,0.3156568622
2,0.9,0.7,1,7,9,5,0.2861788963
2,0.9,0.9,1,5,5,5,0.298569576
2,0.7,0.3,1,9,5,5,0.284449702
10,0.16177,0.36606,3.98,3.05,4.45,3,0.7370970505
2,0.9,0.7,1,5,3,5,0.301639286
2,0.7,0.1,1,5,1,5,0.2831503321
15,0.99662,0.70409,4,1.61,1.01,4,0.1783670303
2,0.5,0.1,1,1,3,5,0.2620962398
2,0.1,0.1,1,5,1,5,0.337576058
2,0.5,0.9,1,5,3,5,0.3292221085
2,0.5,0.5,1,7,3,5,0.310376573
2,0.5,0.3,1,9,3,5,0.2987787351
2,0.3,0.5,1,7,7,5,0.3068737856
25,0.15992,0.67224,1.34,2.77,2.5,4,1.312146797
10,0.26184,0.1256,5.32,9.9,4.18,3.3,0.7110915287
2,0.5,0.5,1,7,9,5,0.2905560801
2,0.9,0.3,1,1,1,5,0.2906548089
2,0.9,0.9,1,7,1,5,0.3392672271
2,0.3,0.9,1,7,3,5,0.3457159739
2,0.40646,0.33373,10.98,1.95,4.55,3.43,0.3320825977
5,0.6,0.1,6,6,1,5,0.3781388053
2,0.3,0.5,1,9,5,5,0.3144536506
2,0.5,0.5,1,7,9,5,0.2911482726
2,0.3,0.5,1,9,7,5,0.3086539248
2,0.7,0.1,1,3,1,5,0.2794687273
5,0.67117,0.13019,4.02,5.04,7.59,7.73,0.3209555801
2,0.3,0.7,1,5,9,5,0.3129137236
21,0.1,1,1,100,1,100,0.3449508441
2,0.19534,0.24145,1.32,4.96,1.86,4,0.3373604394
2,0.3,0.1,1,7,1,5,0.3037162012
2,0.1,0.9,1,9,1,5,0.3136120705
5,0.37592,0.4812,2.69,7.9,1.85,3.09,0.5567685302
10,0.68881,0.33615,7.14,5.92,5,8.66,0.524506188
2,0.9,0.5,1,9,3,5,0.295265207
2,0.7,0.7,1,1,3,5,0.3033576343
20,0.7158,0.2945,1.66,4.09,4.61,3,0.1294682703
2,0.3,0.1,1,3,7,5,0.2700687521
2,0.33833,0.59971,5.27,9.71,10.48,2.81,0.3489839604
2,0.9,0.3,1,3,1,5,0.2986010875
2,0.5,0.3,1,3,5,5,0.2844816224
2,0.5,0.9,1,5,9,5,0.3040195505
10,0.48852,0.67106,1.35,3.64,1.5,1,0.7348721348
2,0.1,0.1,1,1,7,5,0.2854167105
15,0.3985,0.7484,9.12,9.63,2.22,4.01,0.6393043287
20,0.64559,0.18428,6.2,1.84,5.5,5.51,0.1166904869
2,0.5,0.7,1,1,9,5,0.2895307909
2,0.7,0.3,1,1,9,5,0.2644292217
15,0.38116,0.27725,3.37,10.22,10.4,4.73,0.5673457223
2,0.3,0.9,1,1,7,5,0.3228046468
2,0.9,0.3,1,7,1,5,0.3052851985
5,0.4,0.4,2,4,4,5,0.4247245595
15,0.2,0.2,2,2,2,5,0.5603134351
21,0.1,0.1,1,100,10,10,0.4898437624
2,0.1,0.7,1,5,7,5,0.3507622184
2,0.7,0.1,1,3,3,5,0.2667621029
15,0.33157,0.7476,2.02,2.26,1.08,1,0.5486415569
2,0.9,0.9,1,5,5,5,0.2988021552
2,0.5,0.7,1,7,7,5,0.3042070041
2,0.7,0.1,1,7,9,5,0.2730986577
21,0.1,0.1,1,100,1,1,0.5961243068
21,2,6,0.2,0.6,1,0.2,0.4855918148
2,0.1,0.1,1,3,9,5,0.2868587431
2,0.9,0.9,1,3,3,5,0.3071910101
2,0.1,0.5,1,1,7,5,0.3412912814
10,0.49089,0.51058,10.7,1.83,7.96,2.62,0.5973702552
5,0.2,0.2,2,4,4,5,0.4117587604
2,0.5,0.3,1,9,1,5,0.3235655421
25,0.92828,0.86795,1.94,4.52,3.63,3,0.2345750119
21,0.5,0.375,7,2.8,5.5,7,0.5341047164
10,0.4,0.4,2,2,4,5,0.2986790554
2,0.5,0.5,1,9,1,5,0.3395102667
2,0.1,0.3,1,7,3,5,0.3457825957
2,0.9,0.5,1,3,9,5,0.2763410369
2,0.9,0.9,1,9,7,5,0.2937329011
2,0.7,0.1,1,9,1,5,0.2890864223
2,0.9,0.3,1,3,5,5,0.2732148437
21,2,2,0.2,1,0.2,1,0.5932592282
2,0.7,0.7,1,1,5,5,0.2902650453
2,0.9,0.5,1,3,1,5,0.3168195454
2,0.1,0.9,1,3,3,5,0.3471359364
10,0.2,0.2,4,4,4,5,0.562303828
2,0.5,0.1,1,3,7,5,0.2673788669
10,0.32518,0.42319,1.17,3.88,4.87,2,0.4206894596
25,0.93599,0.59575,3.16,4.4,9.18,4.44,0.4701186726
2,0.5,0.7,1,3,7,5,0.2991817749
2,0.9,0.5,1,5,1,5,0.3185083908
2,0.9,0.1,1,7,5,5,0.2747159768
2,0.5,0.3,1,7,9,5,0.2833052828
15,0.4,0.2,4,2,4,5,0.2562917617
25,0.10616,0.1796,9.56,9.57,5.71,3.37,0.9355696947
2,0.3,0.5,1,1,7,5,0.3024580082
2,0.9,0.5,1,3,3,5,0.2902838154
2,0.5,0.1,1,3,3,5,0.2717211243
2,0.1,0.3,1,9,7,5,0.3259201146
2,0.1,0.5,1,1,9,5,0.3364976014
2,0.9,0.5,1,1,5,5,0.274755787
2,0.1,0.3,1,9,3,5,0.3460503398
2,0.7,0.5,1,7,1,5,0.3278592997
2,0.1,0.5,1,5,5,5,0.3486470782
2,0.3,0.3,1,9,9,5,0.2906520779
2,0.93771,0.91472,10.13,6.82,8.03,5.29,0.3426618282
5,0.1,0.6,1,6,1,5,0.4198490284
2,0.1,0.3,1,5,5,5,0.3336626553
10,0.1,0.6,6,1,1,5,0.4367078338
2,0.7,0.5,1,9,9,5,0.2862480469
2,0.72574,0.40678,3.66,8.26,6.22,10.2,0.3061218946
2,0.1,0.1,1,5,1,5,0.3382008557
2,0.1,0.3,1,1,9,5,0.3171637995
2,0.9,0.9,1,5,1,5,0.3379051685
2,0.3,0.3,1,7,9,5,0.2899114952
2,0.37177,0.91578,8.44,4.19,9.83,7.37,0.3437504408
2,0.7,0.9,1,7,7,5,0.3008468606
5,0.59578,0.77156,7.55,10.81,4.19,3.41,0.6056239198
2,0.3,0.7,1,3,7,5,0.3169757681
2,0.7,0.7,1,9,5,5,0.3011012551
2,0.3,0.3,1,7,7,5,0.2930764509
21,0.1,1,1,1,100,1,0.7204112435
2,0.3,0.3,1,7,7,5,0.2959465877
2,0.7,0.7,1,3,3,5,0.3070941347
2,0.1,0.1,1,9,1,5,0.3389134356
5,0.80108,0.4398,6.74,9.54,2.5,1.41,0.5710208051
2,0.5,0.1,1,9,7,5,0.2772982394
2,0.9,0.3,1,1,5,5,0.2650341085
10,0.2,0.4,2,4,2,5,0.6938766923
2,0.1,0.1,1,5,7,5,0.2935164975
2,0.7,0.9,1,3,5,5,0.3049407621
2,0.9,0.7,1,9,1,5,0.3295566697
2,0.5,0.9,1,9,7,5,0.3105769874
10,0.11755,0.90468,1.87,3.37,3.64,4,0.5169214135
21,0.5,0.375,6,2.8,5.5,9,0.4473545912
2,0.5,0.5,1,1,7,5,0.2849305909
2,0.5,0.1,1,1,1,5,0.27684905
5,0.1,0.6,1,1,1,5,0.4268424685
2,0.9,0.1,1,7,5,5,0.2737732464
2,0.7,0.5,1,1,7,5,0.276520929
2,0.5,0.1,1,7,7,5,0.2750176674
2,0.1,0.9,1,1,9,5,0.3511436285
2,0.1,0.5,1,3,9,5,0.3375359936
2,0.5,0.1,1,5,3,5,0.2764296983
2,0.1,0.9,1,7,3,5,0.3460432533
2,0.3,0.9,1,7,3,5,0.345135686
2,0.1,0.5,1,9,5,5,0.3491592011
2,0.3,0.1,1,1,3,5,0.2707757428
2,0.56554,0.46318,1.97,1.01,6.37,8.67,0.2842424245
2,0.1,0.3,1,5,1,5,0.3526045278
2,0.1,0.9,1,9,1,5,0.3140472652
21,0.5,0.375,4,2.8,5.5,6,0.4582006235
2,0.5,0.1,1,7,9,5,0.2736116062
2,0.5,0.7,1,1,7,5,0.2951064197
2,0.43133,0.44246,4.65,5.68,4.75,9.69,0.3216821569
2,0.7,0.1,1,7,9,5,0.2723671034
2,0.7,0.1,1,7,9,5,0.2737709618
2,0.7,0.7,1,9,1,5,0.3393112016
2,0.7,0.3,1,7,3,5,0.2898269202
2,0.9,0.9,1,9,1,5,0.3383766254
2,0.5,0.5,1,3,1,5,0.3366198063
2,0.3,0.1,1,3,1,5,0.2990529664
2,0.9,0.7,1,1,1,5,0.3230748817
2,0.5,0.1,1,9,5,5,0.2778955684
2,0.3,0.5,1,7,7,5,0.3075524044
2,0.3,0.9,1,5,9,5,0.3215068201
2,0.7,0.1,1,5,1,5,0.282796989
2,0.9,0.1,1,9,7,5,0.2767069072
2,0.9,0.3,1,9,9,5,0.2791891748
2,0.9,0.1,1,7,9,5,0.27207548
2,0.1,0.3,1,9,3,5,0.3459329409
2,0.7,0.3,1,7,7,5,0.2811509634
2,0.5,0.7,1,5,9,5,0.2976978576
2,0.7,0.9,1,3,7,5,0.2980509655
2,0.3,0.3,1,3,5,5,0.2957986459
5,0.2,0.4,2,2,4,5,0.4643521195
15,0.6,0.6,1,1,6,5,0.1834304661
2,0.1,0.1,1,1,7,5,0.2845784168
5,0.1,0.6,6,1,1,5,0.4386121632
2,0.1,0.7,1,7,9,5,0.346969826
2,0.9,0.1,1,5,7,5,0.2688353996
2,0.7,0.1,1,5,1,5,0.2827483411
2,0.7,0.7,1,1,1,5,0.3333704404
2,0.5,0.7,1,7,5,5,0.3089904357
2,0.9,0.7,1,5,1,5,0.3296598165
2,0.5,0.5,1,9,3,5,0.3120867766
2,0.1,0.3,1,5,5,5,0.3343619041
10,0.1,0.6,1,1,1,5,0.4411676298
15,0.96492,0.91642,5.43,4.66,10.81,6.65,0.4427059795
2,0.3,0.7,1,5,3,5,0.3382988936
2,0.9,0.1,1,1,1,5,0.265430139
15,0.84304,0.64647,2.95,2.29,3.63,4,0.2621932402
2,0.5,0.7,1,7,7,5,0.302502596
2,0.2124,0.10364,2.79,4.71,2.15,2,0.3294846191
2,0.5,0.7,1,9,3,5,0.322371106
2,0.42971,0.49516,2.19,8.17,2.91,8.23,0.3259264706
2,0.3,0.3,1,5,5,5,0.2990674036
2,0.9,0.1,1,9,5,5,0.277510806
10,0.4,0.2,4,4,4,5,0.4771736593
5,0.6,0.6,6,1,6,5,0.2769172079
21,0.1,1,1,100,100,10,0.460944157
2,0.3,0.3,1,7,3,5,0.3105943382
2,0.1,0.7,1,3,5,5,0.3531884951
2,0.1,0.7,1,9,3,5,0.3517403708
2,0.28614,0.73218,9.75,10.44,4.77,1.55,0.3477624582
2,0.1,0.7,1,1,7,5,0.3499587655
2,0.1,0.9,1,5,7,5,0.3533197687
2,0.1,0.5,1,9,7,5,0.3430299654
2,0.3,0.3,1,9,3,5,0.3110278493
2,0.1,0.1,1,7,1,5,0.3390671874
2,0.3,0.1,1,9,5,5,0.2818886313
2,0.1,0.5,1,7,1,5,0.3398500653
20,0.47238,0.68208,10.91,10.45,9.81,6.9,0.8236918269
2,0.7,0.9,1,9,3,5,0.3183226677
2,0.1,0.9,1,5,5,5,0.3530737849
2,0.3,0.7,1,3,3,5,0.3378008
5,0.59671,0.18104,2.38,6.82,7.89,3.72,0.4152211451
2,0.5,0.3,1,5,7,5,0.2824076923
2,0.3,0.3,1,1,9,5,0.2815122039
2,0.3,0.5,1,5,9,5,0.3018436317
2,0.9,0.7,1,5,9,5,0.2845202004
2,0.9,0.9,1,3,1,5,0.3357942922
2,0.5,0.3,1,1,7,5,0.2731726006
2,0.7,0.3,1,5,7,5,0.2784187458
2,0.1,0.7,1,1,5,5,0.3529153572
10,0.6,0.1,6,6,1,5,0.4228911011
5,0.36853,0.79613,7.64,5.55,2.6,5.77,0.5752416111
5,0.2,0.4,4,4,4,5,0.5465205929
2,0.1,0.1,1,7,5,5,0.2990428871
2,0.1318,0.31857,1.34,8.13,6,6.02,0.3316302311
2,0.9,0.5,1,7,7,5,0.2830134524
2,0.9,0.5,1,7,9,5,0.2799187228
2,0.5,0.3,1,5,7,5,0.2814605559
2,0.3,0.1,1,7,9,5,0.2770060288
15,0.6,0.1,6,6,6,5,0.2981394168
21,2,10,0.2,0.2,0.6,1,0.4509178972
2,0.3,0.1,1,1,3,5,0.2712401032
2,0.3,0.3,1,7,1,5,0.3388908969
2,0.5,0.3,1,7,1,5,0.3225545355
2,0.3,0.7,1,3,1,5,0.35342846
25,0.17661,0.85272,10.28,7.98,6.5,1.41,0.6075809461
2,0.5,0.1,1,9,5,5,0.2787008874
2,0.3,0.3,1,1,9,5,0.2806425441
5,0.49587,0.5193,3.94,3.37,1.47,4.04,0.5273340212
2,0.7,0.3,1,7,7,5,0.2799668522
2,0.1,0.1,1,7,5,5,0.2996809225
2,0.7,0.1,1,9,3,5,0.2787588611
2,0.3,0.9,1,9,5,5,0.3350725931
10,0.4,0.4,2,2,2,5,0.5066074625
2,0.5,0.5,1,5,7,5,0.2923412383
2,0.3,0.1,1,5,5,5,0.2777891325
15,0.6,0.1,6,1,6,5,0.05129666618
5,0.2,0.2,2,2,4,5,0.3396377548
2,0.7,0.7,1,7,9,5,0.2905651135
2,0.3,0.1,1,5,3,5,0.2825250825
20,0.57083,0.53929,1.13,4.47,2.46,2,0.2127998602
2,0.7,0.9,1,1,1,5,0.3413137152
2,0.1,0.1,1,9,9,5,0.2908468403
20,0.71581,0.3662,5.12,8.67,4.63,4.89,0.6865492441
2,0.3,0.1,1,7,5,5,0.2802377759
21,0.5,0.375,7,2.8,5.5,9,0.4874385935
2,0.7,0.3,1,3,3,5,0.2831793395
2,0.5,0.7,1,9,1,5,0.347566974
2,0.3,0.1,1,1,5,5,0.2652148795
2,0.1,0.1,1,1,5,5,0.2909510643
5,0.4,0.2,4,2,4,5,0.3028850707
15,0.2,0.2,4,4,4,5,0.671761596
2,0.9,0.3,1,3,9,5,0.2697662236
2,0.3,0.1,1,7,3,5,0.2845331291
2,0.7,0.1,1,5,9,5,0.2691632362
2,0.9,0.7,1,7,7,5,0.2878340511
2,0.7,0.9,1,7,9,5,0.2954445473
15,0.1,0.1,1,1,1,5,0.6024270846
2,0.7,0.5,1,7,5,5,0.2908393125
2,0.3,0.1,1,9,3,5,0.2864134207
2,0.9,0.1,1,3,9,5,0.2623293149
2,0.7,0.3,1,5,1,5,0.3099342148
21,0.1,1,1,100,100,100,0.209005527
21,2,6,0.2,0.6,1,1,0.5044190629
10,0.6,0.6,6,6,1,5,0.5764055713
5,0.57103,0.84821,8.26,1.62,1.12,9.49,0.536128801
2,0.7,0.3,1,7,5,5,0.2819479012
2,0.9,0.1,1,1,5,5,0.254455187
2,0.9,0.9,1,3,9,5,0.2861751225
2,0.79332,0.56808,8.21,10.22,9.28,2.26,0.3472722534
2,0.9,0.7,1,1,7,5,0.2774391888
2,0.7,0.3,1,9,7,5,0.2808006924
2,0.1,0.3,1,3,9,5,0.3205313579
25,0.99049,0.29117,3.02,3.87,4.2,1,0.06182860481
2,0.5,0.9,1,9,3,5,0.3307049706
2,0.9,0.7,1,3,5,5,0.2884653106
2,0.3,0.7,1,7,1,5,0.3535098595
2,0.1,0.1,1,7,7,5,0.2937387387
2,0.9,0.1,1,1,9,5,0.2527818446
2,0.3,0.5,1,3,3,5,0.3251675809
10,0.4,0.2,4,2,4,5,0.3316862882
2,0.9,0.5,1,1,9,5,0.269086465
2,0.5,0.1,1,7,7,5,0.2728375751
2,0.7,0.9,1,9,3,5,0.3189366085
2,0.9,0.1,1,5,5,5,0.2706589476
2,0.9,0.9,1,1,9,5,0.2806920097
2,0.3,0.3,1,5,1,5,0.3381590963
10,0.4,0.2,2,2,4,5,0.192306491
2,0.7,0.3,1,9,9,5,0.280091122
2,0.1,0.9,1,3,7,5,0.3532508537
2,0.7,0.9,1,3,1,5,0.3443559023
2,0.9,0.5,1,9,1,5,0.3211061388
2,0.56541,0.30437,2.74,4.86,2.23,2,0.3315557027
2,0.1,0.3,1,7,7,5,0.3262461073
2,0.9,0.7,1,9,7,5,0.2893466727
2,0.1,0.7,1,1,7,5,0.3501285225
2,0.50734,0.20367,1.74,4.67,2.36,8.75,0.2960537499
2,0.3,0.9,1,7,3,5,0.3452779496
10,0.29248,0.95902,4.08,9.1,3.07,9.85,0.616052238
5,0.6,0.6,6,6,1,5,0.5466356366
2,0.5,0.3,1,9,9,5,0.2841158614
2,0.3,0.1,1,5,9,5,0.2742787466
2,0.3,0.5,1,7,9,5,0.3028617008
25,0.901,0.13795,4.74,4.77,2.33,3,0.1544358377
2,0.1,0.9,1,9,9,5,0.3517330887
2,0.9,0.3,1,5,3,5,0.2834409753
2,0.9,0.1,1,3,9,5,0.261554807
2,0.5,0.3,1,3,1,5,0.3182662453
2,0.7,0.3,1,1,5,5,0.2705717208
2,0.68224,0.71605,3.64,3.82,4.76,1.27,0.3444295944
10,0.6,0.1,6,1,6,5,0.06778401343
2,0.3,0.9,1,5,1,5,0.3520753489
2,0.5,0.5,1,1,9,5,0.2809329019
2,0.1,0.5,1,1,9,5,0.3364367177
15,0.68659,0.3282,3.82,5.63,9.26,2.7,0.6074449049
15,0.36482,0.72601,6.07,2.08,8.2,8.48,0.4649338438
5,0.66638,0.79746,4.52,1.36,4.16,2,0.4449469978
15,0.2,0.4,2,2,2,5,0.7249932574
2,0.9,0.3,1,7,1,5,0.3050502144
2,0.5,0.5,1,9,1,5,0.3398353143
2,0.3,0.1,1,5,1,5,0.3019641815
2,0.9,0.7,1,5,5,5,0.2921691897
2,0.3,0.9,1,1,7,5,0.3240998697
5,0.4,0.4,2,2,4,5,0.3471720984
2,0.7,0.9,1,5,1,5,0.3448588832
2,0.9,0.1,1,7,3,5,0.2755427702
10,0.1,0.6,1,6,6,5,0.5875633861
2,0.1,0.9,1,3,9,5,0.3514212312
2,0.9,0.3,1,1,1,5,0.2914289912
2,0.7,0.9,1,5,5,5,0.3055751265
2,0.1,0.1,1,1,1,5,0.3343686727
15,0.32856,0.72067,6.05,10.82,5.68,3.1,0.7689802252
2,0.7,0.5,1,5,7,5,0.2851102118
2,0.1,0.7,1,7,5,5,0.3532857632
2,0.5,0.9,1,5,5,5,0.3169492541
15,0.6,0.1,1,1,1,5,0.1277303194
2,0.9,0.7,1,7,5,5,0.2934190563
2,0.9,0.5,1,9,5,5,0.2875274226
2,0.64796,0.75172,8.04,5.53,5.73,3.4,0.3471402683
2,0.3,0.3,1,1,9,5,0.2809914929
2,0.1,0.5,1,7,3,5,0.3533783043
2,0.3,0.1,1,1,7,5,0.2619860814
5,0.1,0.1,1,6,1,5,0.5106681309
2,0.1,0.5,1,1,3,5,0.3532675329
15,0.35441,0.24878,2.05,6.17,2.31,9.98,0.4849179496
2,0.3,0.5,1,3,5,5,0.3131198108
2,0.1,0.3,1,7,9,5,0.3211211626
2,0.7,0.1,1,7,1,5,0.2865771839
10,0.76992,0.36626,2.9,1.15,3.87,7.67,0.1350501664
21,0.5,0.375,4,2.8,5.5,4,0.5243342182
2,0.1,0.9,1,7,3,5,0.3463991517
15,0.4,0.2,4,2,4,5,0.1904678485
2,0.3,0.9,1,5,9,5,0.3216133318
2,0.5,0.9,1,9,1,5,0.3522158488
2,0.3,0.1,1,1,1,5,0.291876406
2,0.9,0.7,1,3,7,5,0.2852261247
10,0.2,0.2,4,2,4,5,0.3983744326
5,0.6,0.1,6,6,6,5,0.3805917998
2,0.3,0.9,1,5,9,5,0.3206539463
2,0.9,0.7,1,5,7,5,0.2876941224
15,0.2,0.2,4,2,4,5,0.5529662033
2,0.9,0.1,1,1,1,5,0.2645991697
15,0.56783,0.42938,6.61,6.73,7.59,1.56,0.8970520282
2,0.5,0.5,1,5,7,5,0.2920814502
2,0.5,0.3,1,7,5,5,0.2894063262
2,0.7,0.9,1,5,7,5,0.2997268642
2,0.3,0.7,1,7,5,5,0.3261230187
2,0.7,0.3,1,1,9,5,0.2652753477
2,0.7,0.9,1,1,1,5,0.3414959526
2,0.1,0.9,1,7,3,5,0.3465205629
15,0.92459,0.1663,5.05,2.79,8.92,5.8,0.1638503953
2,0.7,0.3,1,1,3,5,0.2767335023
2,0.3,0.7,1,3,5,5,0.3244211442
5,0.6,0.6,1,1,1,5,0.4572781841
2,0.9,0.5,1,3,9,5,0.2765148535
2,0.1,0.1,1,5,9,5,0.2899022728
2,0.7,0.7,1,1,7,5,0.2856304259
2,0.5,0.5,1,9,3,5,0.31219383
2,0.1,0.3,1,5,5,5,0.3342996071
2,0.1,0.7,1,5,1,5,0.3271843443
2,0.1,0.5,1,5,3,5,0.3534322919
5,0.4,0.2,2,2,2,5,0.2851720013
2,0.3,0.7,1,7,5,5,0.3269484299
2,0.1,0.5,1,5,1,5,0.3413818943
2,0.1,0.3,1,9,7,5,0.3268304574
2,0.7,0.7,1,9,5,5,0.300568652
10,0.97349,0.62486,4.04,1.96,4.39,2,0.3477485986
2,0.5,0.7,1,1,7,5,0.2947681022
2,0.9,0.1,1,7,7,5,0.273848569
2,0.3,0.1,1,5,1,5,0.3028170823
2,0.3,0.5,1,1,3,5,0.3220355388
5,0.4,0.4,2,4,4,5,0.411313221
5,0.18902,0.6396,1.18,10.9,1.13,4.09,0.4882501506
2,0.9,0.3,1,3,5,5,0.2733751058
2,0.9,0.3,1,9,5,5,0.2813145504
2,0.1,0.7,1,7,1,5,0.3259260357
2,0.3,0.7,1,9,7,5,0.3186943838
21,0.5,0.375,1,2.8,5.5,4,0.3089392422
2,0.7,0.9,1,1,1,5,0.3416838583
2,0.9,0.5,1,9,7,5,0.2842842388
15,0.46506,0.11966,10.5,5.57,10.23,1.43,0.8138932877
2,0.5,0.7,1,7,3,5,0.3207135319
2,0.9,0.9,1,9,3,5,0.3110605397
2,0.5,0.1,1,7,3,5,0.279763877
2,0.1,0.7,1,9,1,5,0.3263691517
2,0.9,0.9,1,9,9,5,0.2916492162
2,0.9,0.3,1,9,7,5,0.2800558174
2,0.5,0.3,1,9,3,5,0.2974847562
5,0.40343,0.79678,3.21,2.05,4.44,2,0.5303053061
2,0.9,0.3,1,9,5,5,0.2822915248
2,0.9,0.9,1,9,1,5,0.3384988074
2,0.1,0.7,1,1,5,5,0.3529301613
2,0.5,0.1,1,7,1,5,0.2929572298
2,0.3,0.3,1,1,9,5,0.2806295152
15,0.6,0.1,1,6,6,5,0.1718910396
10,0.4,0.4,4,4,2,5,0.6821120908
5,0.6,0.1,1,6,1,5,0.2787642122
2,0.9,0.7,1,7,9,5,0.2853190033
2,0.3,0.7,1,7,5,5,0.3261203494
2,0.9,0.9,1,9,1,5,0.3389617386
2,0.5,0.7,1,1,7,5,0.2952637427
2,0.5,0.3,1,9,5,5,0.289582268
2,0.9,0.5,1,9,3,5,0.2949374702
2,0.1,0.9,1,1,7,5,0.3530708402
2,0.7,0.1,1,3,1,5,0.2784084227
2,0.1,0.5,1,3,1,5,0.3413700031
2,0.9,0.3,1,1,9,5,0.2612326794
5,0.2,0.4,4,4,4,5,0.5485590657
5,0.6,0.1,1,6,6,5,0.2492697957
15,0.4,0.2,4,4,4,5,0.549049822
10,0.2527,0.35104,2.25,2.71,1.06,1,0.7179389308
2,0.5,0.1,1,5,3,5,0.2747905272
2,0.3,0.5,1,3,3,5,0.3258996491
2,0.9,0.5,1,1,5,5,0.2750084622
2,0.3,0.3,1,3,5,5,0.2980350882
10,0.89516,0.44656,4.96,1.94,1.14,4,0.3446571433
15,0.1,0.6,6,6,6,5,0.6788777732
2,0.9,0.9,1,7,7,5,0.2946244749
2,0.3,0.9,1,1,1,5,0.3530144236
2,0.5,0.5,1,7,5,5,0.3004902731
2,0.1,0.9,1,5,5,5,0.3529908075
10,0.4,0.2,4,2,4,5,0.3278234846
2,0.3,0.7,1,9,1,5,0.3535280253
25,0.17562,0.51849,6.47,7.76,3.97,7.88,0.6956398995
2,0.7,0.3,1,3,9,5,0.2727295896
2,0.3,0.9,1,5,9,5,0.3203081757
15,0.2,0.2,2,2,4,5,0.2858963015
2,0.7,0.1,1,9,9,5,0.2769372762
25,0.66039,0.28491,3.23,1.64,8.38,6.47,0.1019565902
2,0.3,0.7,1,3,7,5,0.3173820036
2,0.3,0.1,1,9,5,5,0.2821546391
25,0.57508,0.9414,3.96,2.18,4,1,1.100533288
2,0.7,0.9,1,5,7,5,0.2992760337
2,0.58087,0.19447,4.44,7.39,4.99,7.67,0.3113525581
2,0.7,0.1,1,7,3,5,0.2769094034
2,0.9,0.9,1,1,3,5,0.3028067326
2,0.3,0.7,1,1,7,5,0.3130983044
2,0.3,0.7,1,9,1,5,0.3535421508
2,0.1,0.5,1,9,9,5,0.3382693689
2,0.7,0.7,1,1,9,5,0.280812065
2,0.7,0.1,1,9,5,5,0.2762935476
2,0.3,0.1,1,9,3,5,0.2866420797
2,0.1,0.7,1,7,3,5,0.3514063409
21,0.1,1,1,1,100,100,0.1084605006
5,0.4,0.2,2,4,4,5,0.3547858139
15,0.81228,0.34559,2.16,1.85,4.89,1,0.1200350243
2,0.5,0.7,1,7,5,5,0.3085468944
2,0.5,0.7,1,3,1,5,0.3470769517
10,0.1,0.1,6,6,6,5,0.6244159708
21,0.5,0.375,4,2.8,5.5,9,0.3810966039
2,0.1,0.5,1,1,1,5,0.3433549923
10,0.41688,0.87086,3.89,7.13,5.34,5.55,0.6745563529
2,0.9,0.7,1,3,3,5,0.2991404469
2,0.5,0.9,1,7,5,5,0.3174124389
2,0.5,0.1,1,3,7,5,0.2655255138
2,0.9,0.7,1,1,9,5,0.2751534448
2,0.7,0.3,1,1,3,5,0.2759941529
2,0.7,0.7,1,3,7,5,0.2909667312
2,0.7,0.7,1,7,9,5,0.2917829758
2,0.5,0.3,1,1,1,5,0.3145552033
2,0.1,0.7,1,7,1,5,0.3275446245
2,0.9,0.7,1,5,7,5,0.2853992707
2,0.9,0.7,1,9,9,5,0.2874946795
2,0.1,0.3,1,5,3,5,0.3451973051
2,0.7,0.1,1,3,7,5,0.2639934793
10,0.4,0.4,2,4,2,5,0.6076165393
2,0.1,0.7,1,5,7,5,0.3501840799
2,0.3,0.3,1,1,3,5,0.302683695
2,0.3,0.7,1,7,1,5,0.353543915
2,0.7,0.1,1,5,3,5,0.2729631474
10,0.4,0.4,2,2,2,5,0.4628226625
2,0.1,0.7,1,5,9,5,0.3471470766
2,0.3,0.9,1,7,1,5,0.3521573213
2,0.1,0.7,1,5,5,5,0.3532461584
2,0.5,0.7,1,5,5,5,0.3087251483
2,0.5,0.7,1,9,5,5,0.3089323256
2,0.1,0.9,1,5,3,5,0.3458785347
2,0.1,0.3,1,3,1,5,0.3529827346
2,0.5,0.9,1,3,1,5,0.3513386951
5,0.6,0.1,1,1,6,5,0.1122855485
2,0.7,0.9,1,1,5,5,0.3000774036
10,0.2,0.4,4,4,4,5,0.6689978539
2,0.9,0.7,1,3,9,5,0.2826609268
2,0.1,0.1,1,5,3,5,0.308417173
2,0.3,0.1,1,1,7,5,0.26359995
15,0.2,0.4,4,2,2,5,0.5927936102
2,0.3,0.7,1,5,1,5,0.3535526834
2,0.9,0.3,1,7,5,5,0.2792009392
2,0.9,0.1,1,3,3,5,0.265234059
2,0.5,0.7,1,1,9,5,0.2891490173
5,0.2,0.4,2,4,2,5,0.5484266261
2,0.5,0.9,1,9,9,5,0.3065377106
2,0.3,0.3,1,7,9,5,0.2903746624
2,0.1,0.9,1,1,3,5,0.3471784041
2,0.3,0.7,1,9,3,5,0.3381469126
2,0.9,0.9,1,1,1,5,0.3335731642
2,0.3,0.7,1,7,1,5,0.3535384006
2,0.82049,0.28474,3.55,4.81,1.63,2,0.3279829448
2,0.5,0.5,1,7,7,5,0.2929076186
2,0.9,0.7,1,1,7,5,0.2793300905
2,0.5,0.5,1,7,5,5,0.2997878963
2,0.9,0.3,1,5,1,5,0.3024715432
2,0.3,0.3,1,3,9,5,0.2872360086
2,0.5,0.7,1,1,1,5,0.3442691309
2,0.5,0.1,1,1,1,5,0.2770147107
2,0.9,0.9,1,7,5,5,0.3003239933
2,0.9,0.9,1,9,3,5,0.3110562103
2,0.9,0.5,1,7,5,5,0.2861772397
2,0.7,0.9,1,9,5,5,0.3080696405
2,0.3,0.1,1,9,1,5,0.3052886097
2,0.7,0.3,1,1,9,5,0.2650400166
10,0.6,0.1,6,6,1,5,0.4983234288
2,0.3,0.7,1,7,3,5,0.3383293856
2,0.5,0.3,1,3,7,5,0.2789675198
2,0.7,0.9,1,1,9,5,0.2879337689
2,0.9,0.5,1,5,9,5,0.2809194048
25,0.18543,0.41777,2.81,1.31,6.88,4.32,0.5293436613
2,0.5,0.7,1,7,9,5,0.298526857
15,0.2,0.2,2,2,4,5,0.4272222847
2,0.1,0.1,1,9,7,5,0.2956483285
2,0.1,0.3,1,5,7,5,0.3265294392
15,0.60092,0.9456,2.95,3.79,2.19,2,0.6904979183
2,0.9,0.5,1,9,3,5,0.2948276704
2,0.7,0.7,1,3,9,5,0.285939607
2,0.5,0.5,1,3,9,5,0.2874649751
2,0.3,0.1,1,1,9,5,0.2631752175
25,0.6241,0.67099,7.88,1.39,3.43,2.87,0.6182189723
2,0.9,0.3,1,9,3,5,0.2867399047
2,0.5,0.5,1,9,1,5,0.3389007642
2,0.9,0.9,1,5,9,5,0.2899203186
2,0.1,0.7,1,9,7,5,0.3506018818
2,0.9,0.5,1,9,5,5,0.2881824179
21,2,6,0.2,0.6,0.2,1,0.4955958432
2,0.9,0.7,1,7,7,5,0.2883326264
25,0.5969,0.2783,6.42,10.66,6.68,5.49,0.6904751636
2,0.3,0.3,1,3,1,5,0.3370378067
2,0.9,0.1,1,9,7,5,0.2758237742
15,0.85121,0.42131,4.12,3.65,2.62,2,0.5553370264
2,0.5,0.9,1,5,7,5,0.3078369805
2,0.3,0.5,1,3,7,5,0.304851286
15,0.39385,0.93629,2.94,4.36,8.69,1.19,0.8463794094
15,0.1,0.1,6,1,6,5,0.1945596372
2,0.3,0.3,1,1,1,5,0.3331535635
10,0.4,0.4,2,2,4,5,0.3424483873
10,0.78358,0.7586,3.06,5.35,7.92,6.52,0.438103886
10,0.1,0.6,6,1,6,5,0.5972523344
2,0.7,0.3,1,7,1,5,0.3117689787
2,0.1,0.3,1,9,9,5,0.3217130732
2,0.3,0.9,1,1,7,5,0.3230283295
2,0.1,0.9,1,3,1,5,0.3143571863
15,0.4,0.2,4,2,4,5,0.2131425659
5,0.49925,0.60772,7.57,10.59,9.57,2.22,0.6229359952
2,0.3,0.3,1,5,9,5,0.2892117335
2,0.1,0.9,1,1,7,5,0.3531363261
2,0.5,0.1,1,5,7,5,0.2716491346
2,0.1,0.3,1,3,5,5,0.3333543359
2,0.1,0.5,1,5,3,5,0.3533823569
2,0.1,0.7,1,5,7,5,0.3510439694
2,0.1,0.1,1,5,9,5,0.2901168537
2,0.7,0.3,1,1,9,5,0.2650304895
10,0.35073,0.67606,8.08,5.21,6.62,7.12,0.6882723971
2,0.1,0.9,1,3,5,5,0.3530453917
2,0.3,0.9,1,7,5,5,0.3351192733
2,0.1,0.1,1,5,3,5,0.309138156
2,0.1,0.1,1,7,1,5,0.3386610081
2,0.3,0.1,1,7,9,5,0.2766670658
2,0.3,0.9,1,7,9,5,0.321065491
2,0.7,0.1,1,9,3,5,0.2788342912
2,0.7,0.1,1,9,3,5,0.2797394334
2,0.3,0.7,1,5,9,5,0.3124194252
2,0.5,0.9,1,9,5,5,0.3171025459
10,0.4,0.4,2,2,4,5,0.4019422478
2,0.9,0.9,1,1,1,5,0.3333243356
25,0.17102,0.23451,3.59,6.18,4.27,10.54,0.6257071391
2,0.431,0.93842,3.96,2.23,6.37,6.52,0.3333089521
2,0.5,0.9,1,1,7,5,0.3040600191
15,0.4,0.2,4,4,4,5,0.4340021168
25,0.58418,0.50493,1.64,2.73,3.02,5.74,0.4480380641
2,0.5,0.3,1,7,1,5,0.3226073457
15,0.4,0.4,4,2,4,5,0.4044622587
2,0.3,0.1,1,1,5,5,0.2643773923
10,0.96844,0.82276,4.16,8.1,9.37,4.18,0.5969911984
2,0.9,0.5,1,7,5,5,0.2865607345
20,0.73436,0.71417,4.49,3.52,3.43,1,0.9609068915
15,0.4,0.2,4,4,2,5,0.6125832261
2,0.5,0.3,1,3,3,5,0.292897373
2,0.7,0.1,1,3,7,5,0.2637871345
2,0.5,0.5,1,1,9,5,0.2807591453
5,0.68,0.17822,9.53,7.9,10.4,5.4,0.495865104
5,0.6,0.6,1,6,6,5,0.3104690275
2,0.5,0.9,1,3,1,5,0.3510063404
5,0.6,0.6,1,1,1,5,0.4646800771
2,0.1,0.9,1,3,9,5,0.3515286203
2,0.1,0.9,1,9,1,5,0.3154077568
5,0.52606,0.62586,3.64,1.79,3.89,1,0.5082055948
10,0.64758,0.77406,2.04,8.88,2.2,8.29,0.6115406597
2,0.7,0.9,1,7,3,5,0.3186118578
5,0.27834,0.43516,5.42,1.84,8.25,6.15,0.3974366307
25,0.43502,0.1969,10.2,3.6,7.42,7,0.4668479361
10,0.1,0.6,1,6,1,5,0.4294813672
2,0.9,0.5,1,5,3,5,0.2917037877
2,0.7,0.5,1,5,9,5,0.2830806633
2,0.1,0.7,1,9,7,5,0.3507270858
2,0.5,0.3,1,9,7,5,0.2843693388
2,0.7,0.9,1,3,7,5,0.2977925896
5,0.35965,0.91068,2.8,3.23,1.05,3,0.5011457493
2,0.3,0.9,1,1,9,5,0.3181373839
2,0.9,0.1,1,5,9,5,0.2672656009
2,0.5,0.7,1,5,3,5,0.3207689186
10,0.59984,0.1893,8.9,3.29,10.38,9.69,0.3136805143
2,0.7,0.5,1,1,5,5,0.2817774174
2,0.7,0.7,1,1,5,5,0.2904830245
5,0.64928,0.63799,9.86,8.29,2.14,5.54,0.575093388
2,0.3,0.1,1,7,7,5,0.2769731527
2,0.3,0.3,1,7,1,5,0.338424665
2,0.3,0.5,1,5,1,5,0.350357023
2,0.1,0.1,1,7,1,5,0.3383217999
20,0.13365,0.56667,6.85,6.25,5.75,8.88,0.7361932851
25,0.92599,0.75592,9.75,1.68,4.96,6.62,0.4741798286
2,0.3,0.9,1,3,9,5,0.3215976728
2,0.5,0.9,1,7,9,5,0.3056620301
2,0.5,0.3,1,3,3,5,0.2914438914
2,0.9,0.9,1,9,7,5,0.2947629489
2,0.7,0.1,1,3,7,5,0.263328212
2,0.9,0.7,1,1,7,5,0.2787933643
2,0.3,0.1,1,7,1,5,0.3029421954
5,0.64943,0.21893,1.08,1.39,3.76,2,0.1608152489
2,0.5,0.1,1,3,5,5,0.2683773094
2,0.1,0.1,1,1,1,5,0.3348935016
2,0.3,0.3,1,7,1,5,0.3393768692
15,0.6,0.6,1,6,1,5,0.7233613788
2,0.9,0.5,1,1,1,5,0.3125317459
2,0.9,0.7,1,9,3,5,0.3036334739
2,0.5,0.3,1,7,3,5,0.2968777284
15,0.80575,0.24814,3.25,3.3,2.94,4,0.3137404104
2,0.9,0.3,1,3,3,5,0.2794536556
2,0.7,0.7,1,7,3,5,0.3100188478
2,0.9,0.9,1,1,9,5,0.2809484079
2,0.9,0.7,1,9,5,5,0.2939903527
2,0.5,0.1,1,3,1,5,0.2844178483
25,0.26725,0.17029,4.75,5.74,3.74,6.91,0.6416249086
2,0.5,0.9,1,7,7,5,0.3096709454
2,0.72107,0.30563,1.83,6.82,6.39,8.88,0.2902417741
2,0.1,0.3,1,7,7,5,0.3267579266
2,0.7,0.5,1,7,1,5,0.3280481752
2,0.3,0.1,1,5,5,5,0.276801402
2,0.3,0.1,1,3,3,5,0.2775862719
2,0.7,0.3,1,5,7,5,0.2772779888
21,0.5,0.375,2,2.8,5.5,6,0.3544596188
2,0.9,0.9,1,9,9,5,0.2913079366
5,0.94595,0.67468,6.88,1.78,8.53,10.73,0.2706382026
2,0.9,0.9,1,5,7,5,0.292826201
2,0.3,0.9,1,5,3,5,0.3457284367
2,0.7,0.5,1,9,7,5,0.2885353945
2,0.5,0.9,1,5,5,5,0.3159127067
15,0.2,0.2,2,2,2,5,0.5560204232
2,0.3,0.1,1,1,9,5,0.2609238763
2,0.1,0.9,1,7,5,5,0.3531444595
2,0.3,0.1,1,7,7,5,0.2775097987
2,0.3,0.1,1,5,3,5,0.2837530429
2,0.3,0.5,1,7,5,5,0.315076328
2,0.9,0.9,1,9,3,5,0.3104373711
2,0.1,0.5,1,1,3,5,0.3531859274
2,0.5,0.5,1,5,5,5,0.2982306009
2,0.1,0.1,1,5,3,5,0.3092408718
2,0.7,0.7,1,7,7,5,0.2940898711
2,0.1,0.3,1,9,3,5,0.3462330324
2,0.7,0.9,1,5,5,5,0.3052046124
2,0.1,0.1,1,3,3,5,0.3078267911
25,0.94138,0.73078,9.11,9.55,4.9,8.71,0.7888612637
2,0.7,0.7,1,9,9,5,0.2909226517
2,0.3,0.9,1,1,9,5,0.3173980671
2,0.5,0.5,1,9,5,5,0.3002593532
2,0.3,0.3,1,9,9,5,0.2905597195
2,0.5,0.7,1,1,3,5,0.3145344834
2,0.9,0.3,1,7,3,5,0.2864802504
2,0.3,0.9,1,5,7,5,0.3264282493
2,0.7,0.5,1,9,3,5,0.3006886538
2,0.3,0.1,1,3,3,5,0.2788278047
2,0.9,0.7,1,9,1,5,0.3307358908
2,0.9,0.1,1,3,9,5,0.2623259828
2,0.1,0.7,1,7,3,5,0.3518618541
2,0.5,0.5,1,1,7,5,0.285217305
2,0.3,0.5,1,7,9,5,0.303549964
10,0.1,0.1,6,6,6,5,0.5983183454
2,0.24975,0.74167,4.24,7.98,6.09,2.53,0.3533591885
2,0.3,0.1,1,9,9,5,0.2783195874
2,0.1,0.5,1,7,9,5,0.3383411278
10,0.2,0.4,4,4,4,5,0.7195054487
2,0.3,0.7,1,5,1,5,0.3535008414
2,0.1,0.7,1,7,5,5,0.3532900589
21,0.1,0.1,1,100,100,100,0.17469303
2,0.5,0.7,1,3,7,5,0.2993053834
2,0.3,0.1,1,1,1,5,0.2917417882
10,0.4,0.4,2,2,2,5,0.53400044
2,0.9,0.5,1,1,9,5,0.2679144733
2,0.5,0.9,1,9,9,5,0.305883639
20,0.94377,0.89625,4.82,2.7,1.42,7.88,0.698542604
2,0.1,0.7,1,7,7,5,0.350138118
2,0.5,0.7,1,5,5,5,0.3083505851
2,0.7,0.3,1,1,7,5,0.2653353795
10,0.72876,0.29467,10.23,5.73,10.95,8.74,0.5509513242
2,0.7,0.9,1,3,3,5,0.3157944234
2,0.1,0.7,1,3,5,5,0.3531380361
2,0.1,0.1,1,9,5,5,0.3000116801
2,0.5,0.3,1,5,9,5,0.2819385502
2,0.9,0.3,1,3,1,5,0.2985537331
2,0.3,0.3,1,5,1,5,0.3392487538
2,0.3,0.5,1,9,5,5,0.3154833326
2,0.63157,0.45448,1.57,7.06,10.22,8.93,0.2904664856
2,0.7,0.7,1,5,1,5,0.33829791
2,0.7,0.5,1,5,9,5,0.2829978559
2,0.5,0.5,1,3,9,5,0.2868118656
2,0.5,0.9,1,1,1,5,0.3480606819
2,0.5,0.9,1,5,5,5,0.316080985
2,0.7,0.7,1,1,9,5,0.2807621702
2,0.1,0.5,1,5,3,5,0.3534595483
2,0.1,0.9,1,9,1,5,0.3145759772
20,0.46245,0.41841,3.4,1.87,4.02,3,0.2299681821
20,0.217,0.30235,3.15,3.27,2.9,2,0.7825880631
2,0.3,0.7,1,3,3,5,0.3372049674
2,0.7,0.7,1,9,7,5,0.2951617631
2,0.5,0.9,1,3,5,5,0.314416507
2,0.7,0.3,1,5,5,5,0.2812730677
2,0.5,0.3,1,7,7,5,0.2839002541
2,0.9,0.9,1,5,7,5,0.292978995
2,0.3,0.1,1,7,9,5,0.276514383
2,0.3,0.7,1,5,3,5,0.3373399236
2,0.9654,0.63201,7.71,2.63,10.74,9.73,0.3061251011
2,0.9,0.7,1,3,1,5,0.327436084
15,0.2,0.4,2,2,4,5,0.6408663029
2,0.9,0.3,1,5,1,5,0.3024947184
2,0.7,0.5,1,7,3,5,0.3003759818
2,0.7,0.3,1,5,1,5,0.3111060906
2,0.3,0.9,1,9,5,5,0.3356380406
2,0.3,0.3,1,9,7,5,0.2962137046
2,0.3,0.3,1,3,5,5,0.2964549873
5,0.56527,0.18191,1.18,3.08,4.01,3,0.2560669374
2,0.7,0.1,1,5,5,5,0.2706864692
2,0.7,0.7,1,9,9,5,0.2914455231
2,0.7,0.3,1,9,1,5,0.311563652
2,0.1,0.9,1,1,1,5,0.3159577484
15,0.20987,0.26954,3.86,4.39,2.47,4,0.7220817369
2,0.3,0.7,1,9,3,5,0.338854094
2,0.5,0.7,1,7,1,5,0.3477587682
10,0.4,0.2,2,2,2,5,0.2626903007
2,0.7,0.3,1,7,5,5,0.2828354956
2,0.5,0.1,1,3,3,5,0.2723338065
2,0.7,0.5,1,9,5,5,0.2915317228
10,0.4,0.2,2,2,4,5,0.2056646094
25,0.20293,0.81693,7.28,6.82,4.26,9.13,0.6872752534
10,0.13799,0.74634,8.6,1.43,6.14,10.73,0.6841280532
15,0.62116,0.19436,7.59,1.05,9.26,1.57,0.1254461673
2,0.5,0.5,1,7,1,5,0.3373811698
2,0.9,0.9,1,1,1,5,0.3324501761
2,0.5,0.1,1,7,1,5,0.292117803
2,0.9,0.5,1,3,9,5,0.2766901554
5,0.1,0.1,6,1,6,5,0.2647919118
10,0.6,0.1,1,1,6,5,0.06192337361
5,0.18549,0.34592,10.36,1.79,6.3,3.92,0.5344158283
2,0.3,0.9,1,7,9,5,0.3220386521
2,0.7,0.3,1,5,9,5,0.2768830585
2,0.3,0.5,1,7,1,5,0.3503728712
2,0.1,0.9,1,3,5,5,0.3530568878
2,0.9,0.5,1,1,1,5,0.3107088808
2,0.3,0.3,1,1,1,5,0.3332397401
2,0.7,0.3,1,5,9,5,0.2770190044
2,0.7,0.5,1,3,3,5,0.296673052
2,0.7,0.5,1,3,5,5,0.2872931866
2,0.1,0.5,1,3,1,5,0.341330608
2,0.5,0.7,1,9,1,5,0.347367657
2,0.7,0.1,1,7,9,5,0.2736825977
2,0.5,0.7,1,5,9,5,0.2972002776
2,0.9,0.7,1,9,3,5,0.3037408045
2,0.1,0.1,1,7,5,5,0.2993555082
2,0.1,0.7,1,7,7,5,0.3506710471
20,0.61558,0.43734,8.02,6.77,2.88,8.1,0.7709744575
10,0.1,0.1,6,1,1,5,0.5598138197
2,0.1,0.5,1,9,9,5,0.3388027765
5,0.2,0.4,4,4,2,5,0.553714793
2,0.3,0.3,1,7,5,5,0.2976542901
2,0.7,0.9,1,3,1,5,0.3453904451
2,0.7,0.3,1,5,3,5,0.2871751033
15,0.37847,0.37648,2.83,4.48,1.6,8.77,0.6211559262
2,0.5,0.3,1,5,5,5,0.2871544054
2,0.1,0.3,1,9,3,5,0.3461381212
2,0.5,0.9,1,9,5,5,0.3181498795
2,0.3,0.1,1,3,9,5,0.2692321528
2,0.5,0.3,1,7,3,5,0.2962278523
2,0.9,0.1,1,5,3,5,0.2722953262
5,0.9785,0.25967,4.7,9.86,9.56,4.66,0.490455526
15,0.31361,0.86531,9.38,5.72,10.36,10.83,0.7074667164
2,0.41486,0.21434,7.33,8.42,4.55,6.94,0.329577125
2,0.3,0.3,1,5,3,5,0.3089753637
15,0.2,0.4,2,2,4,5,0.6128473372
2,0.9,0.5,1,1,1,5,0.3101833513
2,0.7,0.5,1,7,3,5,0.2996699667
2,0.9,0.9,1,7,3,5,0.311540474
2,0.1,0.5,1,5,1,5,0.3407664966
2,0.3,0.3,1,7,9,5,0.2920449904
10,0.4,0.4,2,2,2,5,0.5040117651
2,0.3,0.5,1,5,3,5,0.3264445444
2,0.9,0.7,1,3,7,5,0.2845482662
2,0.3,0.9,1,3,7,5,0.3261331346
5,0.47384,0.14063,10.21,9.08,10.19,10.63,0.4875252422
2,0.3,0.9,1,1,5,5,0.3316483666
2,0.5,0.3,1,7,1,5,0.3224544261
2,0.9,0.9,1,7,5,5,0.2995652191
2,0.3,0.5,1,1,9,5,0.2958344499
2,0.9,0.1,1,5,9,5,0.2676828592
10,0.14224,0.95347,6.34,3.12,6.42,7.26,0.6446183949
2,0.9,0.3,1,1,1,5,0.2924790701
2,0.1,0.1,1,9,5,5,0.2997804533
25,0.69124,0.60668,3.01,7.9,5.04,1.03,0.8954572354
2,0.7,0.7,1,1,9,5,0.2815118214
25,0.57802,0.70965,5.83,9.3,8.67,9.71,0.6561912176
2,0.5,0.7,1,3,1,5,0.3471890728
2,0.1,0.9,1,3,7,5,0.3531902209
2,0.9,0.7,1,3,5,5,0.2904418221
2,0.1,0.1,1,7,5,5,0.3004406405
2,0.9,0.5,1,7,9,5,0.2822934423
2,0.9,0.5,1,3,7,5,0.2792466472
15,0.28792,0.88006,5.83,9.68,3.43,7.52,0.633420109
10,0.72971,0.61546,10.63,8.25,3.33,8.43,0.723451885
15,0.63985,0.33185,8.89,1.33,5.3,6.21,0.2375070502
2,0.7,0.3,1,7,3,5,0.2883791756
2,0.5,0.9,1,3,3,5,0.3274697865
5,0.1,0.6,1,1,1,5,0.4322218578
2,0.7,0.9,1,5,3,5,0.3169556032
2,0.3,0.1,1,5,1,5,0.3019453883
25,0.72834,0.84039,5.59,7.69,4.08,10.95,0.6619906374
10,0.6,0.1,6,1,6,5,0.08382808668
2,0.5,0.5,1,5,5,5,0.2974041985
15,0.1,0.6,1,1,1,5,0.4302185239
2,0.3,0.9,1,7,7,5,0.3272010651
2,0.5,0.5,1,3,7,5,0.2906141242
2,0.9,0.9,1,1,9,5,0.2807429068
2,0.9,0.3,1,7,5,5,0.2798502064
15,0.1,0.6,6,1,1,5,0.4414178672
5,0.4,0.4,4,2,2,5,0.4689546707
2,0.7,0.9,1,5,9,5,0.2954196572
2,0.9,0.3,1,3,7,5,0.2712405113
2,0.5,0.3,1,5,3,5,0.2950742561
2,0.3,0.9,1,7,9,5,0.3213324878
2,0.3,0.1,1,3,1,5,0.2987247124
2,0.1,0.9,1,3,3,5,0.3472360708
2,0.5,0.7,1,3,5,5,0.3068663642
2,0.9816,0.61344,8.87,5.38,4.12,1.16,0.3467791153
2,0.7,0.9,1,3,3,5,0.315542035
2,0.5,0.3,1,1,5,5,0.2769646475
2,0.1,0.5,1,9,9,5,0.3393688962
2,0.5,0.9,1,3,7,5,0.3072204549
2,0.1,0.1,1,7,9,5,0.2900038254
2,0.1,0.7,1,5,3,5,0.3517772031
2,0.5,0.3,1,3,5,5,0.2833105891
2,0.7,0.7,1,9,9,5,0.2913268198
15,0.1,0.1,6,6,6,5,0.631003299
2,0.9,0.3,1,9,7,5,0.2798211959
2,0.5,0.7,1,1,7,5,0.2943043255
2,0.9,0.1,1,9,9,5,0.2754521878
2,0.9,0.1,1,9,3,5,0.2782254717
2,0.5,0.1,1,1,1,5,0.2772647207
25,0.33098,0.77965,5.82,5.44,7.89,10.23,0.6846842173
10,0.66786,0.39799,6.31,4.13,3.07,10.22,0.4980418666
2,0.9,0.5,1,7,9,5,0.280718331
2,0.7,0.7,1,5,1,5,0.3387048849
2,0.9,0.1,1,9,3,5,0.2784856247
2,0.9,0.1,1,1,7,5,0.2538543461
2,0.7,0.3,1,5,5,5,0.280583343
2,0.7,0.5,1,7,7,5,0.2869471108
2,0.9,0.3,1,1,3,5,0.2731605691
2,0.5,0.7,1,1,7,5,0.29408699
2,0.1,0.9,1,7,1,5,0.3135698439
21,2,2,0.2,0.6,0.2,0.6,0.5955489805
2,0.1,0.9,1,7,1,5,0.3159688465
2,0.5,0.5,1,1,7,5,0.2845247645
2,0.9,0.7,1,1,9,5,0.2752967395
10,0.2,0.4,2,2,2,5,0.5986228251
2,0.7,0.7,1,9,7,5,0.2954484054
2,0.7,0.3,1,7,3,5,0.2885853912
2,0.1,0.1,1,9,1,5,0.3389904245
2,0.9,0.3,1,5,1,5,0.3027329425
10,0.6,0.6,6,1,1,5,0.5362912055
2,0.7,0.5,1,7,3,5,0.3015356383
2,0.9,0.9,1,7,1,5,0.3390589938
10,0.6,0.1,1,1,1,5,0.07632408229
10,0.54591,0.1186,5.87,5.87,1.82,2.65,0.5737829228
2,0.1,0.5,1,3,5,5,0.3484116966
2,0.9,0.9,1,9,3,5,0.3117838449
5,0.2,0.2,4,2,2,5,0.462190204
2,0.9,0.5,1,7,5,5,0.2875250056
2,0.5,0.1,1,1,7,5,0.2569097783
2,0.9,0.7,1,3,5,5,0.2901170648
2,0.5,0.9,1,1,3,5,0.3262416098
2,0.1,0.3,1,9,5,5,0.3350780369
2,0.5,0.1,1,9,3,5,0.281244311
2,0.1,0.1,1,9,7,5,0.2949361624
2,0.3,0.1,1,7,3,5,0.2857407674
2,0.3,0.7,1,7,7,5,0.3184639035
2,0.3,0.3,1,9,1,5,0.3391221913
2,0.5,0.5,1,9,5,5,0.2995681971
25,0.53796,0.75666,7.9,2.98,9.22,2.96,0.773340043
15,0.4,0.2,2,4,2,5,0.3764653917
2,0.3,0.3,1,3,7,5,0.2906817778
2,0.5,0.5,1,7,1,5,0.3386017739
2,0.1,0.9,1,3,1,5,0.3153389415
2,0.9,0.9,1,9,5,5,0.2999133712
2,0.7,0.1,1,9,1,5,0.2896218245
2,0.1,0.9,1,5,9,5,0.3516598499
2,0.7,0.7,1,1,7,5,0.283915189
2,0.5,0.1,1,9,1,5,0.2941338744
2,0.5,0.9,1,9,9,5,0.3063857141
2,0.3,0.9,1,5,7,5,0.3260901376
10,0.23226,0.82419,1.09,7.88,4.95,6.33,0.6487742872
2,0.3,0.5,1,1,7,5,0.3007771674
2,0.5,0.1,1,3,5,5,0.2669627844
2,0.7,0.5,1,5,7,5,0.2854846581
20,0.65316,0.42474,1.15,2.66,2.51,3,0.103476963
5,0.4,0.4,4,2,2,5,0.4716487021
2,0.5,0.5,1,9,1,5,0.3391276448
2,0.7,0.9,1,3,7,5,0.2959669836
2,0.7,0.1,1,3,9,5,0.2639643853
2,0.5,0.3,1,5,9,5,0.2812172144
20,0.3738,0.24561,3.89,8.98,4.03,9.18,0.5635658141
2,0.5,0.9,1,3,9,5,0.3020196517
2,0.7,0.7,1,7,1,5,0.338040382
5,0.46313,0.48338,8.97,1.48,4.46,4.77,0.4190295607
2,0.7,0.5,1,7,7,5,0.2892656943
2,0.9,0.5,1,7,1,5,0.3200680694
21,0.1,0.1,1,100,1,10,0.6211582019
2,0.7,0.9,1,7,5,5,0.3073135339
2,0.1,0.7,1,3,9,5,0.3467488379
2,0.3,0.1,1,9,3,5,0.2860999259
2,0.5,0.9,1,1,7,5,0.3036044845
2,0.3,0.3,1,7,5,5,0.298824635
21,2,6,0.2,0.2,0.2,1,0.500035607
25,0.55148,0.901,4.66,9.35,1.58,10.89,0.6471031234
2,0.48439,0.15815,1.59,8.47,7.39,1.17,0.3251098937
20,0.77434,0.26264,4.15,3.97,4.82,4,0.1734617628
2,0.5,0.9,1,9,1,5,0.3517621432
5,0.48922,0.19972,10.76,7.24,6.4,1.54,0.5516389149
15,0.6,0.6,6,6,6,5,0.6639991346
2,0.1,0.5,1,5,7,5,0.3432011259
15,0.1,0.6,1,6,6,5,0.7090376214
2,0.5,0.7,1,9,9,5,0.2991044696
2,0.1,0.7,1,1,5,5,0.3529454852
2,0.5,0.9,1,5,7,5,0.3100371576
2,0.7,0.7,1,1,5,5,0.2898067091
2,0.7,0.7,1,9,1,5,0.3392842968
15,0.2,0.2,4,2,2,5,0.616178576
2,0.9,0.3,1,9,3,5,0.2865403216
2,0.9,0.5,1,3,3,5,0.2890721561
2,0.7,0.7,1,1,1,5,0.3336772958
5,0.6,0.6,6,6,1,5,0.5324176832
2,0.9,0.5,1,7,1,5,0.3202110677
2,0.9,0.1,1,5,1,5,0.2795502258
2,0.9,0.5,1,7,7,5,0.2849797149
10,0.1,0.1,1,6,1,5,0.6046601698
2,0.1,0.7,1,9,9,5,0.3473797513
2,0.5,0.3,1,1,1,5,0.3139448275
2,0.3,0.9,1,3,5,5,0.3331203979
2,0.3,0.3,1,5,7,5,0.2915476111
2,0.21868,0.43338,3.42,5.76,1.41,10.09,0.352086164
2,0.5,0.9,1,3,3,5,0.3283243632
2,0.9,0.9,1,7,5,5,0.2994363904
2,0.5,0.1,1,5,5,5,0.2738784792
2,0.9,0.9,1,3,7,5,0.290956327
15,0.4,0.4,2,2,4,5,0.4315645902
2,0.9,0.9,1,7,1,5,0.3387030338
2,0.7,0.9,1,5,1,5,0.344663233
2,0.9,0.3,1,1,5,5,0.265210666
2,0.9,0.7,1,5,5,5,0.2914272225
2,0.7,0.3,1,1,9,5,0.2652300407
2,0.7,0.1,1,1,3,5,0.259085088
2,0.5,0.3,1,3,5,5,0.2833673338
2,0.5,0.1,1,1,9,5,0.2554789854
10,0.4,0.2,2,2,4,5,0.1790660969
5,0.4,0.2,4,2,2,5,0.3300762723
2,0.1,0.9,1,5,9,5,0.3516258966
2,0.7,0.3,1,1,7,5,0.2668462611
10,0.4,0.4,4,4,4,5,0.6006165734
5,0.99749,0.79123,3.19,2.18,4.55,5.67,0.3413915007
5,0.1,0.1,1,1,6,5,0.1932709147
2,0.5,0.3,1,9,9,5,0.2839335952
2,0.1,0.3,1,3,9,5,0.3196954494
5,0.68484,0.33238,1.63,3.96,4.05,5.08,0.3198614352
2,0.3,0.9,1,1,3,5,0.3427420399
2,0.5,0.9,1,7,3,5,0.3296570782
2,0.7,0.1,1,1,3,5,0.258607411
15,0.6,0.6,1,1,1,5,0.5689022189
21,0.1,1,1,10,100,100,0.1580479017
2,0.1,0.5,1,5,5,5,0.3488607131
2,0.9,0.1,1,7,5,5,0.274952226
2,0.5,0.5,1,5,5,5,0.2989069322
2,0.1,0.7,1,3,1,5,0.3277393087
2,0.9,0.7,1,3,3,5,0.299261014
2,0.5,0.7,1,1,5,5,0.3022064986
10,0.59131,0.60168,5.24,7.89,2.12,5.86,0.723217595
10,0.96222,0.63637,9.87,5.54,9.95,1.24,0.8427804886
2,0.1,0.7,1,9,5,5,0.3532667589
2,0.9,0.9,1,5,9,5,0.2887110768
2,0.7,0.7,1,5,3,5,0.3096287063
2,0.1,0.9,1,3,1,5,0.3151155147
2,0.1,0.9,1,5,5,5,0.353023326
2,0.3,0.3,1,3,5,5,0.2963963772
2,0.9,0.7,1,7,1,5,0.3306318619
2,0.5,0.5,1,5,7,5,0.2930562885
2,0.3,0.5,1,1,1,5,0.3481713332
2,0.9,0.5,1,9,7,5,0.2850861218
15,0.70553,0.61092,3.79,2.94,1.37,4,0.7220487959
15,0.1,0.1,1,1,1,5,0.6125073338
20,0.47467,0.77996,10.81,5.67,2.4,5.16,0.68326028
10,0.2,0.2,2,2,4,5,0.4050567671
2,0.9,0.1,1,5,1,5,0.2800877474
2,0.1,0.9,1,9,7,5,0.3532517336
2,0.1,0.1,1,3,1,5,0.3372050402
2,0.3,0.5,1,3,1,5,0.3496251344
2,0.9,0.9,1,7,9,5,0.2900683732
2,0.7,0.7,1,3,5,5,0.2970188023
15,0.1,0.6,1,1,1,5,0.4349429952
2,0.9,0.5,1,7,9,5,0.2815793875
2,0.1,0.9,1,9,7,5,0.3533695629
2,0.9,0.9,1,1,5,5,0.2908262082
5,0.4,0.2,4,2,2,5,0.3567434576
2,0.1,0.5,1,3,1,5,0.3416941399
2,0.5,0.3,1,3,3,5,0.2911328111
2,0.5,0.5,1,3,9,5,0.2870979927
2,0.7,0.1,1,7,9,5,0.273363487
2,0.1,0.9,1,5,3,5,0.3464952348
2,0.5,0.9,1,1,9,5,0.2981618247
5,0.1558,0.11495,6.35,4.6,9.14,5.87,0.4605699786
2,0.3,0.5,1,1,9,5,0.295709997
2,0.3,0.5,1,1,9,5,0.2972760563
2,0.1,0.3,1,3,3,5,0.3447522685
2,0.1,0.9,1,1,1,5,0.318487365
2,0.12727,0.34525,2.71,4.39,6.15,6.35,0.3390172307
2,0.3,0.1,1,9,7,5,0.2803102931
2,0.5,0.9,1,9,1,5,0.3518348252
15,0.48865,0.22189,3.66,4.45,3.3,3,0.4444018527
2,0.5,0.9,1,9,9,5,0.3058622105
2,0.5459,0.32214,7.89,7.29,2.03,9.57,0.3329841099
21,0.5,0.375,7,2.8,5.5,4,0.6308822558
2,0.5,0.9,1,3,3,5,0.3275624188
2,0.5,0.1,1,5,1,5,0.2902978784
2,0.1,0.3,1,9,5,5,0.3348475364
2,0.3,0.1,1,1,9,5,0.2610737416
2,0.9,0.3,1,5,5,5,0.2773453838
2,0.9,0.3,1,5,7,5,0.2762554432
5,0.1,0.1,1,1,1,5,0.4535209585
5,0.32463,0.75382,9.27,2.07,1.51,9.29,0.5453024885
2,0.1,0.5,1,1,1,5,0.343331253
2,0.5,0.7,1,3,5,5,0.3067012856
2,0.1,0.5,1,3,1,5,0.3420538551
2,0.3,0.9,1,7,1,5,0.3518814062
2,0.3,0.9,1,3,9,5,0.3197542466
2,0.7,0.5,1,3,1,5,0.3254792574
2,0.1,0.9,1,1,9,5,0.3510339178
2,0.9,0.9,1,9,1,5,0.3387973359
2,0.3,0.1,1,7,3,5,0.2851861927
2,0.3,0.9,1,9,3,5,0.345655728
2,0.9,0.9,1,9,7,5,0.295330323
2,0.9,0.3,1,7,1,5,0.3043703694
25,0.39984,0.26934,5.26,9.21,2.92,1.03,1.025521869
10,0.6,0.6,1,6,1,5,0.5985702762
2,0.7,0.1,1,9,5,5,0.2775547804
2,0.9,0.9,1,1,9,5,0.2811740241
2,0.1,0.9,1,9,5,5,0.3529607156
2,0.5,0.1,1,9,7,5,0.2779189096
2,0.5,0.1,1,5,9,5,0.2706820496
5,0.2,0.2,2,2,2,5,0.4193899882
2,0.36393,0.40755,3.56,4.93,2.77,1,0.3498571328
2,0.1,0.9,1,5,3,5,0.346279194
2,0.9,0.5,1,7,3,5,0.2939075248
2,0.7,0.9,1,3,9,5,0.2927251905
2,0.1,0.5,1,9,7,5,0.3432721895
2,0.5,0.7,1,5,3,5,0.3213545637
2,0.5,0.5,1,3,7,5,0.2905400302
2,0.5,0.1,1,1,5,5,0.2582580331
2,0.7,0.7,1,1,9,5,0.2803844984
2,0.9,0.5,1,1,3,5,0.2839629268
2,0.5,0.5,1,3,5,5,0.2955061474
2,0.9,0.1,1,3,9,5,0.2625558625
2,0.7,0.1,1,3,3,5,0.2675749819
2,0.1,0.5,1,7,5,5,0.3483963648
2,0.7,0.3,1,1,3,5,0.2751293393
2,0.3,0.3,1,3,3,5,0.3077961543
10,0.6,0.1,1,6,1,5,0.3092280684
2,0.1,0.5,1,3,9,5,0.3369742578
2,0.1,0.1,1,7,3,5,0.3102899569
2,0.9,0.7,1,1,1,5,0.3250554868
5,0.4,0.2,4,4,4,5,0.4234396489
2,0.5,0.3,1,9,5,5,0.2899550139
2,0.5,0.5,1,1,9,5,0.2809627575
10,0.6,0.1,1,6,1,5,0.2232491039
15,0.29253,0.18881,4.02,8.17,10.71,4.38,0.5891237008
2,0.9,0.5,1,5,9,5,0.2799538613
10,0.2,0.4,2,4,4,5,0.6356605293
5,0.6,0.1,1,1,1,5,0.1520169245
2,0.9,0.3,1,7,3,5,0.284570486
2,0.7465,0.30602,8.99,9.31,9.48,9.77,0.3228621238
2,0.7,0.9,1,7,3,5,0.3185339386
2,0.3,0.7,1,1,1,5,0.3532904412
2,0.1,0.3,1,3,7,5,0.3256949637
15,0.75531,0.90841,8.4,9.38,5.25,9.11,0.747697562
2,0.1,0.9,1,7,7,5,0.3533568037
2,0.5,0.9,1,5,3,5,0.3294380499
2,0.5,0.7,1,9,3,5,0.3213297482
20,0.36904,0.547,2.25,4.27,3.74,1,0.9700161875
2,0.9,0.1,1,1,5,5,0.2534611193
15,0.18941,0.46148,6.37,5.17,1.2,4.28,0.4983855975
10,0.2,0.4,4,2,4,5,0.6463678729
2,0.3,0.3,1,3,7,5,0.2906728638
2,0.1,0.9,1,3,1,5,0.3153749093
2,0.7,0.1,1,3,5,5,0.2650194385
2,0.7,0.9,1,3,7,5,0.2965663623
2,0.7,0.3,1,9,5,5,0.2840270894
2,0.5,0.1,1,9,5,5,0.2773675354
2,0.11673,0.73206,4.47,1.39,10.3,8.36,0.3481059544
2,0.9,0.3,1,1,1,5,0.2926803038
5,0.51819,0.86156,6.86,1.42,8.58,4.04,0.4337221986
10,0.93297,0.4078,6.88,3.68,7.58,5.99,0.4647814034
2,0.3,0.3,1,3,3,5,0.3071562158
2,0.5,0.9,1,9,7,5,0.3101580294
2,0.1,0.3,1,3,9,5,0.3206587421
2,0.9,0.5,1,1,9,5,0.2695075964
2,0.3,0.1,1,1,1,5,0.2925479892
2,0.3,0.7,1,1,3,5,0.334681236
2,0.3,0.5,1,3,1,5,0.3495773412
5,0.6,0.1,1,6,1,5,0.2764776427
2,0.7,0.9,1,7,1,5,0.3459028392
2,0.7,0.3,1,1,1,5,0.3016041458
5,0.4,0.2,2,2,2,5,0.2928997131
10,0.2,0.2,4,2,2,5,0.5894600956
2,0.7,0.3,1,3,7,5,0.2742244477
2,0.9,0.1,1,5,5,5,0.2697696393
2,0.7,0.7,1,9,9,5,0.2919214025
2,0.7,0.5,1,9,7,5,0.2876707575
25,0.81241,0.72812,6.91,1.98,9.32,9.85,0.2950548321
2,0.5,0.3,1,1,7,5,0.2722147056
2,0.7,0.7,1,3,9,5,0.2877689184
2,0.5,0.1,1,9,7,5,0.2779935333
10,0.1,0.6,6,6,1,5,0.3797600868
5,0.4,0.4,4,2,2,5,0.461661589
2,0.1,0.3,1,9,5,5,0.3348521665
2,0.7,0.5,1,7,9,5,0.284686842
2,0.1,0.1,1,9,5,5,0.3005066553
2,0.9,0.3,1,7,7,5,0.2787406029
2,0.1,0.7,1,5,1,5,0.3278385976
10,0.21166,0.88434,4.77,3.95,2.9,10.32,0.6141854067
2,0.5,0.7,1,7,7,5,0.3021405334
5,0.6,0.1,6,1,6,5,0.1259495152
15,0.6,0.6,6,1,1,5,0.5779071295
2,0.7,0.1,1,1,5,5,0.255137786
2,0.1,0.3,1,7,3,5,0.3454708068
2,0.3,0.7,1,9,9,5,0.3133345568
10,0.4,0.2,4,2,2,5,0.2771031882
2,0.5,0.9,1,1,5,5,0.3128245604
15,0.6,0.6,6,1,6,5,0.2818579564
21,0.1,0.1,1,10,100,100,0.1014579436
2,0.7,0.1,1,3,9,5,0.2635211649
10,0.1,0.6,1,1,1,5,0.428784032
2,0.3,0.5,1,5,7,5,0.3054961589
15,0.1,0.1,1,1,1,5,0.5623751666
10,0.1,0.1,6,1,6,5,0.2142205564
15,0.2,0.2,4,4,4,5,0.6697860192
2,0.5,0.1,1,9,9,5,0.2777001435
2,0.5,0.5,1,7,7,5,0.2953504244
15,0.61518,0.96981,10.44,9.09,2,9.57,0.6759061095
2,0.9,0.7,1,9,3,5,0.3030010252
2,0.5,0.1,1,3,7,5,0.266166288
10,0.6,0.6,1,1,1,5,0.5445304092
2,0.5,0.9,1,5,1,5,0.351326657
5,0.1,0.1,1,6,6,5,0.315185912
2,0.9,0.1,1,1,9,5,0.2516448207
2,0.9,0.3,1,9,9,5,0.2780755005
2,0.1,0.1,1,1,5,5,0.2904890336
21,0.1,0.1,1,10,10,1,0.7132883537
5,0.23271,0.18416,9.58,2.22,2.71,2.72,0.4962305319
10,0.6,0.1,6,1,1,5,0.1124858708
15,0.6,0.6,6,6,1,5,0.6332209998
2,0.3,0.5,1,9,7,5,0.3080983193
15,0.4,0.4,4,2,4,5,0.5345423523
15,0.4,0.2,2,2,2,5,0.1704929543
2,0.7,0.3,1,5,7,5,0.2768558918
2,0.3,0.9,1,9,9,5,0.3217960994
5,0.4,0.4,2,4,4,5,0.4143399967
2,0.1,0.3,1,1,3,5,0.3436263257
2,0.5,0.7,1,3,1,5,0.3456858057
2,0.3,0.9,1,9,3,5,0.3455245621
5,0.4,0.4,4,4,2,5,0.5241784912
15,0.69687,0.12461,1.1,2.71,4.27,3,0.04095132697
2,0.9,0.1,1,5,5,5,0.2680912847
21,0.1,0.1,1,10,10,10,0.3527371766
2,0.1,0.7,1,7,7,5,0.3504312227
5,0.6,0.6,1,6,1,5,0.5072957666
10,0.1,0.6,6,6,6,5,0.6023369155
20,0.4249,0.69733,10.12,2.95,6.93,9.34,0.6619239713
10,0.57816,0.63506,9.51,2.04,6.6,10.94,0.3707026114
2,0.9,0.5,1,1,9,5,0.2692337695
25,0.84893,0.93506,1.42,4.71,2.16,3,0.07327153083
2,0.9,0.3,1,7,3,5,0.2849074208
10,0.2,0.4,2,2,2,5,0.6462796131
2,0.3,0.9,1,1,1,5,0.3530999994
20,0.97091,0.72602,6.11,9.81,6.75,9.9,0.5980497433
15,0.5816,0.10314,5.34,4.83,9.04,7.83,0.2856513132
15,0.73014,0.54916,9.88,6.37,9.94,6.17,0.6771601134
2,0.5,0.3,1,1,3,5,0.2862034898
2,0.1,0.7,1,7,3,5,0.3514361367
2,0.1,0.1,1,3,9,5,0.2866466762
2,0.9,0.3,1,3,9,5,0.2691623702
2,0.3,0.3,1,7,5,5,0.2997941363
2,0.3,0.5,1,9,3,5,0.3279890097
20,0.11541,0.95171,10.1,4.38,8.57,1.69,0.51629897
2,0.9,0.9,1,1,1,5,0.3338531632
2,0.1,0.5,1,3,3,5,0.3532687533
2,0.5,0.5,1,5,1,5,0.337325661
15,0.4,0.4,2,4,4,5,0.5151974681
2,0.1,0.9,1,9,7,5,0.3532588374
15,0.72286,0.6266,3.4,1.31,4.31,4,0.0599992062
15,0.28076,0.12656,9.22,8.86,6.25,5.51,0.7386258228
2,0.5,0.7,1,9,7,5,0.3040856796
2,0.3,0.5,1,9,1,5,0.3509230475
2,0.7,0.5,1,1,9,5,0.274107572
2,0.3,0.5,1,7,1,5,0.3509857174
10,0.2,0.2,2,4,2,5,0.6159151945
2,0.5,0.1,1,1,9,5,0.257446834
2,0.7,0.5,1,7,7,5,0.2876022283
2,0.5,0.7,1,9,3,5,0.3228648048
2,0.3,0.7,1,3,3,5,0.3371890486
2,0.3,0.7,1,9,7,5,0.3191672596
2,0.5,0.9,1,7,5,5,0.3176617865
20,0.64593,0.46053,2.88,5.08,8.33,9.96,0.3327446804
2,0.1,0.5,1,9,7,5,0.3434126261
2,0.9,0.3,1,5,3,5,0.2817465441
15,0.6,0.6,1,6,1,5,0.5937046337
2,0.1,0.9,1,3,5,5,0.3531775108
2,0.7,0.3,1,7,3,5,0.2881618754
2,0.1,0.5,1,1,7,5,0.3415241722
2,0.5,0.7,1,5,1,5,0.3467046225
2,0.3,0.9,1,9,9,5,0.3211864171
2,0.3,0.3,1,5,9,5,0.2896253679
2,0.5,0.3,1,3,1,5,0.3187576626
10,0.45689,0.48748,3.18,1.59,3.51,1,0.5695125673
5,0.4,0.2,4,2,2,5,0.3378930172
15,0.6,0.6,1,6,1,5,0.7080810408
2,0.1,0.9,1,7,7,5,0.3533145479
10,0.47871,0.68235,5.23,2.22,4.77,8.86,0.4985582625
2,0.5,0.1,1,3,5,5,0.2677328975
2,0.9,0.9,1,9,9,5,0.2910220533
2,0.9,0.5,1,5,5,5,0.2856043937
2,0.1,0.5,1,1,5,5,0.3468203516
2,0.5,0.7,1,3,9,5,0.2953826259
2,0.5,0.9,1,7,5,5,0.3180169247
2,0.1,0.5,1,9,1,5,0.3407434761
2,0.3,0.1,1,7,7,5,0.2783696437
15,0.2,0.2,4,2,2,5,0.6432422871
2,0.9,0.9,1,9,5,5,0.3002345933
2,0.3,0.5,1,1,5,5,0.3086150322
5,0.1,0.6,1,1,1,5,0.4365281212
2,0.9,0.7,1,9,1,5,0.3310888746
20,0.45124,0.72843,1.52,1.74,4.06,2,0.4562476772
10,0.2,0.4,2,4,2,5,0.6397861426
15,0.4,0.2,2,4,2,5,0.466641132
2,0.5,0.3,1,7,9,5,0.2832343322
2,0.1,0.7,1,1,7,5,0.3502653205
2,0.7,0.7,1,5,7,5,0.291789527
2,0.5,0.9,1,1,3,5,0.3251744692
2,0.7,0.9,1,1,1,5,0.3421484271
5,0.25419,0.58629,2.73,1.89,5.88,8.49,0.3912997673
2,0.3,0.5,1,3,1,5,0.3500658017
2,0.7,0.3,1,7,5,5,0.2829467298
2,0.3,0.7,1,5,5,5,0.3266345546
2,0.3,0.9,1,7,9,5,0.3212216859
2,0.7,0.1,1,5,1,5,0.2832882026
2,0.9,0.1,1,3,7,5,0.2630368658
5,0.2,0.4,2,2,2,5,0.5302429379
2,0.1,0.1,1,1,1,5,0.3333874488
10,0.83531,0.44179,1.31,3.27,4.52,3,0.1822425423
2,0.5,0.3,1,9,1,5,0.3218215234
2,0.1,0.7,1,3,5,5,0.3532674867
21,0.1,1,1,100,100,1,0.7695332429
2,0.1,0.5,1,7,5,5,0.3486584695
25,0.11849,0.23771,2.99,3.93,2.95,3,0.780747379
2,0.9,0.7,1,3,9,5,0.2816857625
2,0.1,0.9,1,9,5,5,0.3530113621
2,0.7,0.7,1,1,9,5,0.2807289884
5,0.57019,0.76863,9.82,1.45,2.61,9.67,0.4570596866
2,0.9,0.1,1,3,1,5,0.2755119449
2,0.7,0.5,1,7,1,5,0.3277504238
2,0.1,0.1,1,9,5,5,0.2999283924
2,0.1,0.3,1,3,3,5,0.3453086415
10,0.49197,0.99552,2.04,3.93,1.39,2,0.6659785974
2,0.9,0.1,1,3,1,5,0.2742274488
2,0.9,0.1,1,9,5,5,0.2758463631
2,0.7,0.3,1,9,1,5,0.3128241866
2,0.9,0.9,1,1,5,5,0.2917665886
2,0.7,0.1,1,1,7,5,0.2535954
10,0.75087,0.42252,5.71,7.64,3.98,3.01,0.724680371
15,0.2,0.2,2,2,2,5,0.4547050331
2,0.3,0.3,1,3,1,5,0.3358311546
2,0.1,0.5,1,1,3,5,0.3532531887
10,0.2,0.2,4,2,2,5,0.5842114529
2,0.3,0.3,1,7,9,5,0.2908554781
2,0.7,0.1,1,3,9,5,0.2638729988
2,0.9,0.1,1,1,9,5,0.2525954554
2,0.9,0.1,1,3,9,5,0.2624497105
2,0.3,0.5,1,3,9,5,0.3015153505
10,0.21255,0.34792,2.91,2.31,2.58,3,0.6618968268
10,0.6,0.6,6,1,1,5,0.5406539599
2,0.3,0.1,1,9,9,5,0.2771425342
2,0.5,0.1,1,7,1,5,0.2910332931
2,0.9,0.9,1,3,1,5,0.3370520543
2,0.1,0.5,1,9,9,5,0.3384465143
2,0.9,0.3,1,7,9,5,0.2765744385
2,0.3,0.5,1,7,9,5,0.3023077107
2,0.1,0.5,1,3,7,5,0.3422656666
2,0.1,0.7,1,3,7,5,0.3505735413
2,0.7,0.3,1,9,7,5,0.2819563867
5,0.2,0.2,4,2,2,5,0.4533557587
2,0.5,0.7,1,1,5,5,0.3024844746
2,0.1,0.1,1,3,3,5,0.3078533269
2,0.7,0.5,1,3,3,5,0.2962125612
15,0.6,0.6,1,1,1,5,0.577298087
5,0.1,0.1,1,6,1,5,0.5159034863
15,0.25946,0.77984,3.69,3.05,2.08,4,0.6376558638
2,0.5,0.9,1,1,9,5,0.2977661523
2,0.1,0.3,1,9,1,5,0.3522399433
2,0.1,0.1,1,7,3,5,0.3109836672
2,0.3,0.7,1,3,5,5,0.3251354879
2,0.1,0.7,1,5,1,5,0.3299208427
2,0.5,0.3,1,3,7,5,0.2785183236
10,0.4,0.4,4,2,4,5,0.4946643633
2,0.9,0.1,1,1,5,5,0.254120794
5,0.1,0.6,1,1,6,5,0.5426176985
2,0.1,0.5,1,3,9,5,0.3371902423
2,0.5,0.9,1,1,1,5,0.3479264428
5,0.67318,0.89461,3.74,4.94,4.43,2,0.5651470496
2,0.1,0.9,1,1,3,5,0.3472781458
2,0.5,0.7,1,9,1,5,0.3476214041
10,0.4,0.2,4,4,4,5,0.4474522311
2,0.9,0.1,1,7,1,5,0.2841727208
2,0.5,0.9,1,1,1,5,0.348021188
2,0.7,0.5,1,3,1,5,0.3247180346
2,0.9,0.7,1,9,5,5,0.2933114735
15,0.80165,0.29796,1.71,7.01,7.62,6.36,0.381146236
15,0.6,0.1,1,1,6,5,0.03748055778
2,0.1,0.5,1,3,9,5,0.337912237
2,0.9,0.9,1,5,1,5,0.3380118723
2,0.5,0.3,1,1,9,5,0.2712510549
20,0.40533,0.86068,1.62,3.74,4.13,3,0.7056740057
2,0.9,0.1,1,9,1,5,0.2857594157
2,0.3,0.7,1,7,3,5,0.3383132285
2,0.9,0.3,1,5,3,5,0.2830376142
15,0.22183,0.76297,1.76,3.94,4.79,3,0.789745842
15,0.11374,0.58822,9.22,2.25,3.94,2.9,0.5154169888
5,0.2,0.4,2,2,2,5,0.5327021339
2,0.1,0.7,1,3,1,5,0.3282680886
2,0.1,0.7,1,9,3,5,0.3513085468
2,0.3,0.7,1,1,5,5,0.3210461937
2,0.1,0.9,1,1,3,5,0.347675253
2,0.3,0.7,1,1,5,5,0.3214866754
2,0.3,0.1,1,9,9,5,0.2774707844
2,0.1,0.5,1,1,3,5,0.3530760486
21,2,10,0.2,0.6,0.2,0.2,0.4382747347
2,0.9,0.9,1,9,7,5,0.2953049839
2,0.7,0.9,1,5,5,5,0.3060740372
10,0.2,0.4,2,4,4,5,0.6180725102
2,0.9,0.5,1,3,3,5,0.2894014884
2,0.1,0.1,1,7,7,5,0.2947814852
2,0.3,0.9,1,5,1,5,0.3523221078
2,0.1,0.5,1,3,7,5,0.3432097164
2,0.5,0.5,1,1,7,5,0.2849847738
2,0.9,0.9,1,3,9,5,0.2871019899
10,0.98445,0.12997,8.29,1.31,7.36,10.74,0.07131311634
2,0.5,0.3,1,9,3,5,0.2967203276
2,0.60624,0.544,9.95,5.06,3,5.2,0.3443880312
2,0.5,0.3,1,3,7,5,0.2795498168
2,0.3,0.7,1,5,3,5,0.3378059802
2,0.5,0.1,1,3,3,5,0.2713038907
2,0.9,0.7,1,1,5,5,0.2831510718
25,0.51216,0.17551,4.94,8.56,9.8,7.69,0.5634296221
2,0.1,0.5,1,3,5,5,0.3484281378
10,0.6,0.6,6,6,6,5,0.6059459618
2,0.1,0.1,1,7,3,5,0.3102566217
2,0.5,0.9,1,9,5,5,0.3167457029
5,0.4,0.4,4,2,4,5,0.4093465636
2,0.66638,0.63994,2.64,7.51,8.63,7.63,0.3093615846
15,0.1,0.6,1,1,6,5,0.5920888174
2,0.5,0.5,1,9,7,5,0.295072924
2,0.7,0.9,1,1,5,5,0.3001094953
15,0.6,0.1,1,6,1,5,0.1905588861
2,0.9,0.5,1,1,5,5,0.2740727951
5,0.6,0.6,1,1,6,5,0.1998497454
2,0.9,0.5,1,9,9,5,0.2844938093
5,0.2,0.2,2,4,2,5,0.4784582046
2,0.5,0.7,1,3,5,5,0.3064803111
2,0.9,0.5,1,3,7,5,0.2791185896
2,0.3,0.9,1,1,7,5,0.3224347381
15,0.81763,0.47181,2.82,4.29,4.85,4,0.2520408567
2,0.9,0.9,1,7,1,5,0.3392669595
2,0.5,0.9,1,5,7,5,0.308814299
2,0.5,0.9,1,3,3,5,0.3276195804
2,0.1,0.5,1,1,1,5,0.3428005988
2,0.3,0.1,1,7,7,5,0.2773276045
2,0.9,0.5,1,1,7,5,0.2709330082
2,0.5,0.3,1,1,1,5,0.3138544802
10,0.1,0.6,6,1,1,5,0.4411565072
2,0.7,0.5,1,3,7,5,0.2831151841
2,0.5,0.9,1,9,5,5,0.3180968657
5,0.4,0.4,4,4,4,5,0.4927923146
2,0.1,0.9,1,5,3,5,0.3462504365
2,0.5,0.9,1,7,3,5,0.3302898946
2,0.94362,0.49273,6.84,2.3,2.52,5.71,0.3164935617
2,0.1,0.7,1,9,3,5,0.3516665863
2,0.9,0.9,1,5,3,5,0.3091436041
2,0.7,0.7,1,9,1,5,0.3389288059
2,0.1,0.3,1,7,1,5,0.3520804174
15,0.2,0.4,4,2,4,5,0.701543935
2,0.7,0.3,1,9,5,5,0.2834873663
20,0.60221,0.29157,1.37,1.67,2.1,10.2,0.132384932
2,0.1,0.9,1,3,9,5,0.3513600462
5,0.6,0.6,1,6,6,5,0.3150923987
2,0.9,0.1,1,9,9,5,0.2743046136
2,0.1,0.9,1,9,9,5,0.3515331266
2,0.1,0.5,1,9,5,5,0.3485661314
15,0.4,0.2,4,2,2,5,0.4595838548
2,0.9,0.7,1,1,3,5,0.2930917788
2,0.7,0.7,1,1,3,5,0.3016106278
5,0.6,0.6,6,6,1,5,0.5454750916
10,0.1,0.6,6,6,6,5,0.609116167
2,0.1,0.9,1,7,1,5,0.3151184904
2,0.3,0.9,1,7,5,5,0.3346926509
2,0.5,0.5,1,3,7,5,0.2913771567
2,0.1,0.1,1,5,7,5,0.2932782384
2,0.5,0.1,1,5,7,5,0.2730078549
15,0.1,0.6,6,1,1,5,0.4218483254
2,0.1,0.5,1,3,1,5,0.3409893681
2,0.9,0.3,1,5,1,5,0.3008245275
2,0.1,0.5,1,9,3,5,0.3534000199
2,0.7,0.7,1,1,3,5,0.3027568028
2,0.3,0.3,1,3,1,5,0.3364156389
10,0.27537,0.45868,1.8,7.25,6.84,4.4,0.5517636141
2,0.9,0.9,1,5,7,5,0.2937456726
2,0.3,0.3,1,7,1,5,0.3378265088
2,0.3,0.3,1,3,9,5,0.2867077641
2,0.5,0.1,1,1,7,5,0.2578596654
5,0.2,0.2,2,4,2,5,0.4719758792
2,0.9,0.5,1,5,7,5,0.281258361
2,0.7,0.9,1,3,1,5,0.3442740908
15,0.37752,0.46843,6.51,5.16,8.58,3.43,0.7239070476
2,0.1,0.9,1,5,3,5,0.3460258457
2,0.5,0.3,1,3,1,5,0.3178304573
2,0.7,0.1,1,7,9,5,0.2734355688
2,0.1,0.9,1,3,3,5,0.3462299192
2,0.5,0.7,1,1,5,5,0.301956418
15,0.4,0.4,2,4,2,5,0.6689443625
2,0.3,0.9,1,3,5,5,0.333320882
2,0.9,0.7,1,9,7,5,0.2898527164
2,0.5,0.7,1,9,9,5,0.2987379837
2,0.7,0.9,1,3,3,5,0.3170509325
2,0.3,0.7,1,3,7,5,0.3166791233
2,0.9,0.7,1,7,3,5,0.3029313739
20,0.81683,0.30392,4.55,1.68,3.37,3,0.03169623575
2,0.1,0.7,1,9,9,5,0.3476347523
2,0.7,0.5,1,1,5,5,0.2806919995
2,0.5,0.3,1,9,7,5,0.2853694233
5,0.2,0.4,2,4,4,5,0.5006984402
2,0.9,0.3,1,7,5,5,0.2799415543
10,0.6,0.1,1,6,6,5,0.2134415726
2,0.9,0.1,1,5,9,5,0.2682213451
2,0.7,0.5,1,9,7,5,0.2886839918
2,0.3,0.3,1,5,3,5,0.3095943956
2,0.7,0.3,1,7,1,5,0.3113732128
2,0.9,0.5,1,3,9,5,0.2760446193
5,0.1,0.1,1,6,6,5,0.3185210805
10,0.2,0.4,2,4,4,5,0.6280199821
15,0.6,0.6,6,1,1,5,0.6114210065
21,2,10,0.2,0.2,0.2,1,0.4476420728
2,0.7,0.3,1,1,3,5,0.2762250471
2,0.7,0.9,1,5,7,5,0.2989078291
2,0.3,0.3,1,3,7,5,0.2908582291
2,0.7,0.3,1,3,5,5,0.2774600142
2,0.7,0.7,1,7,7,5,0.2955157295
2,0.9,0.5,1,1,7,5,0.2710408713
2,0.1,0.7,1,3,5,5,0.3532356222
5,0.24208,0.30082,4.03,6.19,8.16,4.96,0.4785047951
2,0.5,0.9,1,3,9,5,0.3025953872
2,0.5,0.9,1,9,3,5,0.3313284582
2,0.5,0.5,1,9,3,5,0.310389689
2,0.3,0.5,1,1,7,5,0.2998216685
2,0.42747,0.43874,8.72,9.22,7.14,2.5,0.3504793358
2,0.3,0.5,1,7,7,5,0.3078967166
2,0.5,0.7,1,1,9,5,0.2917280388
10,0.4,0.4,2,4,2,5,0.60608027
2,0.1,0.1,1,7,7,5,0.2945784069
2,0.7,0.7,1,7,5,5,0.3001670426
15,0.73012,0.2084,6.41,5.57,4,7.48,0.4969412241
2,0.1,0.7,1,5,1,5,0.3267826168
2,0.9,0.3,1,9,5,5,0.2809321884
2,0.7,0.5,1,5,1,5,0.3268001661
10,0.2,0.2,2,2,2,5,0.5041321946
2,0.7,0.9,1,1,9,5,0.288967135
5,0.4,0.4,2,2,4,5,0.3472176178
21,0.5,0.375,3,2.8,5.5,8,0.3534951315
15,0.1,0.1,1,6,6,5,0.351156681
2,0.7,0.7,1,7,7,5,0.2944883825
2,0.1,0.5,1,7,5,5,0.3488958256
2,0.1,0.3,1,5,9,5,0.3207213104
5,0.1,0.1,6,6,6,5,0.5003891005
2,0.9,0.7,1,5,5,5,0.2925156637
5,0.2,0.4,2,4,4,5,0.4932444427
2,0.1,0.5,1,9,7,5,0.343708539
20,0.47368,0.27659,1.4,10.63,9.62,7.75,0.3711248595
21,0.5,0.375,1,2.8,5.5,8,0.2419994957
2,0.3,0.7,1,5,7,5,0.3170910366
2,0.3,0.9,1,1,7,5,0.3228828466
2,0.9,0.9,1,1,1,5,0.3337553503
2,0.9,0.3,1,9,9,5,0.2792895368
10,0.29306,0.3881,1.36,10.35,10.02,6.84,0.3834087562
2,0.9,0.7,1,3,3,5,0.3003404534
5,0.71128,0.87335,2.41,1.76,3.44,4,0.3679065889
6,0.5,0.375,5,2.8,5.5,5,0.4284800128
21,2,6,0.2,1,0.6,0.2,0.4814647823
2,0.7,0.1,1,9,3,5,0.2785674495
2,0.9,0.3,1,1,9,5,0.2611645579
15,0.2,0.4,4,2,4,5,0.71121589
2,0.3,0.5,1,7,5,5,0.3153431467
2,0.9,0.5,1,7,7,5,0.2841147311
21,0.5,0.375,2,2.8,5.5,5,0.3714447225
2,0.9,0.3,1,5,3,5,0.282820381
10,0.1,0.1,1,1,6,5,0.1121581926
2,0.7,0.7,1,9,7,5,0.2949483861
15,0.69763,0.91588,6.37,6.81,4.19,6.49,0.7591603426
2,0.9,0.7,1,9,9,5,0.2880182048
5,0.5595,0.32057,3.06,4.98,4.03,3,0.4656483488
2,0.9,0.3,1,3,9,5,0.2697045344
5,0.27541,0.15938,5.91,7.34,5.44,4.89,0.5165228921
2,0.1,0.7,1,9,3,5,0.3514626006
2,0.9,0.9,1,3,7,5,0.2903286636
2,0.3,0.7,1,7,9,5,0.3133351315
2,0.5,0.3,1,3,1,5,0.3185448452
10,0.1,0.1,1,1,1,5,0.5773929479
2,0.5,0.5,1,9,1,5,0.3388919834
2,0.5,0.5,1,1,1,5,0.3324201776
2,0.86706,0.45363,5.23,8.34,8.59,2.81,0.3354555533
2,0.5,0.9,1,3,1,5,0.3508976026
2,0.1,0.5,1,5,7,5,0.3425660662
20,0.18892,0.96805,1.29,8.7,5.47,10.22,0.7126706839
5,0.6,0.1,6,1,6,5,0.1234133774
2,0.7,0.1,1,3,1,5,0.278049978
15,0.88321,0.16251,1.77,4.4,4.38,3,0.05692986169
2,0.9,0.1,1,1,9,5,0.2518804836
2,0.3,0.5,1,9,1,5,0.3507673994
2,0.58493,0.769,4.68,6.61,4.64,1.06,0.3524053463
21,2,6,0.2,0.6,0.6,1,0.4961128323
2,0.9,0.7,1,3,9,5,0.2816627714
2,0.1,0.1,1,7,5,5,0.3006878628
2,0.7,0.9,1,7,9,5,0.2971786914
2,0.7,0.7,1,7,3,5,0.309633138
10,0.2,0.4,4,2,2,5,0.6355071558
5,0.58015,0.10067,6.66,2.55,3.76,2.56,0.2504213078
25,0.29831,0.57642,8.73,7.93,4.59,2.7,0.7701669491
2,0.5,0.1,1,5,1,5,0.2893329112
2,0.1,0.3,1,9,1,5,0.3522084796
2,0.1,0.7,1,9,7,5,0.3509185206
2,0.3,0.5,1,7,7,5,0.3091182259
20,0.57649,0.19893,8.35,5.91,7.5,1.94,0.8185571412
2,0.7,0.5,1,9,1,5,0.3281972446
2,0.80482,0.65625,4.32,7.49,8.15,6.77,0.3207352888
5,0.6,0.1,1,1,1,5,0.1457853798
10,0.10741,0.24431,3.82,3.57,1.05,4,0.5396808305
2,0.7,0.1,1,9,5,5,0.2758187516
2,0.5,0.5,1,5,3,5,0.310058262
21,0.5,0.375,8,2.8,5.5,4,0.6552410094
2,0.7,0.3,1,3,3,5,0.2822817329
2,0.3,0.9,1,1,1,5,0.3529567608
2,0.1,0.5,1,3,9,5,0.3373701681
2,0.7,0.3,1,5,3,5,0.287088855
21,0.5,0.375,2,2.8,5.5,9,0.2963344755
2,0.1,0.7,1,1,1,5,0.3307926362
2,0.1,0.3,1,1,3,5,0.3433653747
2,0.7,0.1,1,9,3,5,0.2799979096
25,0.95438,0.98142,6.41,10.76,3.13,6.96,0.7535709397
2,0.3,0.7,1,9,9,5,0.3139835063
2,0.3,0.3,1,3,9,5,0.2880079404
2,0.9,0.1,1,9,3,5,0.2783394499
10,0.2,0.4,2,2,4,5,0.5434413575
21,0.1,0.1,1,1,100,100,0.02842247164
2,0.1,0.9,1,3,7,5,0.3532128776
2,0.3,0.9,1,5,3,5,0.344946413
2,0.5,0.1,1,9,9,5,0.2745526767
2,0.5,0.9,1,1,7,5,0.3038608793
2,0.9,0.7,1,3,5,5,0.288799628
2,0.7,0.1,1,9,1,5,0.2881742238
2,0.7,0.3,1,3,7,5,0.2743434131
2,0.1,0.7,1,3,9,5,0.3464926584
2,0.1,0.9,1,7,5,5,0.3530741048
2,0.3,0.3,1,5,5,5,0.2981932146
2,0.5,0.1,1,5,7,5,0.271973166
2,0.9,0.5,1,5,5,5,0.2858971753
2,0.7,0.5,1,1,9,5,0.2734604432
2,0.5,0.1,1,7,7,5,0.2759601611
2,0.5,0.7,1,7,7,5,0.3028782125
2,0.5,0.1,1,9,3,5,0.2805662992
2,0.3,0.3,1,5,5,5,0.2991922635
15,0.2,0.4,2,2,2,5,0.5913481715
2,0.7,0.1,1,1,1,5,0.2701070512
2,0.1,0.1,1,5,7,5,0.2932472004
10,0.6,0.1,1,1,1,5,0.08586274017
2,0.9,0.5,1,7,1,5,0.3195706767
2,0.5,0.3,1,7,7,5,0.2853288126
2,0.1,0.5,1,3,7,5,0.3430417852
2,0.5,0.3,1,7,3,5,0.2967403538
2,0.1,0.3,1,5,7,5,0.3258635945
5,0.2,0.2,2,4,4,5,0.4234606025
2,0.7,0.7,1,7,3,5,0.3098622516
2,0.9,0.9,1,1,3,5,0.3027582686
2,0.9,0.7,1,1,3,5,0.2933859164
15,0.4,0.2,4,2,2,5,0.4460136919
2,0.3,0.5,1,1,7,5,0.3009469442
2,0.5,0.3,1,7,3,5,0.2972717899
2,0.1,0.3,1,9,1,5,0.352638602
2,0.1,0.5,1,7,9,5,0.3385066567
2,0.7,0.5,1,3,5,5,0.2871672482
2,0.5,0.3,1,9,3,5,0.2991319517
2,0.3,0.5,1,9,7,5,0.3097771383
2,0.1,0.9,1,7,7,5,0.3533363568
2,0.7,0.5,1,1,7,5,0.2763134645
2,0.9,0.9,1,7,3,5,0.31032086
2,0.5,0.1,1,9,7,5,0.2786670686
2,0.1,0.5,1,9,1,5,0.3408579044
2,0.1,0.1,1,9,9,5,0.2912435551
10,0.1,0.6,1,6,1,5,0.4296986052
10,0.76133,0.67305,2.44,6.93,9.67,4.51,0.4746560882
2,0.3,0.1,1,5,3,5,0.282152656
2,0.1,0.5,1,5,9,5,0.3384909679
2,0.5,0.3,1,5,5,5,0.2871481875
15,0.42222,0.177,2.59,3.25,4.02,1,0.2596685889
2,0.5,0.3,1,5,5,5,0.2861205437
2,0.1,0.7,1,1,5,5,0.352998212
2,0.3,0.9,1,7,1,5,0.3520975493
10,0.85528,0.74264,6.76,1.07,2.73,3.59,0.3100598234
5,0.2,0.2,2,4,2,5,0.4753688625
10,0.4,0.4,2,4,2,5,0.5916622149
2,0.1,0.5,1,7,9,5,0.3378870748
2,0.5,0.1,1,7,3,5,0.2799894338
2,0.92051,0.90086,2.73,4.49,1.57,3,0.3424971046
2,0.1,0.1,1,1,9,5,0.28208604
2,0.1,0.3,1,9,5,5,0.3343981161
2,0.53087,0.89072,10.01,8.22,1.95,10.07,0.3527141419
2,0.7,0.1,1,1,5,5,0.2567027812
2,0.7,0.3,1,9,3,5,0.2919808867
2,0.9,0.5,1,3,5,5,0.282414462
2,0.5,0.1,1,3,3,5,0.270389787
25,0.18575,0.64575,8.38,3.02,6.63,2.68,0.7255835578
2,0.1,0.3,1,1,1,5,0.3530776465
2,0.9,0.9,1,7,5,5,0.301412605
5,0.45522,0.92213,3.94,2.78,2.43,4,0.551872135
2,0.9,0.9,1,1,5,5,0.2894894914
2,0.9,0.7,1,7,3,5,0.3029839615
2,0.1,0.9,1,7,9,5,0.3518395832
2,0.3,0.1,1,9,7,5,0.2792144865
2,0.3,0.3,1,3,7,5,0.2912892014
2,0.1,0.9,1,1,5,5,0.35323007
2,0.7,0.5,1,7,5,5,0.2917766992
2,0.5,0.3,1,3,7,5,0.2802135064
2,0.1,0.5,1,9,1,5,0.3408642416
2,0.7,0.7,1,5,3,5,0.3083069177
20,0.70247,0.24591,6.61,10.69,5.59,7.63,0.5881489904
15,0.14362,0.17611,2.01,1.48,1.75,2,0.1165704502
2,0.5,0.3,1,9,1,5,0.3230775319
2,0.3,0.7,1,1,9,5,0.3071187997
2,0.9,0.7,1,5,3,5,0.3003398443
2,0.7,0.9,1,9,5,5,0.3064890288
2,0.7,0.9,1,7,9,5,0.2968442383
2,0.3,0.1,1,7,1,5,0.304247035
2,0.7,0.5,1,7,7,5,0.2872552308
21,0.5,0.375,7,2.8,5.5,5,0.5876748697
5,0.4,0.2,2,4,2,5,0.3836443051
5,0.2,0.2,4,2,2,5,0.4706922812
2,0.5,0.1,1,9,9,5,0.2762016759
2,0.3,0.3,1,9,1,5,0.3400638865
2,0.5,0.3,1,1,1,5,0.3138581638
2,0.5,0.7,1,1,3,5,0.3146819647
2,0.1,0.3,1,3,3,5,0.3436242038
2,0.7,0.3,1,9,1,5,0.3117091454
2,0.1,0.9,1,5,7,5,0.3532686832
2,0.7,0.3,1,1,3,5,0.2755390714
2,0.7,0.7,1,5,1,5,0.337510417
2,0.9,0.1,1,3,1,5,0.2744919876
2,0.1,0.5,1,1,7,5,0.3418774147
2,0.3,0.3,1,7,1,5,0.3389298508
25,0.27474,0.97065,4.3,9.4,10.39,8.71,0.7948419116
2,0.1,0.7,1,3,3,5,0.3518467715
2,0.7,0.3,1,7,3,5,0.289812847
2,0.5,0.1,1,5,1,5,0.2894988813
10,0.2,0.2,2,4,4,5,0.5092240256
2,0.9,0.9,1,7,7,5,0.2928067509
15,0.4,0.2,2,4,2,5,0.5371959571
21,2,10,0.2,1,0.2,0.2,0.4363630586
5,0.47874,0.36423,1.66,2.97,4.72,2,0.3920383558
10,0.97433,0.80738,6.08,2.95,5.06,9.23,0.4180209452
2,0.3,0.1,1,3,7,5,0.2708932993
2,0.9,0.5,1,3,3,5,0.289120093
5,0.2,0.2,4,4,2,5,0.5223257098
2,0.7,0.3,1,5,3,5,0.2867327069
2,0.3,0.1,1,9,5,5,0.2822623928
2,0.1,0.3,1,9,7,5,0.3274295272
2,0.3,0.7,1,1,3,5,0.3344906105
10,0.6,0.6,6,1,6,5,0.2757753919
2,0.3,0.5,1,1,1,5,0.3476559824
15,0.2,0.2,4,4,2,5,0.7629640278
2,0.1,0.1,1,1,9,5,0.2810828089
2,0.7,0.3,1,3,7,5,0.2744867284
2,0.7,0.7,1,7,3,5,0.3100964349
2,0.9,0.5,1,5,5,5,0.2856677369
2,0.9,0.3,1,3,7,5,0.271123244
10,0.8815,0.56538,3.67,5.52,4.87,2.13,0.6534586594
2,0.5,0.7,1,5,9,5,0.2974840447
15,0.4,0.4,4,4,2,5,0.6680306376
2,0.9,0.3,1,3,5,5,0.2729917503
2,0.9,0.7,1,3,5,5,0.2888957103
2,0.5,0.7,1,5,1,5,0.3471498158
2,0.9,0.7,1,3,9,5,0.2827968755
2,0.7,0.3,1,1,3,5,0.2764181231
2,0.3,0.3,1,5,5,5,0.297672061
2,0.3,0.1,1,5,1,5,0.3011345451
2,0.1,0.7,1,3,5,5,0.3531353737
15,0.94118,0.99256,5.74,3.25,1.67,5.26,0.6321067544
15,0.59958,0.44022,7.17,10.52,7.57,6.25,0.7173928432
25,0.47269,0.98837,2.22,1.81,4.37,3,0.7258027857
2,0.9,0.1,1,5,5,5,0.2705210671
2,0.3,0.1,1,3,3,5,0.2789943161
2,0.9,0.9,1,5,1,5,0.3377171806
2,0.5,0.7,1,3,1,5,0.3466907283
2,0.5,0.5,1,1,9,5,0.28148109
10,0.1,0.6,6,6,1,5,0.3698096773
2,0.3,0.3,1,1,7,5,0.2839204959
10,0.74471,0.63126,2.71,2.45,4.5,1,0.5790400308
2,0.5,0.3,1,5,1,5,0.3216213222
2,0.7,0.5,1,9,9,5,0.2853178588
10,0.4,0.2,2,4,2,5,0.3923701715
25,0.93767,0.76354,4.09,5.75,1.93,9.09,0.6841145172
5,0.86144,0.83951,9.34,9.52,7.91,9.77,0.5139879628
25,0.44401,0.4532,5,1.07,1.4,2,0.6172683552
2,0.5,0.1,1,1,7,5,0.2577342334
15,0.1,0.1,6,6,1,5,0.6725464891
5,0.2,0.4,4,2,2,5,0.5351639637
2,0.3,0.3,1,1,3,5,0.3016562683
5,0.6,0.6,6,1,1,5,0.446353163
2,0.3,0.9,1,7,9,5,0.3216424822
2,0.1,0.7,1,9,9,5,0.3471865929
2,0.3,0.9,1,3,1,5,0.3528038037
5,0.1,0.6,6,6,6,5,0.558940184
2,0.5,0.5,1,3,5,5,0.2961950984
5,0.6,0.6,1,6,6,5,0.324346459
2,0.7,0.1,1,7,3,5,0.2766336738
2,0.7,0.3,1,9,1,5,0.31195223
15,0.6,0.6,1,6,6,5,0.3936863394
2,0.64723,0.84375,1.43,4.8,2.02,2,0.3436209644
2,0.1,0.5,1,9,7,5,0.3429791502
2,0.5,0.9,1,5,9,5,0.3052066863
2,0.3,0.9,1,1,1,5,0.3530661992
2,0.1,0.1,1,9,9,5,0.2909448754
10,0.13183,0.37016,4.35,1.33,1.91,2,0.6532759126
2,0.1,0.1,1,7,3,5,0.3099019717
2,0.7,0.1,1,7,1,5,0.2871210607
2,0.5,0.9,1,5,7,5,0.3089184106
21,2,2,0.2,0.2,0.6,1,0.5924976481
2,0.3,0.1,1,5,7,5,0.2756931498
2,0.9,0.7,1,1,7,5,0.2783508989
2,0.1,0.7,1,3,5,5,0.353194016
2,0.1,0.3,1,1,1,5,0.3530509586
2,0.5,0.1,1,5,1,5,0.2894555376
15,0.2,0.2,4,2,4,5,0.4939987666
2,0.1,0.5,1,1,3,5,0.3529728125
5,0.2,0.4,2,2,4,5,0.473019024
15,0.4,0.2,2,2,2,5,0.3670561026
2,0.1,0.1,1,1,9,5,0.2812108977
2,0.5,0.7,1,7,5,5,0.3086850541
2,0.7,0.3,1,9,7,5,0.2813303197
2,0.1,0.9,1,1,7,5,0.3530924101
20,0.55994,0.79044,4.54,1.9,4.94,2,0.5499912484
15,0.6,0.6,6,6,6,5,0.6820348507
20,0.53741,0.6724,1.43,8.56,3.6,7.46,0.5478442679
2,0.3,0.5,1,7,9,5,0.3030065848
2,0.7,0.3,1,5,3,5,0.2870578154
15,0.6,0.1,1,1,1,5,0.0527901721
20,0.88462,0.51122,1.46,2.71,4.59,2,0.08548689299
2,0.1,0.9,1,7,9,5,0.3517946473
2,0.9,0.5,1,9,9,5,0.2824757371
15,0.2,0.2,2,2,4,5,0.2634199204
5,0.2,0.4,4,4,4,5,0.5468273133
2,0.5,0.9,1,1,3,5,0.3252586881
2,0.9,0.5,1,1,3,5,0.2823485994
15,0.1,0.1,6,1,1,5,0.6093181306
2,0.3,0.9,1,1,1,5,0.3531038224
2,0.5,0.3,1,5,9,5,0.2815554389
2,0.5,0.1,1,1,7,5,0.2574918114
15,0.50224,0.56383,3.92,1.12,4.69,3,0.2582099212
2,0.3,0.1,1,7,9,5,0.2761121225
2,0.5,0.3,1,5,5,5,0.285380614
2,0.7,0.9,1,3,1,5,0.3442118361
2,0.3,0.3,1,5,3,5,0.3088503301
2,0.9,0.9,1,9,3,5,0.3110274084
10,0.93352,0.56351,10.91,9.02,3.81,9.01,0.6773012354
2,0.1,0.7,1,3,1,5,0.3286761184
2,0.1,0.3,1,3,5,5,0.3336690082
2,0.1,0.3,1,1,3,5,0.343403395
2,0.5,0.3,1,9,3,5,0.2979241858
2,0.7,0.5,1,3,5,5,0.2864596592
10,0.18507,0.15188,10.81,6.72,2.93,4.46,0.785906317
2,0.5,0.3,1,1,5,5,0.2769334557
10,0.4,0.2,2,2,2,5,0.3354823529
2,0.7,0.5,1,5,9,5,0.2831545153
2,0.9,0.7,1,3,9,5,0.2816428824
20,0.88937,0.40901,3.28,3.15,4.02,3,0.1194223979
21,0.5,0.375,2,2.8,5.5,8,0.3112898956
5,0.2,0.4,2,2,4,5,0.4762772523
2,0.1,0.7,1,5,7,5,0.3501718644
2,0.9,0.3,1,1,7,5,0.2627491628
2,0.5,0.3,1,1,3,5,0.2843412255
2,0.7,0.7,1,3,1,5,0.3373971091
15,0.2,0.2,4,2,2,5,0.5996153003
2,0.1,0.1,1,5,5,5,0.2982617208
2,0.9,0.1,1,7,9,5,0.2731096381
2,0.3,0.5,1,5,7,5,0.3069472356
20,0.29627,0.29769,9.44,6.75,3.14,10.26,0.8098840321
2,0.5,0.9,1,9,7,5,0.3111827602
2,0.7,0.3,1,3,3,5,0.2836967419
2,0.9,0.9,1,7,9,5,0.291475329
2,0.3,0.7,1,7,9,5,0.3140547287
2,0.9,0.1,1,3,7,5,0.2629823697
2,0.1,0.5,1,9,5,5,0.3492241016
2,0.3,0.5,1,1,1,5,0.3483609548
15,0.6,0.6,1,6,1,5,0.6574183697
2,0.9,0.9,1,3,5,5,0.2963872961
2,0.1,0.3,1,9,7,5,0.3286227616
5,0.72529,0.31412,3.95,4.16,2.09,6.61,0.3972271985
2,0.14838,0.45149,2.6,2.19,2.2,3,0.3534521041
21,2,2,0.2,0.2,0.2,1,0.6174924361
2,0.1,0.3,1,1,1,5,0.3531131467
2,0.7,0.7,1,1,9,5,0.2816178668
2,0.78036,0.23317,4.72,2.8,1.75,4,0.3107846182
20,0.55093,0.4045,1.29,9.41,8.47,9.05,0.3283224468
10,0.6,0.6,6,1,1,5,0.578748536
2,0.3,0.9,1,9,1,5,0.3521378415
2,0.85213,0.86701,1.49,4.65,5.12,4.37,0.3152878842
2,0.7,0.5,1,7,9,5,0.2842193143
2,0.20971,0.54001,3.42,5.54,2.58,1.19,0.3528747439
2,0.9,0.9,1,5,1,5,0.3384952022
2,0.3,0.3,1,5,5,5,0.2988194139
25,0.66245,0.72997,1.87,1.59,4.97,2,0.3580437797
2,0.5,0.9,1,5,5,5,0.3176000429
2,0.1,0.7,1,7,1,5,0.3277321791
10,0.2,0.4,4,4,2,5,0.5918252132
20,0.98558,0.95547,3.83,3.08,3.46,3,0.697609401
25,0.67966,0.52467,4.02,3.3,4.78,1,0.8497921082
2,0.9,0.3,1,9,9,5,0.2778298158
2,0.1,0.5,1,5,1,5,0.3409274158
2,0.7,0.5,1,7,3,5,0.3016945932
2,0.9,0.9,1,3,9,5,0.286236931
10,0.1,0.6,6,6,6,5,0.6315978503
5,0.2,0.4,4,2,4,5,0.5059399555
15,0.6,0.1,1,1,1,5,0.07474028341
2,0.7,0.7,1,3,1,5,0.3367821399
2,0.9,0.1,1,9,5,5,0.2766592425
2,0.1,0.7,1,9,1,5,0.3270818041
2,0.5,0.9,1,9,7,5,0.3107668917
5,0.23495,0.33378,2.23,2.7,1.22,2.57,0.5289293723
2,0.5,0.5,1,9,3,5,0.3118757873
15,0.2,0.2,2,4,2,5,0.6319539695
2,0.9,0.9,1,3,7,5,0.2910323804
25,0.33513,0.26968,3.67,2.01,4.94,2,0.03443504471
2,0.1,0.9,1,3,9,5,0.3518359929
2,0.7,0.1,1,3,1,5,0.2781542434
2,0.9,0.3,1,9,1,5,0.3051381342
2,0.3,0.3,1,1,7,5,0.2845486088
2,0.5,0.5,1,1,3,5,0.301097129
5,0.2,0.2,2,2,4,5,0.3608284498
2,0.1,0.7,1,1,3,5,0.3524950488
2,0.1,0.3,1,3,3,5,0.3445566426
5,0.49046,0.46182,4.92,1.27,1.29,2,0.4424738547
2,0.3,0.1,1,1,5,5,0.2651365294
15,0.56012,0.33064,8.68,10,10.49,2.08,0.9031272688
2,0.7,0.3,1,7,7,5,0.2803706536
2,0.1,0.9,1,5,1,5,0.316142164
2,0.7,0.9,1,1,9,5,0.286890569
15,0.6,0.6,6,1,6,5,0.151724127
2,0.5,0.3,1,1,5,5,0.2769483179
10,0.6,0.6,6,6,1,5,0.5941353454
2,0.9,0.7,1,3,5,5,0.2899179063
2,0.7,0.1,1,9,1,5,0.2883318926
2,0.5,0.3,1,7,5,5,0.2893179953
2,0.3,0.1,1,9,3,5,0.2855479779
10,0.6,0.1,1,6,6,5,0.2449634632
2,0.7,0.5,1,3,1,5,0.3249568849
2,0.1,0.5,1,1,3,5,0.3529559628
2,0.1,0.7,1,1,9,5,0.3459632403
2,0.3,0.1,1,9,1,5,0.3052968171
2,0.1,0.1,1,3,7,5,0.2911968053
2,0.5,0.5,1,3,3,5,0.3062790251
2,0.9,0.3,1,1,1,5,0.2921270111
2,0.9,0.7,1,7,5,5,0.2932464203
2,0.7,0.9,1,9,5,5,0.3076102939
5,0.2,0.2,4,2,2,5,0.4666559807
15,0.68121,0.17541,4.93,4.53,8.54,10.04,0.3632501842
2,0.5,0.1,1,1,5,5,0.2585104423
2,0.1,0.3,1,5,1,5,0.3519635653
2,0.5,0.9,1,1,7,5,0.3024416542
2,0.1,0.1,1,3,3,5,0.3085888887
2,0.3,0.5,1,3,3,5,0.3254864703
2,0.5,0.7,1,7,1,5,0.3467614195
2,0.9,0.9,1,5,9,5,0.2904940901
10,0.6,0.1,6,6,1,5,0.4985720667
2,0.7,0.9,1,5,7,5,0.2989117468
2,0.9,0.9,1,3,3,5,0.3077943973
2,0.1,0.5,1,7,5,5,0.3486149153
2,0.7,0.1,1,5,7,5,0.2701034102
10,0.1,0.1,1,6,1,5,0.6387700678
2,0.3,0.1,1,7,5,5,0.2800735545
2,0.3,0.3,1,3,9,5,0.2871533463
2,0.5,0.5,1,5,1,5,0.3376372058
2,0.7,0.7,1,9,3,5,0.3113771191
2,0.3,0.9,1,9,7,5,0.3271271434
2,0.9,0.5,1,5,1,5,0.3174595705
2,0.7,0.9,1,9,7,5,0.3014248381
21,2,2,0.2,1,1,1,0.5637244981
20,0.68237,0.17876,4.18,5.62,7.83,2.65,0.4626605661
2,0.3,0.9,1,9,7,5,0.3278328901
2,0.5,0.1,1,7,7,5,0.2745154346
2,0.3,0.1,1,5,3,5,0.2816458517
2,0.3,0.7,1,5,7,5,0.317120343
2,0.9,0.7,1,3,3,5,0.2995529363
2,0.1,0.5,1,5,1,5,0.3420170238
2,0.3,0.3,1,1,3,5,0.301890281
21,0.5,0.375,9,2.8,5.5,2,0.7662644869
2,0.7,0.9,1,7,1,5,0.345488672
2,0.3,0.7,1,1,5,5,0.32144323
2,0.5,0.1,1,1,5,5,0.2585302384
2,0.1,0.7,1,1,9,5,0.346470964
25,0.66194,0.16352,10.56,1.03,2.85,2.32,0.2352713355
2,0.1,0.5,1,5,1,5,0.3405880173
5,0.4,0.4,2,2,4,5,0.358615471
21,0.1,10,1,1,1,1,0.3283563851
2,0.3,0.5,1,9,9,5,0.3040234139
2,0.7,0.5,1,1,7,5,0.2770815533
21,0.5,0.375,4,2.8,5.5,7,0.4289848357
2,0.3,0.1,1,9,3,5,0.2861617696
2,0.7,0.5,1,1,7,5,0.2754030715
15,0.53482,0.34065,4.39,4.56,9.37,4.14,0.4759918516
2,0.7,0.7,1,9,1,5,0.338882925
10,0.6,0.6,1,1,1,5,0.568750224
2,0.1,0.3,1,5,9,5,0.3206974252
2,0.5,0.1,1,1,9,5,0.2561561532
2,0.7,0.9,1,5,1,5,0.3445699683
10,0.2,0.2,4,4,4,5,0.5938871969
2,0.5,0.5,1,1,5,5,0.2916219164
2,0.3,0.5,1,5,3,5,0.3268465486
2,0.7,0.5,1,3,5,5,0.2876520235
2,0.5,0.5,1,1,3,5,0.3018055874
2,0.3,0.9,1,1,1,5,0.3530649155
2,0.7,0.9,1,5,7,5,0.2989607703
10,0.2,0.4,2,4,4,5,0.6524125684
2,0.5,0.7,1,9,5,5,0.3106873828
2,0.96276,0.82903,3.58,9.07,1.16,1.76,0.350299703
2,0.9,0.9,1,3,5,5,0.2961796819
2,0.5,0.5,1,9,1,5,0.3395805687
15,0.1,0.1,1,6,6,5,0.3923099585
2,0.3,0.7,1,9,3,5,0.3385729347
2,0.7,0.9,1,9,7,5,0.3008847133
5,0.4,0.2,4,4,2,5,0.4371141949
2,0.7,0.5,1,7,1,5,0.3277547973
2,0.1,0.5,1,3,9,5,0.3372893982
2,0.5,0.1,1,5,5,5,0.2730340283
2,0.7,0.5,1,3,7,5,0.2836879501
20,0.2048,0.99056,1.28,5.59,10.66,9.34,0.5915371479
2,0.5,0.3,1,1,3,5,0.284462337
2,0.7,0.3,1,7,5,5,0.2832388469
2,0.1,0.7,1,7,3,5,0.3517436158
2,0.3,0.9,1,1,7,5,0.322496327
2,0.1,0.7,1,5,5,5,0.3532216765
2,0.8858,0.32627,1.75,3.04,3.13,1,0.3172591331
2,0.5,0.5,1,3,1,5,0.336487977
2,0.3,0.7,1,5,1,5,0.3535530823
21,0.1,1,1,100,10,10,0.598165188
2,0.1,0.1,1,1,1,5,0.332968844
2,0.9,0.9,1,3,3,5,0.3063046364
2,0.1,0.1,1,7,1,5,0.3386363558
25,0.91864,0.40615,2.54,6.16,1.25,2.7,0.7954683644
2,0.85291,0.3776,10.11,3.64,8.27,2.51,0.3317347293
5,0.44772,0.69572,5.14,2.63,5.78,7.65,0.4250558498
2,0.5,0.7,1,5,1,5,0.3471602518
5,0.6,0.1,1,1,6,5,0.1094814551
2,0.7,0.5,1,1,9,5,0.2747151396
2,0.7,0.9,1,3,1,5,0.3439502523
2,0.5,0.9,1,9,5,5,0.3181098366
2,0.7,0.7,1,3,1,5,0.3362954732
2,0.1,0.7,1,7,1,5,0.3269699648
2,0.7,0.7,1,3,7,5,0.2899735007
2,0.3,0.7,1,1,3,5,0.3351780433
2,0.5,0.1,1,9,9,5,0.2771127246
2,0.1,0.1,1,5,9,5,0.2879999055
2,0.1,0.9,1,9,5,5,0.3528809015
2,0.3,0.9,1,9,3,5,0.3459407913
2,0.7,0.3,1,3,9,5,0.2719690726
2,0.9,0.7,1,5,9,5,0.2853758229
2,0.3,0.7,1,5,7,5,0.3180811183
2,0.3,0.1,1,9,1,5,0.3045971218
2,0.3,0.7,1,9,7,5,0.3184021911
20,0.94823,0.77043,2.87,10.41,10.27,10.78,0.4395563404
21,0.1,0.1,1,1,1,10,0.5747017884
2,0.5,0.3,1,5,3,5,0.295437424
10,0.2,0.4,2,4,2,5,0.6869677243
2,0.3,0.7,1,5,3,5,0.3378619957
2,0.3,0.7,1,5,9,5,0.3125571065
2,0.7,0.1,1,5,1,5,0.2831392644
2,0.7,0.3,1,3,3,5,0.2840076807
15,0.51693,0.33349,1.41,3.95,3.28,4,0.3482350823
2,0.7,0.3,1,9,7,5,0.2816991291
15,0.55917,0.83403,1.62,9.02,3.27,7.43,0.6314358428
25,0.9158,0.71889,5.05,5.71,3.95,8.43,0.6327360862
15,0.2,0.4,4,4,2,5,0.6812436829
2,0.5,0.9,1,1,5,5,0.3110066815
5,0.6,0.1,6,6,6,5,0.3781450042
2,0.1,0.9,1,7,1,5,0.3161229064
2,0.1,0.1,1,9,9,5,0.2927062292
2,0.1,0.7,1,7,1,5,0.3277694583
2,0.5,0.7,1,9,5,5,0.3092381496
2,0.1,0.7,1,9,5,5,0.3532395165
2,0.1,0.5,1,3,1,5,0.3412782344
2,0.1,0.9,1,9,3,5,0.3463113478
2,0.1,0.7,1,1,9,5,0.3459780461
2,0.7,0.5,1,1,5,5,0.2812902383
21,0.5,0.375,4,2.8,5.5,3,0.5872851468
2,0.1,0.9,1,7,5,5,0.3529627708
2,0.5,0.1,1,1,5,5,0.2574725274
5,0.9449,0.27024,3.27,4.08,1.87,1,0.4125686373
5,0.2,0.2,2,4,2,5,0.4685728206
2,0.3,0.5,1,9,9,5,0.3034838101
2,0.3,0.1,1,3,7,5,0.2704950889
2,0.1,0.5,1,3,7,5,0.3427070001
2,0.1,0.7,1,7,3,5,0.351819477
2,0.3,0.1,1,3,1,5,0.2987083564
15,0.6,0.1,6,6,1,5,0.3963750506
2,0.3,0.1,1,1,9,5,0.2610999264
15,0.4,0.4,2,2,2,5,0.5536329812
2,0.5,0.3,1,1,9,5,0.2703542651
2,0.9,0.9,1,1,5,5,0.2910498156
2,0.9,0.5,1,1,3,5,0.2840211052
2,0.1,0.1,1,7,7,5,0.2940522779
2,0.7,0.9,1,3,3,5,0.3151304667
2,0.3,0.1,1,9,5,5,0.2820385452
10,0.4,0.2,2,2,4,5,0.251388466
10,0.2,0.4,2,2,2,5,0.680980765
2,0.7,0.5,1,1,3,5,0.2905488282
15,0.4,0.4,4,4,2,5,0.7636394334
2,0.7,0.1,1,1,3,5,0.2593534861
2,0.7,0.5,1,3,9,5,0.279773507
2,0.9,0.7,1,7,9,5,0.2864905164
2,0.3,0.9,1,7,9,5,0.3214297614
2,0.9,0.9,1,5,5,5,0.2980220466
2,0.7,0.9,1,7,9,5,0.2975710698
2,0.7,0.5,1,7,5,5,0.2909733833
15,0.6,0.1,6,6,1,5,0.5580180397
5,0.1,0.1,6,6,1,5,0.5500176784
2,0.9,0.9,1,7,7,5,0.2944867052
2,0.3,0.9,1,5,3,5,0.345188554
2,0.7,0.1,1,5,3,5,0.2738795703
2,0.17075,0.62596,4.76,2.47,2.67,4,0.3531248792
25,0.40292,0.40268,3.61,4.72,1.04,4,0.6306635301
10,0.24586,0.1801,1.33,2.28,2.51,3.87,0.3923677671
2,0.7,0.7,1,7,7,5,0.2952899462
10,0.6,0.6,6,6,6,5,0.6242727756
15,0.4,0.2,2,2,2,5,0.2900392003
5,0.4,0.2,4,2,4,5,0.3138499254
2,0.7,0.5,1,9,9,5,0.2856257993
2,0.5,0.3,1,9,5,5,0.2893922489
2,0.1,0.1,1,5,3,5,0.3081911636
5,0.2,0.4,2,2,2,5,0.5279126966
2,0.9,0.5,1,9,3,5,0.295436255
10,0.55961,0.60797,1.21,3.31,1.76,4,0.4081431672
2,0.9,0.7,1,3,3,5,0.2981266594
2,0.5,0.9,1,7,1,5,0.3517548238
15,0.6,0.1,6,1,6,5,0.04259265509
2,0.1,0.5,1,5,3,5,0.3534916253
2,0.5,0.3,1,5,7,5,0.2832271878
2,0.3,0.5,1,7,5,5,0.3158103104
2,0.3,0.5,1,1,3,5,0.3214365353
5,0.6,0.1,1,6,1,5,0.2900944655
2,0.5,0.7,1,9,3,5,0.3215401104
10,0.2,0.4,4,2,2,5,0.5985121926
2,0.5,0.5,1,7,1,5,0.3388670464
20,0.29342,0.65495,9.57,9.95,3.73,5.27,0.7516357081
2,0.9,0.9,1,3,9,5,0.2866227115
2,0.1,0.7,1,9,9,5,0.3473010099
2,0.1,0.7,1,1,1,5,0.330010818
2,0.5,0.1,1,9,7,5,0.2767018056
2,0.9,0.1,1,7,9,5,0.2721420138
10,0.15766,0.61056,6.27,2.67,4.61,8.06,0.7015743643
2,0.3,0.9,1,9,9,5,0.3211076476
2,0.9,0.9,1,5,1,5,0.3380542378
15,0.1,0.6,6,6,1,5,0.3772351367
5,0.1,0.1,6,6,6,5,0.4983995049
2,0.1,0.7,1,5,3,5,0.3515933286
5,0.1,0.6,6,6,1,5,0.3782965065
2,0.53224,0.45834,1.17,3.47,3.26,3,0.3179699102
2,0.3,0.9,1,9,3,5,0.3453891202
2,0.7,0.3,1,1,7,5,0.267213473
2,0.7,0.7,1,5,5,5,0.2988558416
2,0.3,0.5,1,9,5,5,0.3160287525
10,0.4,0.4,2,4,4,5,0.4801147989
2,0.1,0.1,1,9,5,5,0.2994257324
10,0.50149,0.18056,1.66,4.87,6.91,6.51,0.3096923358
5,0.4,0.2,2,2,2,5,0.3112917766
2,0.7,0.9,1,1,1,5,0.3416457813
2,0.1,0.7,1,1,7,5,0.3492197138
2,0.5,0.7,1,7,9,5,0.2979054182
2,0.3,0.7,1,1,1,5,0.353178061
2,0.1,0.7,1,5,3,5,0.3514211013
2,0.5,0.9,1,1,1,5,0.3488768388
10,0.86738,0.85503,4.25,3.32,3.62,2,0.6728526022
2,0.9,0.9,1,9,7,5,0.2956173213
2,0.7,0.5,1,5,1,5,0.3258669852
2,0.3,0.7,1,9,5,5,0.3260219717
5,0.6,0.6,6,1,1,5,0.4498787092
2,0.3,0.5,1,3,5,5,0.313329636
2,0.9,0.7,1,5,9,5,0.2857983509
2,0.3,0.3,1,1,5,5,0.2921995675
15,0.27495,0.71217,4.4,3.56,10.15,5.71,0.5976085429
15,0.6,0.1,6,1,1,5,0.124721942
2,0.5,0.5,1,9,7,5,0.2948865371
2,0.7,0.5,1,5,5,5,0.2908163202
15,0.2,0.4,4,2,2,5,0.6031692744
25,0.873,0.88364,7.84,8.18,4.57,8.36,0.7964714278
2,0.7,0.7,1,1,3,5,0.302161901
2,0.1,0.1,1,5,9,5,0.2884108602
2,0.9,0.5,1,9,9,5,0.2831860688
10,0.66013,0.61731,4.79,4.59,3.26,3,0.6911671756
2,0.9,0.7,1,1,9,5,0.2749289799
2,0.1,0.3,1,7,7,5,0.3270415979
2,0.3,0.5,1,5,1,5,0.3507071518
2,0.5,0.5,1,5,3,5,0.3114008012
2,0.1,0.5,1,5,9,5,0.3378909404
2,0.3,0.7,1,3,3,5,0.3376609379
2,0.5,0.5,1,7,1,5,0.3388555967
2,0.1,0.9,1,3,7,5,0.3532489127
5,0.4,0.4,4,4,2,5,0.5207059647
2,0.3,0.7,1,9,5,5,0.3268711784
2,0.1,0.7,1,9,5,5,0.3531976998
2,0.5,0.9,1,9,1,5,0.3520463684
2,0.9,0.5,1,9,3,5,0.2961735749
15,0.2,0.4,4,4,4,5,0.8065129514
2,0.7,0.1,1,9,9,5,0.2752335583
21,0.5,0.375,7,2.8,5.5,6,0.5527468885
2,0.1,0.3,1,5,9,5,0.320325405
2,0.5,0.3,1,3,3,5,0.2910991275
2,0.3,0.3,1,5,1,5,0.3376769982
2,0.7,0.9,1,3,5,5,0.3040408415
2,0.3,0.9,1,3,3,5,0.3448619077
2,0.5,0.3,1,1,3,5,0.2850480423
21,0.5,0.375,10,2.8,5.5,7,0.600947608
2,0.7,0.7,1,1,1,5,0.333971364
2,0.5,0.7,1,9,1,5,0.3478256764
2,0.9,0.1,1,3,1,5,0.2751586281
2,0.1,0.7,1,9,5,5,0.3533635984
5,0.1,0.1,1,6,1,5,0.5054933469
21,0.5,0.375,6,2.8,5.5,5,0.5585919134
2,0.3,0.9,1,9,9,5,0.3218761751
2,0.3,0.3,1,5,9,5,0.2894070234
2,0.7,0.9,1,1,1,5,0.3412096287
10,0.1,0.6,6,1,6,5,0.6334869782
2,0.9,0.1,1,1,7,5,0.2523002019
2,0.5,0.3,1,3,9,5,0.2776019207
25,0.58421,0.48378,6.1,7.76,10.13,4.64,0.7199010442
2,0.3,0.9,1,3,3,5,0.3443113725
2,0.9,0.5,1,1,3,5,0.2828618508
15,0.6,0.1,6,6,6,5,0.4107193084
10,0.4,0.4,2,4,4,5,0.4521670508
2,0.3,0.9,1,1,3,5,0.3435854168
2,0.1,0.9,1,9,1,5,0.3151279918
2,0.9,0.7,1,3,3,5,0.3005550442
2,0.1,0.7,1,7,9,5,0.3472062326
2,0.5,0.9,1,7,7,5,0.3099576696
5,0.29728,0.2344,6.59,10.75,4.56,10.51,0.4856888914
2,0.5,0.5,1,1,3,5,0.303180979
2,0.3,0.7,1,7,9,5,0.3120300341
2,0.7,0.1,1,3,5,5,0.2654934411
10,0.6,0.1,6,6,1,5,0.4347442378
2,0.7,0.5,1,5,9,5,0.2830321367
2,0.5,0.9,1,7,1,5,0.3517149377
15,0.6,0.6,1,1,1,5,0.6126536601
2,0.1,0.1,1,5,5,5,0.2989463074
15,0.1,0.6,1,1,6,5,0.6948575872
2,0.1,0.3,1,9,3,5,0.3464545969
2,0.5,0.9,1,1,9,5,0.2988064509
2,0.5,0.9,1,9,9,5,0.3060083826
2,0.5,0.3,1,3,9,5,0.277472716
2,0.1,0.1,1,9,9,5,0.2916092586
2,0.3,0.3,1,5,7,5,0.2933421614
2,0.1,0.3,1,5,9,5,0.3214120125
2,0.49089,0.6833,7.96,4.08,7,4.85,0.3424946799
2,0.3,0.3,1,9,7,5,0.2943914758
2,0.3,0.5,1,9,9,5,0.3043398372
2,0.1,0.3,1,3,7,5,0.3260070755
2,0.3,0.9,1,9,3,5,0.3461130399
2,0.7,0.7,1,9,5,5,0.2993315847
2,0.1,0.3,1,9,9,5,0.3222437037
10,0.79974,0.74769,5.47,3.03,6.97,10.93,0.363808077
2,0.1,0.1,1,5,7,5,0.2931546462
2,0.1,0.9,1,1,3,5,0.3477934516
10,0.10022,0.49961,10.83,4.48,1.77,7.76,0.4335655255
10,0.66723,0.3524,7.25,3.61,10.41,6.57,0.450189508
2,0.5,0.1,1,5,3,5,0.2770820558
2,0.7,0.7,1,3,9,5,0.2873991225
2,0.5,0.9,1,1,9,5,0.2992411049
20,0.30265,0.80321,7.37,2.89,4.84,7.66,0.6894834167
15,0.1,0.6,1,1,1,5,0.439736053
2,0.3,0.5,1,9,3,5,0.3278647362
2,0.5,0.7,1,5,3,5,0.3201468595
2,0.9,0.9,1,7,7,5,0.2937944252
15,0.1,0.6,1,1,6,5,0.6488670344
2,0.3,0.3,1,1,1,5,0.3328428031
2,0.5,0.7,1,5,1,5,0.3470943088
2,0.5,0.3,1,9,5,5,0.2884184166
2,0.3,0.5,1,7,5,5,0.3143759765
2,0.9,0.3,1,7,3,5,0.2852362609
2,0.9,0.3,1,5,5,5,0.2787485286
2,0.3,0.1,1,7,7,5,0.2794283942
5,0.18532,0.85565,7.59,4.84,7.36,3.34,0.5945538072
2,0.5,0.5,1,1,7,5,0.2846368232
2,0.1,0.3,1,7,1,5,0.3522149441
2,0.3,0.5,1,1,1,5,0.348542761
2,0.7,0.5,1,5,5,5,0.2910942512
2,0.1,0.9,1,1,3,5,0.3475893754
2,0.3,0.3,1,1,7,5,0.2847677021
2,0.9,0.1,1,9,9,5,0.2775271912
5,0.29636,0.85478,2.69,10.45,4.86,10.11,0.5076845622
2,0.7,0.1,1,7,5,5,0.2744776776
21,0.5,0.375,5,2.8,5.5,8,0.4327884518
2,0.9,0.5,1,1,5,5,0.2749519401
2,0.3,0.9,1,9,1,5,0.3522322154
21,0.5,0.375,9,2.8,5.5,9,0.5185064307
2,0.9,0.9,1,5,7,5,0.2917956163
10,0.47647,0.87309,1.7,7.54,10.7,10.52,0.3574500775
2,0.7,0.9,1,1,3,5,0.3111503558
2,0.9,0.7,1,9,3,5,0.3036000603
10,0.12675,0.68132,3.14,3.4,3.22,4,0.5713808626
2,0.1,0.7,1,5,9,5,0.3468018463
21,0.5,0.375,7,2.8,5.5,8,0.5142027752
2,0.5,0.5,1,5,9,5,0.2887656815
2,0.5,0.1,1,9,3,5,0.2818452856
2,0.7,0.9,1,1,3,5,0.3122588213
2,0.5,0.7,1,1,9,5,0.2902782153
2,0.3,0.3,1,1,7,5,0.2839306549
2,0.1,0.7,1,5,1,5,0.328246601
25,0.18458,0.45549,10.91,7.02,3.53,2.49,0.652120405
2,0.7,0.7,1,9,7,5,0.2952146467
2,0.1,0.5,1,9,7,5,0.3427827219
2,0.3,0.1,1,7,9,5,0.275868803
2,0.7,0.3,1,3,9,5,0.2730710838
2,0.3,0.1,1,9,3,5,0.2872795161
2,0.1,0.3,1,9,3,5,0.3459613067
2,0.9,0.7,1,5,1,5,0.3301170064
15,0.46019,0.51922,10.76,4.2,2.4,6.6,0.7785938926
2,0.40715,0.13154,2.15,4.31,1.37,4,0.3125895075
2,0.95638,0.35574,1.16,2.63,2.78,3,0.2962634087
5,0.83188,0.70466,8.17,9.11,5.77,7.85,0.5269189333
2,0.7,0.1,1,3,1,5,0.2781340887
15,0.4,0.4,2,2,4,5,0.2532446227
2,0.3,0.5,1,3,3,5,0.3258527941
2,0.5,0.3,1,1,9,5,0.2706142811
2,0.5,0.1,1,5,1,5,0.2889163009
2,0.3,0.5,1,1,3,5,0.3218012242
2,0.54483,0.85261,6.64,8.84,2.82,3.65,0.3526984111
10,0.40426,0.16306,4.65,2.77,1.21,1,0.5241261321
2,0.1,0.5,1,7,9,5,0.3378822352
25,0.82815,0.63432,3.4,7.17,6.11,10.74,0.4957684264
21,0.1,1,1,10,100,10,0.3887694347
5,0.2,0.2,4,4,2,5,0.521694453
2,0.3,0.5,1,1,3,5,0.321100509
5,0.18211,0.41392,9.79,2.8,5.5,2.93,0.5933895706
2,0.5,0.9,1,7,5,5,0.3174641751
20,0.44956,0.31448,5.36,1.04,11,1.77,0.2191814187
2,0.3,0.3,1,7,1,5,0.3383984835
2,0.3,0.3,1,3,7,5,0.2902478484
2,0.9,0.7,1,5,5,5,0.2903532384
2,0.3,0.7,1,1,3,5,0.334744237
2,0.9,0.9,1,3,7,5,0.290573447
2,0.7,0.1,1,3,3,5,0.2672567477
5,0.1,0.6,6,1,6,5,0.5670830454
2,0.7,0.9,1,9,7,5,0.3003890116
15,0.6,0.6,6,1,1,5,0.6052282858
15,0.2,0.2,4,4,4,5,0.6652666995
2,0.7,0.9,1,9,1,5,0.3460266989
15,0.6,0.1,6,6,6,5,0.477040936
5,0.14606,0.58959,9.49,9.48,3.09,5.44,0.526974541
2,0.5117,0.51201,7.24,3.9,1.08,9.5,0.346555248
25,0.2352,0.5354,3.18,5.4,7.34,1.21,0.7764210653
2,0.3,0.1,1,5,3,5,0.2837923269
20,0.89308,0.42121,9.32,2.73,8.68,9.79,0.2314736248
5,0.2,0.4,4,2,2,5,0.5518966947
2,0.9,0.1,1,9,5,5,0.2785009302
2,0.9,0.1,1,9,9,5,0.2741623856
2,0.7,0.1,1,5,1,5,0.2834714055
2,0.1,0.9,1,1,9,5,0.3515205076
2,0.3,0.3,1,3,7,5,0.2906289951
2,0.9,0.9,1,9,9,5,0.2908608373
2,0.5,0.5,1,7,5,5,0.3006191316
2,0.3,0.9,1,1,3,5,0.3433834216
2,0.3,0.5,1,3,7,5,0.3046827321
10,0.2,0.4,2,2,4,5,0.5798007195
2,0.9,0.7,1,7,1,5,0.3312767032
20,0.53364,0.49408,2.57,3.58,2.36,3,0.6811332406
2,0.7,0.5,1,3,5,5,0.2876952581
2,0.5,0.5,1,7,1,5,0.3388847843
2,0.3219,0.96742,1.94,2.13,1.06,2,0.3528646288
2,0.5,0.3,1,5,5,5,0.2864969581
2,0.1,0.3,1,7,7,5,0.3271137858
5,0.6,0.1,1,1,1,5,0.1593477144
10,0.7375,0.34056,2,1.78,2.06,2,0.2199906397
2,0.9,0.7,1,3,5,5,0.2895455323
2,0.3,0.9,1,5,1,5,0.3521397945
2,0.3,0.7,1,3,3,5,0.337019135
2,0.3,0.7,1,9,9,5,0.3143208983
5,0.4,0.2,2,4,2,5,0.3931062342
15,0.52729,0.79616,1.13,5.98,2.48,8.1,0.5982562232
2,0.5,0.7,1,5,3,5,0.3206674355
5,0.2,0.2,4,2,2,5,0.4714572211
2,0.1,0.7,1,5,3,5,0.3515629153
2,0.5,0.9,1,5,9,5,0.3044145248
2,0.7,0.7,1,3,1,5,0.3354022968
2,0.1,0.1,1,3,5,5,0.2959833698
5,0.4,0.4,2,2,2,5,0.4328759542
5,0.6,0.6,6,6,6,5,0.5014865442
2,0.9,0.1,1,1,1,5,0.2652680385
2,0.5,0.7,1,1,1,5,0.3444179851
2,0.1,0.3,1,7,5,5,0.3347645471
2,0.3,0.5,1,5,9,5,0.3031680522
2,0.9,0.7,1,3,7,5,0.2840501813
2,0.9,0.7,1,9,9,5,0.2876807594
2,0.5,0.9,1,5,9,5,0.303889698
2,0.5,0.1,1,3,7,5,0.2667598206
2,0.9,0.3,1,1,3,5,0.2704218346
2,0.9,0.9,1,3,5,5,0.2958127135
2,0.5,0.7,1,3,7,5,0.2991400901
2,0.1,0.9,1,3,3,5,0.3466755222
2,0.5,0.9,1,9,3,5,0.3311232527
2,0.1,0.9,1,9,7,5,0.3533599848
2,0.3,0.9,1,5,7,5,0.3270138348
15,0.2,0.2,4,4,2,5,0.7255413859
5,0.64472,0.41271,10.14,4.8,2.65,8.2,0.4996978278
2,0.3,0.1,1,7,5,5,0.2796226997
2,0.3,0.3,1,3,9,5,0.2872295676
2,0.1,0.5,1,1,7,5,0.3413478553
2,0.5,0.1,1,5,3,5,0.2762306642
5,0.12924,0.80011,6.63,4.23,2.19,4.3,0.4342051674
2,0.5,0.9,1,7,5,5,0.3174451688
2,0.3,0.1,1,7,5,5,0.2789634523
21,2,6,0.2,1,1,0.6,0.4939363202
5,0.1,0.1,1,1,6,5,0.2098575558
10,0.37998,0.44931,7.01,8.66,10.15,7.47,0.6072076999
10,0.1,0.1,1,1,1,5,0.5532100079
10,0.2,0.2,4,4,2,5,0.6590350224
2,0.7,0.5,1,1,5,5,0.2801285587
10,0.1,0.1,6,1,1,5,0.5440965976
2,0.1,0.9,1,5,9,5,0.3520379044
2,0.7,0.7,1,1,1,5,0.3323596485
2,0.9,0.3,1,9,9,5,0.2776108542
21,2,6,0.2,0.2,1,0.2,0.4916770977
21,0.1,1,1,10,10,1,0.5298252931
2,0.3,0.5,1,1,7,5,0.3008681676
2,0.3,0.9,1,5,5,5,0.3334491752
10,0.1,0.6,6,1,1,5,0.4354234911
2,0.5,0.5,1,3,7,5,0.2912052038
2,0.1,0.5,1,5,1,5,0.3410185477
10,0.4,0.2,4,4,2,5,0.58504227
2,0.9,0.1,1,1,5,5,0.2536212031
2,0.7,0.3,1,3,7,5,0.2729512836
15,0.6103,0.56386,4.6,2.71,4.56,3,0.4539683013
2,0.9,0.1,1,5,1,5,0.2795814391
2,0.3,0.1,1,1,5,5,0.2646949933
2,0.5,0.5,1,7,3,5,0.3104548858
2,0.1,0.3,1,3,1,5,0.3525750939
2,0.9,0.1,1,7,9,5,0.2726149505
2,0.3,0.3,1,9,7,5,0.295150097
2,0.1,0.9,1,9,9,5,0.3520888131
2,0.5,0.7,1,9,3,5,0.3227403748
2,0.1,0.5,1,1,3,5,0.3531081771
2,0.5,0.3,1,9,5,5,0.2881890421
2,0.7,0.3,1,9,3,5,0.2906012027
2,0.3,0.9,1,7,7,5,0.3270410951
2,0.5,0.7,1,5,1,5,0.3471555584
2,0.7,0.1,1,3,1,5,0.2779290743
2,0.1,0.7,1,5,3,5,0.3516963075
2,0.1,0.3,1,5,3,5,0.3451884191
2,0.3,0.7,1,9,5,5,0.3268831155
2,0.5,0.1,1,5,1,5,0.2894855078
2,0.9,0.5,1,9,1,5,0.3220475762
2,0.3,0.5,1,3,1,5,0.3498695785
2,0.88425,0.13441,6.84,1.84,6.05,7.01,0.2806138429
2,0.7,0.9,1,9,3,5,0.3191673031
2,0.9,0.9,1,5,5,5,0.2967997195
15,0.6,0.1,6,1,6,5,0.08104221335
10,0.93374,0.26245,3.22,2.49,2.12,2,0.2862705462
20,0.48153,0.12843,3.51,5.18,6.96,10.83,0.3588664528
2,0.7,0.5,1,7,7,5,0.2871476467
2,0.9,0.1,1,5,5,5,0.2692149611
2,0.1,0.5,1,3,1,5,0.3413426753
2,0.1,0.3,1,1,7,5,0.3235261245
2,0.1,0.7,1,9,9,5,0.3478074465
2,0.3,0.1,1,3,5,5,0.274421483
2,0.5,0.7,1,3,7,5,0.2997175322
2,0.3209,0.26735,1.99,2.8,1.59,2,0.3346534065
2,0.9,0.5,1,7,3,5,0.293832132
2,0.3,0.3,1,9,1,5,0.3389898613
2,0.5,0.9,1,7,5,5,0.3170662707
2,0.3,0.1,1,3,5,5,0.2734113672
25,0.47107,0.34429,4.18,4.55,5.07,2.11,0.7630175226
2,0.9,0.9,1,5,1,5,0.3377746589
5,0.1,0.6,1,1,6,5,0.5387273417
10,0.4,0.2,2,4,4,5,0.3569499913
5,0.23174,0.36895,2.5,6.66,2.18,6.74,0.5284350919
2,0.9,0.5,1,3,3,5,0.2892744794
2,0.3,0.5,1,7,5,5,0.3153951082
5,0.1,0.1,1,1,6,5,0.201035585
10,0.30167,0.81485,1.29,2.6,7.87,10.16,0.3836522117
2,0.5,0.7,1,3,5,5,0.3074611763
2,0.9,0.9,1,9,9,5,0.2922829917
2,0.9,0.7,1,7,9,5,0.2856450275
2,0.17415,0.24944,1.65,3.99,5.31,7.38,0.315256639
2,0.3,0.9,1,3,5,5,0.3329677574
2,0.3,0.1,1,7,1,5,0.3038816823
2,0.1,0.5,1,3,9,5,0.3379343775
2,0.9,0.1,1,9,7,5,0.2765955643
10,0.6,0.1,6,1,1,5,0.08727152137
2,0.3,0.5,1,7,7,5,0.3074508778
2,0.7,0.3,1,5,5,5,0.2811520283
2,0.9,0.7,1,7,5,5,0.2941270083
2,0.7,0.7,1,7,1,5,0.338256348
2,0.7,0.3,1,3,5,5,0.2783935173
2,0.7,0.3,1,3,1,5,0.3074817595
15,0.1,0.1,1,1,6,5,0.1021751479
2,0.1,0.9,1,1,9,5,0.3511965173
5,0.52705,0.83918,1.52,7.16,4.47,5.77,0.4228639977
2,0.1,0.9,1,5,1,5,0.3171911509
2,0.3,0.5,1,5,7,5,0.3074406897
2,0.7,0.1,1,9,7,5,0.2745052132
2,0.3,0.5,1,1,1,5,0.3485843206
5,0.48184,0.41734,6.45,3.88,4.72,10.86,0.4081941564
2,0.7,0.5,1,9,1,5,0.3282075951
2,0.7,0.3,1,1,3,5,0.277155934
25,0.41671,0.33556,2.66,2.63,4.08,6.57,0.3932209491
2,0.9,0.1,1,9,3,5,0.2786121379
2,0.3,0.7,1,9,7,5,0.3183460221
2,0.7,0.5,1,1,1,5,0.3197591619
2,0.5,0.3,1,7,9,5,0.2819162896
2,0.1,0.5,1,9,1,5,0.3406307988
2,0.9,0.9,1,7,5,5,0.2992200947
2,0.7,0.5,1,9,7,5,0.2868227873
2,0.9,0.7,1,7,9,5,0.2853991843
2,0.3,0.1,1,3,3,5,0.2793399165
2,0.7,0.3,1,5,3,5,0.2875335731
2,0.5,0.9,1,5,3,5,0.3293941617
2,0.9,0.9,1,5,7,5,0.2934040338
15,0.6,0.6,6,6,6,5,0.6875907966
2,0.9,0.9,1,5,5,5,0.2986431071
2,0.7,0.1,1,3,5,5,0.2645147567
2,0.5,0.5,1,9,7,5,0.2943460193
25,0.63551,0.91426,6.23,7.78,2.71,9.11,0.7343965374
2,0.1,0.1,1,5,1,5,0.3384009556
2,0.10875,0.76187,4.81,1.49,1.23,4,0.3302561958
2,0.5,0.7,1,9,9,5,0.2995231199
2,0.3,0.9,1,9,9,5,0.3224281385
2,0.5,0.5,1,7,7,5,0.293766078
2,0.9,0.1,1,5,9,5,0.2673089328
2,0.1,0.5,1,5,3,5,0.3534050085
10,0.6,0.6,6,1,1,5,0.5649927622
15,0.4,0.2,4,2,4,5,0.3370706156
2,0.9,0.1,1,9,7,5,0.276255263
20,0.43594,0.94417,7.17,6.22,10.68,8.96,0.6777594736
2,0.5,0.9,1,7,1,5,0.3519122968
10,0.4,0.2,4,2,4,5,0.2743722567
15,0.1,0.1,6,6,6,5,0.6818541321
2,0.5,0.9,1,3,7,5,0.3083053204
2,0.5,0.1,1,5,1,5,0.2889420559
2,0.9,0.1,1,1,1,5,0.2665765779
2,0.3,0.1,1,9,7,5,0.2790925911
15,0.6,0.1,1,1,1,5,0.11504461
2,0.7,0.1,1,1,1,5,0.2702012269
2,0.3,0.1,1,7,5,5,0.2796253902
2,0.7,0.7,1,7,5,5,0.2992368568
5,0.83082,0.15315,3.25,2.87,1.4,2.38,0.2620454348
2,0.1,0.5,1,3,7,5,0.3419413374
2,0.9,0.1,1,7,3,5,0.2762588913
2,0.3,0.5,1,7,7,5,0.3072769963
25,0.47118,0.87155,4.49,8.87,8.86,5.74,0.7272167739
15,0.73299,0.54265,2.5,8.85,6.29,9.3,0.4340594987
2,0.3,0.3,1,1,3,5,0.3026104847
2,0.7,0.9,1,7,5,5,0.3064090171
2,0.9,0.9,1,1,3,5,0.3021152536
2,0.7,0.7,1,1,9,5,0.2815110972
2,0.7,0.1,1,1,9,5,0.2531056759
2,0.7,0.5,1,7,1,5,0.3281146893
10,0.72747,0.9815,2.92,3.07,4.16,2,0.6215045346
2,0.9,0.7,1,3,1,5,0.327057773
2,0.1,0.7,1,1,5,5,0.3530903946
2,0.7,0.5,1,1,9,5,0.2727649634
2,0.9,0.5,1,9,3,5,0.2945992576
2,0.3,0.3,1,3,5,5,0.2967339644
2,0.9,0.5,1,3,5,5,0.2811956917
15,0.4,0.2,4,4,2,5,0.6244580058
2,0.3,0.3,1,5,3,5,0.3084909463
10,0.62043,0.25862,4.78,2.1,10.59,7.35,0.2185816314
2,0.5,0.7,1,1,5,5,0.3016533047
2,0.24212,0.59823,1.52,4.19,1.1,4,0.3535397449
2,0.9,0.3,1,5,1,5,0.3028643212
2,0.1,0.5,1,5,3,5,0.3534622379
2,0.5,0.9,1,1,7,5,0.3041521525
2,0.3,0.3,1,9,7,5,0.2933491187
2,0.1,0.3,1,7,1,5,0.3525442516
2,0.7,0.7,1,5,5,5,0.2983238216
2,0.9,0.7,1,1,1,5,0.3245726774
2,0.5,0.7,1,7,1,5,0.3475340043
2,0.9,0.3,1,5,7,5,0.2748489311
5,0.1,0.6,1,6,6,5,0.5466993106
2,0.3,0.5,1,7,1,5,0.3510582864
2,0.1,0.3,1,3,9,5,0.3196300253
2,0.5,0.5,1,9,5,5,0.3002070443
2,0.3,0.3,1,9,9,5,0.2912865096
5,0.4,0.2,4,4,2,5,0.4526486435
2,0.7,0.9,1,3,5,5,0.3037680692
25,0.40297,0.39716,1.16,4.54,10.95,1.98,0.3973335505
2,0.7,0.1,1,1,7,5,0.2545928843
2,0.9,0.7,1,9,9,5,0.2879385334
2,0.9,0.9,1,1,9,5,0.2810798552
15,0.6,0.1,6,6,1,5,0.3472377062
2,0.5,0.3,1,3,5,5,0.2846451699
2,0.7,0.9,1,7,1,5,0.346230643
2,0.13124,0.5409,4.46,9.95,4.87,2.41,0.3515627509
2,0.5,0.7,1,5,5,5,0.308746985
2,0.5,0.5,1,1,3,5,0.3022215976
2,0.5,0.9,1,9,5,5,0.3174673548
15,0.74842,0.74313,1.7,4.33,2.35,7.65,0.5137797901
2,0.1,0.5,1,5,9,5,0.3380111295
2,0.9,0.1,1,1,9,5,0.2517900676
2,0.7,0.1,1,7,7,5,0.274433423
2,0.5,0.5,1,3,5,5,0.2959975829
2,0.7,0.7,1,7,3,5,0.3101022744
2,0.7,0.9,1,3,3,5,0.315824686
2,0.7,0.5,1,7,5,5,0.2921527815
10,0.4,0.2,2,4,2,5,0.4840879033
2,0.9,0.7,1,9,7,5,0.2903398153
2,0.3,0.3,1,9,7,5,0.2947906028
2,0.9,0.9,1,9,5,5,0.3006631316
2,0.54713,0.85025,1.2,5.47,1.36,6.27,0.3460673028
5,0.1,0.1,6,1,6,5,0.2875156699
2,0.1,0.9,1,3,7,5,0.3533082278
21,0.5,0.375,3,2.8,5.5,6,0.3941226574
2,0.5,0.9,1,5,5,5,0.3173197316
2,0.1,0.3,1,7,9,5,0.3203670882
2,0.5,0.3,1,3,1,5,0.3186362846
2,0.3,0.1,1,3,7,5,0.2708179271
2,0.7,0.9,1,7,1,5,0.345427948
2,0.3,0.1,1,9,1,5,0.3053274526
2,0.5,0.9,1,1,5,5,0.3100756468
2,0.3,0.5,1,9,9,5,0.3053071707
10,0.61931,0.62869,8.08,6.37,1.95,9.84,0.67579481
21,2,6,0.2,0.6,0.6,0.6,0.4934307496
2,0.3,0.9,1,5,5,5,0.3332259933
25,0.48775,0.61609,5.16,4.89,7.43,2.67,0.827005356
2,0.5,0.7,1,1,1,5,0.3445698156
2,0.1,0.3,1,9,3,5,0.3455150155
5,0.17707,0.77096,8.21,5.92,10.52,8.41,0.562071208
2,0.7,0.9,1,5,1,5,0.3452852045
2,0.1,0.5,1,3,3,5,0.3533673886
2,0.9,0.3,1,7,7,5,0.2775023663
15,0.1,0.6,1,6,1,5,0.4344722831
2,0.9,0.1,1,3,3,5,0.2662551072
15,0.1,0.1,1,6,1,5,0.7553132519
20,0.60492,0.75106,1.93,3.16,1.03,2,0.6827613219
2,0.7,0.1,1,5,7,5,0.2697311689
2,0.5,0.5,1,1,3,5,0.301716609
2,0.3,0.7,1,9,3,5,0.3389282153
5,0.93119,0.93795,2.11,3.9,4.82,5.5,0.3740172174
2,0.9,0.9,1,5,1,5,0.3377831524
2,0.5,0.7,1,7,3,5,0.321456965
2,0.5,0.3,1,1,9,5,0.2715944612
2,0.27055,0.7301,4.77,2.88,3.1,4,0.3528196958
2,0.9,0.1,1,1,1,5,0.2660983407
15,0.6,0.6,1,6,6,5,0.3873032084
2,0.3,0.5,1,3,9,5,0.2997025142
2,0.7,0.1,1,3,5,5,0.2662719569
2,0.5,0.5,1,7,7,5,0.2921841731
2,0.7,0.9,1,3,7,5,0.2974278073
2,0.9,0.9,1,7,7,5,0.2952680899
2,0.3,0.7,1,1,9,5,0.3089422074
2,0.7,0.5,1,1,1,5,0.3208987181
10,0.82877,0.16906,1.51,6.72,2.01,9.8,0.323688435
2,0.1,0.1,1,5,9,5,0.2903384684
25,0.8885,0.82342,7.97,10.59,9.52,4.57,0.8229075148
2,0.5,0.5,1,5,9,5,0.2904165835
2,0.3,0.9,1,5,1,5,0.3526229421
2,0.3,0.1,1,3,1,5,0.2994814263
15,0.6,0.1,1,6,6,5,0.265645065
2,0.50417,0.98119,3.7,4,3.22,2,0.3519220257
10,0.2,0.4,2,2,4,5,0.5535301469
2,0.5,0.9,1,3,1,5,0.3508453501
15,0.4,0.4,2,4,4,5,0.5604678063
2,0.1,0.7,1,9,9,5,0.3480479049
2,0.3,0.9,1,3,1,5,0.3528679687
5,0.1,0.1,6,1,1,5,0.4548880161
21,0.1,0.1,1,100,10,100,0.2148594546
2,0.3,0.7,1,7,9,5,0.3129508361
2,0.5,0.7,1,1,5,5,0.3015557658
2,0.9,0.1,1,1,7,5,0.2520592184
10,0.1,0.6,1,6,1,5,0.4258183332
2,0.7,0.7,1,9,1,5,0.3388029641
2,0.3,0.5,1,7,3,5,0.3269024068
2,0.7,0.3,1,7,9,5,0.2789155695
2,0.7,0.1,1,9,7,5,0.2762849235
2,0.7,0.7,1,5,1,5,0.3384648778
2,0.1,0.7,1,1,9,5,0.3459420269
2,0.5,0.3,1,1,7,5,0.2728883863
2,0.1,0.9,1,5,1,5,0.3150203244
2,0.1,0.1,1,7,3,5,0.3101372399
2,0.5,0.1,1,7,7,5,0.2724859149
2,0.9,0.3,1,9,5,5,0.2806057942
2,0.9,0.1,1,1,3,5,0.2562599354
2,0.3,0.1,1,7,5,5,0.2803635275
2,0.3,0.7,1,3,1,5,0.3534678569
5,0.6,0.1,6,1,1,5,0.1497789296
2,0.5,0.1,1,7,9,5,0.2732792272
2,0.3,0.9,1,5,7,5,0.3267443656
2,0.3,0.9,1,7,1,5,0.3523101168
15,0.1,0.6,6,6,1,5,0.3854559713
2,0.3,0.9,1,1,9,5,0.3172068998
2,0.1,0.7,1,9,9,5,0.3469186212
2,0.3,0.3,1,1,1,5,0.3334247941
2,0.3,0.5,1,5,1,5,0.350506242
2,0.9,0.7,1,9,7,5,0.2888945428
2,0.7,0.5,1,9,3,5,0.3013490417
2,0.3,0.5,1,3,5,5,0.3131621087
2,0.7,0.7,1,9,5,5,0.3008584494
21,2,10,0.2,1,0.2,1,0.4430338838
2,0.9,0.7,1,1,3,5,0.2939372373
2,0.3,0.1,1,3,9,5,0.2700062776
2,0.5,0.5,1,9,1,5,0.3391067942
2,0.9,0.3,1,3,3,5,0.2783351851
2,0.5,0.3,1,5,1,5,0.3206261173
2,0.3,0.3,1,9,3,5,0.3117484838
2,0.3,0.1,1,1,1,5,0.293209386
2,0.3,0.9,1,7,5,5,0.3345567796
2,0.7,0.1,1,7,3,5,0.2764327933
2,0.9,0.5,1,9,3,5,0.294720541
2,0.7,0.7,1,3,9,5,0.2876083633
2,0.5,0.7,1,5,7,5,0.3019994136
2,0.7,0.7,1,3,7,5,0.2896470419
2,0.9,0.7,1,3,7,5,0.2855803729
2,0.3,0.3,1,7,5,5,0.2995687077
2,0.9,0.7,1,9,1,5,0.3315845918
2,0.5,0.1,1,3,3,5,0.2711609179
2,0.5,0.9,1,3,9,5,0.3024456735
2,0.7,0.7,1,5,7,5,0.2918688691
2,0.3,0.7,1,7,7,5,0.3190802827
10,0.4,0.4,4,2,4,5,0.3973333579
2,0.1,0.3,1,3,9,5,0.3205195795
2,0.1,0.3,1,9,3,5,0.3458648391
2,0.5,0.5,1,5,1,5,0.3382892661
2,0.7,0.9,1,3,9,5,0.2929653478
15,0.6,0.6,1,6,6,5,0.3517525556
2,0.7,0.3,1,5,5,5,0.2811307069
2,0.1,0.1,1,3,9,5,0.2871739344
2,0.1,0.9,1,1,7,5,0.3531330855
2,0.1,0.1,1,9,7,5,0.2934240441
5,0.89876,0.2901,5.82,10.02,6.06,9.4,0.461726119
2,0.3,0.1,1,1,1,5,0.293396939
2,0.1,0.9,1,7,3,5,0.3467074525
2,0.9,0.7,1,9,5,5,0.2944248469
15,0.37852,0.49208,3.76,3.84,3.02,3,0.7856672842
15,0.6,0.1,1,1,6,5,0.03519045032
2,0.5,0.9,1,3,7,5,0.3077872129
2,0.7,0.5,1,5,7,5,0.2856994198
2,0.9,0.1,1,9,1,5,0.2863346303
15,0.6,0.1,1,6,6,5,0.2292057582
2,0.5,0.1,1,5,1,5,0.2899119929
2,0.5,0.3,1,7,1,5,0.3234240054
2,0.5,0.5,1,5,3,5,0.3097443468
21,0.5,0.375,4,2.8,5.5,5,0.4932406869
2,0.7,0.7,1,7,5,5,0.2985974957
10,0.76875,0.8072,4.81,4.82,2.11,4,0.7287756056
2,0.3,0.5,1,3,9,5,0.2996952171
2,0.9,0.1,1,5,5,5,0.2701754821
2,0.5,0.3,1,5,1,5,0.3206956927
25,0.46127,0.75291,4.47,1.9,4.39,1,0.7208960586
2,0.1,0.3,1,7,9,5,0.3199059445
2,0.3,0.5,1,5,9,5,0.3026355673
2,0.7,0.7,1,3,3,5,0.3063929328
5,0.2,0.4,4,4,2,5,0.5620362748
2,0.1,0.3,1,3,9,5,0.3205243374
2,0.9,0.7,1,9,5,5,0.293280173
15,0.4,0.2,4,4,2,5,0.5489744519
15,0.63413,0.29058,4.35,1.6,7.62,7.53,0.1208040907
2,0.7,0.9,1,5,3,5,0.3173927251
2,0.5,0.5,1,5,5,5,0.2985253025
2,0.3,0.5,1,5,9,5,0.3017289415
2,0.5,0.1,1,1,1,5,0.2786307517
2,0.1,0.3,1,7,5,5,0.3353248895
2,0.3,0.1,1,5,7,5,0.2750666521
2,0.7,0.3,1,3,1,5,0.3084605022
2,0.7,0.3,1,9,1,5,0.3120241221
2,0.5,0.9,1,5,5,5,0.3164756241
2,0.9,0.1,1,5,7,5,0.2674603692
2,0.3,0.5,1,1,9,5,0.2956334426
2,0.5,0.7,1,9,7,5,0.3038602988
2,0.1,0.9,1,5,1,5,0.3139758879
2,0.9,0.3,1,3,3,5,0.2795954488
2,0.1,0.5,1,7,3,5,0.3533786746
2,0.5,0.5,1,5,7,5,0.293049806
2,0.3,0.7,1,5,7,5,0.3181196194
2,0.7,0.7,1,9,7,5,0.2955866513
20,0.63804,0.43173,1.26,4.38,3.49,3,0.4981436091
21,0.1,0.1,1,10,1,1,0.5918128235
2,0.9,0.9,1,3,5,5,0.297845337
2,0.1,0.1,1,9,7,5,0.2947130271
15,0.4,0.4,2,2,4,5,0.3749554327
2,0.5,0.7,1,7,9,5,0.2979337997
2,0.7,0.7,1,9,3,5,0.3108155965
10,0.1,0.6,1,6,6,5,0.6744763973
2,0.5,0.9,1,9,3,5,0.3302217939
2,0.5,0.5,1,5,3,5,0.3091949931
2,0.9,0.5,1,9,5,5,0.288090764
2,0.3,0.3,1,9,3,5,0.3114919629
2,0.7,0.1,1,5,5,5,0.2718169119
15,0.2,0.4,2,2,4,5,0.5962893664
21,2,2,0.2,1,1,0.2,0.5590656365
2,0.3,0.3,1,1,5,5,0.2898982713
15,0.6,0.1,1,6,1,5,0.3498001264
2,0.7,0.7,1,3,5,5,0.2960912212
2,0.5,0.9,1,5,3,5,0.3296645879
2,0.1,0.1,1,1,5,5,0.2905630928
2,0.5,0.5,1,3,3,5,0.3082084712
2,0.9,0.1,1,5,3,5,0.2714362923
2,0.9,0.9,1,5,3,5,0.3099315368
2,0.1,0.7,1,5,7,5,0.350319889
2,0.5,0.5,1,7,1,5,0.3397520361
2,0.5,0.9,1,3,9,5,0.3035567835
25,0.37837,0.95332,3.01,2.14,7.1,2.26,0.7111032008
2,0.1,0.5,1,7,1,5,0.3405911753
2,0.1,0.1,1,1,3,5,0.3027454805
2,0.1,0.1,1,9,9,5,0.2921955969
21,0.5,0.375,5,2.8,5.5,2,0.6868158157
5,0.1,0.1,6,1,1,5,0.4681458179
2,0.86397,0.67017,9.75,10.97,5.28,6.01,0.342303285
10,0.2,0.2,4,4,2,5,0.6813632199
5,0.6,0.1,6,6,6,5,0.3682011698
2,0.1,0.9,1,5,1,5,0.3157439009
2,0.1,0.3,1,9,9,5,0.3216087066
10,0.6,0.1,1,1,6,5,0.05699566634
2,0.7,0.1,1,1,3,5,0.2586506282
2,0.5,0.7,1,7,1,5,0.3480204855
2,0.5,0.1,1,1,5,5,0.2583211102
2,0.5,0.5,1,7,9,5,0.2910245928
2,0.7,0.1,1,1,9,5,0.2537984179
2,0.7,0.3,1,1,5,5,0.2693322887
10,0.6,0.6,6,6,1,5,0.617972129
5,0.1,0.1,6,6,6,5,0.4964649998
2,0.1,0.5,1,9,5,5,0.3486518757
2,0.1,0.3,1,5,5,5,0.3344894611
15,0.4,0.4,2,4,2,5,0.6619586334
2,0.5,0.1,1,9,1,5,0.2931228772
2,0.9,0.5,1,5,5,5,0.286950524
2,0.5,0.7,1,7,7,5,0.3031437837
2,0.1,0.3,1,3,7,5,0.3262748415
15,0.2,0.4,2,4,2,5,0.6219406592
2,0.7,0.5,1,3,9,5,0.2799049
2,0.1,0.7,1,9,5,5,0.3533784276
20,0.14092,0.4137,2.5,9.98,10.82,10.32,0.5627501911
2,0.7,0.1,1,9,3,5,0.2796549175
2,0.1949,0.35277,6.61,10.22,5.02,6.04,0.347962954
2,0.7,0.5,1,3,3,5,0.2968203579
2,0.7,0.3,1,9,5,5,0.2837832653
2,0.5,0.7,1,3,3,5,0.3204820846
2,0.3,0.7,1,7,9,5,0.312679723
2,0.3,0.3,1,1,7,5,0.2855925302
2,0.18434,0.82505,4.16,3.8,3.26,4,0.3520241484
2,0.5,0.1,1,5,7,5,0.2706906872
2,0.1,0.9,1,7,5,5,0.3528987716
2,0.9,0.7,1,3,9,5,0.283241187
2,0.3,0.7,1,9,3,5,0.3391520251
2,0.3,0.3,1,1,9,5,0.2811561323
2,0.5,0.9,1,5,3,5,0.3291039078
25,0.1893,0.90481,7.36,7.27,2.99,4.92,0.5126500972
21,0.5,0.375,2,2.8,5.5,10,0.2793893919
2,0.3,0.9,1,5,5,5,0.333878762
2,0.1,0.7,1,1,1,5,0.3294520812
2,0.1,0.7,1,7,7,5,0.3504437884
2,0.3,0.3,1,3,9,5,0.2868745088
5,0.60248,0.35324,5.2,9.73,6.25,7.33,0.4819836422
2,0.3,0.5,1,9,1,5,0.3508275009
2,0.9,0.3,1,7,9,5,0.2772714206
2,0.1,0.1,1,9,1,5,0.3394768242
10,0.4,0.4,4,2,4,5,0.4051286298
2,0.5,0.3,1,7,1,5,0.3221186497
2,0.5,0.7,1,5,7,5,0.3015156977
2,0.7,0.3,1,5,9,5,0.2764011371
2,0.1,0.3,1,9,1,5,0.352387504
2,0.1,0.1,1,3,5,5,0.2967635107
2,0.1,0.9,1,1,1,5,0.316918619
2,0.3,0.3,1,7,3,5,0.3108637157
2,0.3,0.3,1,7,7,5,0.294462027
2,0.9,0.5,1,9,7,5,0.285499555
10,0.4,0.4,4,2,2,5,0.5846341771
2,0.3,0.3,1,3,5,5,0.2962519273
2,0.7,0.3,1,5,9,5,0.2764855273
21,2,10,0.2,0.6,0.2,1,0.4429511574
2,0.7,0.5,1,3,7,5,0.2827038646
2,0.5,0.3,1,3,9,5,0.2781664851
2,0.1,0.7,1,9,5,5,0.3533259414
15,0.6,0.6,6,1,6,5,0.1983291484
2,0.9,0.1,1,7,3,5,0.275945579
25,0.50376,0.99616,3.46,4.08,5.13,7.86,0.674894803
2,0.3,0.7,1,9,9,5,0.3138029268
10,0.27166,0.39074,1.99,1.53,4.88,3,0.3072805339
5,0.6,0.1,6,1,6,5,0.1227033337
2,0.1,0.9,1,1,3,5,0.3469128917
2,0.7,0.3,1,9,3,5,0.2911564412
2,0.9,0.7,1,5,9,5,0.2842428031
2,0.1,0.3,1,7,3,5,0.3455035543
2,0.7,0.9,1,5,1,5,0.344599472
15,0.35356,0.67368,8.43,2.01,9.6,10.55,0.3813036226
5,0.4,0.2,2,4,2,5,0.40313879
10,0.1,0.6,6,6,1,5,0.3722604734
2,0.5,0.7,1,5,9,5,0.2970490613
15,0.2,0.2,2,2,2,5,0.5470326386
2,0.1,0.9,1,1,9,5,0.3512439893
25,0.50741,0.61611,4.76,1.92,1.45,3,0.760201443
15,0.4,0.4,4,4,4,5,0.6554687217
10,0.6,0.6,6,1,6,5,0.2158803238
2,0.3,0.3,1,9,1,5,0.3394938071
2,0.5,0.9,1,1,7,5,0.3042705794
21,0.5,0.375,6,2.8,5.5,2,0.7177361766
5,0.6,0.1,1,1,1,5,0.1539232926
2,0.5,0.7,1,1,9,5,0.2908485457
2,0.1,0.7,1,7,5,5,0.3533040696
2,0.1,0.9,1,3,1,5,0.3166682633
2,0.5,0.3,1,5,3,5,0.2950175989
2,0.7,0.3,1,1,7,5,0.2662664553
2,0.9,0.3,1,7,1,5,0.3042658805
5,0.17134,0.17668,6.54,1.19,9,9.25,0.2629191139
5,0.1,0.1,1,1,6,5,0.1885872213
21,0.1,1,1,1,10,100,0.5878265086
2,0.1,0.3,1,7,1,5,0.3521239282
2,0.1,0.5,1,3,5,5,0.3486639758
2,0.5,0.3,1,9,7,5,0.2862756797
2,0.3,0.3,1,3,1,5,0.3366692352
15,0.4,0.4,2,4,4,5,0.4671974394
2,0.5,0.3,1,1,9,5,0.2707662848
2,0.5,0.3,1,1,3,5,0.284331597
2,0.9,0.9,1,1,7,5,0.2864463269
2,0.1,0.5,1,9,3,5,0.3534259312
2,0.3,0.1,1,9,3,5,0.2863857165
2,0.5,0.1,1,1,1,5,0.2775482853
2,0.9,0.9,1,7,3,5,0.3093692216
2,0.7,0.7,1,5,7,5,0.2931720667
10,0.1,0.1,1,6,6,5,0.3533806252
2,0.3,0.7,1,3,1,5,0.3535170952
2,0.3,0.1,1,3,9,5,0.2695983277
2,0.1,0.5,1,5,5,5,0.3489567821
2,0.1,0.3,1,3,7,5,0.3259103131
5,0.96368,0.81284,6.38,5.7,1.1,6.11,0.5456714568
2,0.3,0.3,1,5,5,5,0.2987160372
2,0.3,0.9,1,1,5,5,0.3312852884
2,0.1,0.3,1,1,5,5,0.3313905416
2,0.9,0.7,1,7,3,5,0.302759769
5,0.1,0.6,1,6,1,5,0.4193186504
2,0.3,0.1,1,9,1,5,0.3053280126
5,0.93571,0.64444,1.16,3.47,3.48,4,0.3177416355
2,0.7,0.1,1,9,1,5,0.290185854
2,0.7,0.1,1,1,5,5,0.2559379912
2,0.9,0.7,1,3,5,5,0.2891818821
2,0.3,0.1,1,3,5,5,0.2737377329
5,0.4,0.2,2,2,2,5,0.3134491641
10,0.4,0.4,4,4,2,5,0.6773910784
2,0.3,0.7,1,3,3,5,0.3367869787
2,0.5,0.5,1,1,5,5,0.2905882411
2,0.7,0.3,1,9,7,5,0.2819778676
2,0.7,0.1,1,3,5,5,0.2652514048
2,0.7,0.1,1,5,9,5,0.2695956524
2,0.5,0.1,1,3,5,5,0.2675415624
2,0.3,0.7,1,3,3,5,0.3370201239
21,0.5,0.375,10,2.8,5.5,2,0.791613795
2,0.72112,0.67884,5.98,5.24,6.73,10.86,0.3178096875
2,0.3,0.3,1,5,1,5,0.3385038249
2,0.3,0.5,1,3,7,5,0.3049378465
2,0.7,0.3,1,1,1,5,0.3001848782
2,0.5,0.3,1,3,9,5,0.2773900229
15,0.2,0.2,4,4,2,5,0.7352862108
25,0.937,0.96616,3.69,2.96,2.37,3,0.7587469908
2,0.1,0.3,1,5,1,5,0.3524120054
2,0.40229,0.22165,2.21,8.29,10.73,9.77,0.2925705201
2,0.9,0.9,1,3,5,5,0.2970641925
2,0.7,0.3,1,3,3,5,0.2830766474
2,0.9,0.7,1,5,7,5,0.2879018729
2,0.1,0.9,1,3,5,5,0.3530242159
2,0.5,0.1,1,3,9,5,0.2660480814
2,0.5,0.9,1,3,3,5,0.3294465393
2,0.1,0.1,1,5,1,5,0.3375707508
2,0.9,0.1,1,9,7,5,0.2758899589
2,0.7,0.3,1,5,7,5,0.2791821864
2,0.7,0.3,1,5,7,5,0.2783251642
2,0.7,0.5,1,5,1,5,0.3269158197
2,0.5,0.3,1,5,7,5,0.2820246184
21,0.1,1,1,100,10,100,0.5901536589
2,0.1,0.3,1,9,9,5,0.3212043032
2,0.5,0.5,1,7,3,5,0.3112566075
2,0.1,0.7,1,3,9,5,0.3469568687
2,0.1,0.5,1,7,9,5,0.3379560716
2,0.9,0.1,1,1,7,5,0.2543011047
2,0.9,0.7,1,1,9,5,0.2764178841
15,0.2,0.4,2,4,2,5,0.5979085454
2,0.5,0.1,1,1,1,5,0.2775370651
2,0.7,0.7,1,5,5,5,0.299164211
2,0.1,0.1,1,5,9,5,0.289878109
2,0.1,0.1,1,7,3,5,0.3119508369
5,0.4,0.2,2,4,2,5,0.3894509949
15,0.6,0.6,6,6,6,5,0.6222036816
21,2,10,0.2,0.2,1,0.2,0.4400054201
2,0.5,0.7,1,7,9,5,0.2983109904
15,0.1,0.1,1,1,1,5,0.5941851191
2,0.3,0.7,1,5,5,5,0.3255168594
5,0.17846,0.25859,7.52,1.64,10.93,7.37,0.3753657315
2,0.5,0.5,1,9,5,5,0.3009409096
2,0.5,0.1,1,9,5,5,0.2773138061
5,0.90045,0.73273,8.73,1.72,6.42,10.74,0.3160843319
15,0.6,0.6,1,6,6,5,0.3140045378
2,0.9,0.7,1,9,9,5,0.2881753349
10,0.1,0.6,1,1,6,5,0.5977425007
2,0.9,0.1,1,3,7,5,0.2620631685
21,0.5,0.375,9,2.8,5.5,8,0.5426221637
2,0.3,0.9,1,3,7,5,0.3258096917
10,0.6,0.6,6,6,1,5,0.6760893881
2,0.5,0.7,1,7,5,5,0.309827983
2,0.7,0.7,1,1,5,5,0.2900766748
25,0.71898,0.52447,1.13,3.63,8.42,7.03,0.1827014193
2,0.3,0.3,1,9,5,5,0.3001122785
2,0.1,0.9,1,1,3,5,0.3469889542
2,0.1,0.1,1,5,3,5,0.309870533
2,0.7,0.3,1,3,9,5,0.2723704446
2,0.3,0.1,1,3,1,5,0.2981115305
20,0.57814,0.99961,2.49,4.27,1.98,2,0.6792927143
10,0.69521,0.81024,2.64,3.27,2.9,4,0.5823609861
2,0.5,0.1,1,1,9,5,0.2565068179
2,0.1,0.7,1,7,1,5,0.3261243149
2,0.5,0.1,1,5,7,5,0.2712835575
2,0.5,0.3,1,7,1,5,0.3222010422
5,0.1,0.6,1,1,6,5,0.5336932009
2,0.1,0.7,1,1,9,5,0.3454365084
2,0.9,0.9,1,1,7,5,0.2849253861
15,0.1,0.6,1,6,6,5,0.6651499938
2,0.1,0.9,1,3,1,5,0.316204405
2,0.9,0.3,1,5,5,5,0.276996019
5,0.4,0.2,2,4,4,5,0.3633618048
20,0.43691,0.6163,2.9,9.76,4.35,3.48,0.7679203935
2,0.9,0.5,1,3,5,5,0.2807315628
10,0.1,0.1,6,1,1,5,0.5623451447
2,0.1,0.1,1,9,5,5,0.2998718632
2,0.9,0.1,1,7,7,5,0.2732180409
2,0.9,0.7,1,5,1,5,0.3294982817
2,0.1,0.3,1,5,3,5,0.3456733366
25,0.16041,0.42531,2.51,1.51,1.3,5.34,0.5626089391
2,0.9,0.1,1,3,5,5,0.2642549469
15,0.4,0.2,2,2,4,5,0.1897942825
2,0.3,0.3,1,5,1,5,0.3379144019
2,0.1,0.7,1,1,9,5,0.346085023
10,0.6,0.6,6,6,1,5,0.6232105876
21,2,2,0.2,0.2,1,1,0.5632324142
15,0.31593,0.94501,2.94,7.82,9.58,2.4,0.8017343314
2,0.3,0.9,1,7,5,5,0.3346943947
2,0.7,0.5,1,9,1,5,0.329002876
5,0.6,0.6,1,1,6,5,0.1922582848
2,0.1,0.3,1,3,3,5,0.3451544662
2,0.5,0.1,1,5,5,5,0.2737192811
25,0.73232,0.44295,4.53,4.8,2.32,2,0.6863356219
5,0.1,0.1,1,6,6,5,0.3165920736
15,0.3693,0.18811,2.59,5.2,7.93,8.75,0.3321862163
2,0.1,0.1,1,1,3,5,0.3028613727
10,0.82808,0.91779,3.42,5.33,1.16,6.65,0.639184099
2,0.3,0.1,1,3,7,5,0.2730141878
10,0.6,0.1,6,1,6,5,0.08091941399
2,0.9,0.9,1,1,1,5,0.3343655221
2,0.3,0.9,1,7,7,5,0.3268651096
15,0.6,0.1,1,6,1,5,0.2087801632
2,0.9,0.7,1,1,1,5,0.3242690341
5,0.70518,0.50915,9.32,8.12,2.38,4.22,0.5744708386
2,0.1,0.7,1,7,5,5,0.3532992418
2,0.9,0.9,1,9,9,5,0.2914261136
2,0.1,0.5,1,7,5,5,0.3488521413
2,0.7,0.3,1,9,9,5,0.2804199458
15,0.6,0.6,1,6,6,5,0.3293210152
2,0.1,0.1,1,1,7,5,0.2849717949
2,0.1,0.3,1,3,5,5,0.3330577514
2,0.3,0.3,1,3,5,5,0.2949522767
2,0.3,0.7,1,1,1,5,0.353237681
15,0.2,0.2,2,4,4,5,0.5293000868
2,0.5,0.5,1,5,3,5,0.3085573879
2,0.3,0.7,1,1,1,5,0.3533325131
2,0.1,0.5,1,1,9,5,0.3358800897
2,0.5,0.1,1,5,9,5,0.2698676123
2,0.13039,0.36472,2.72,9.47,10.94,10.23,0.3239580958
2,0.7,0.9,1,7,1,5,0.3455136311
2,0.5,0.9,1,5,3,5,0.3290450645
2,0.9,0.5,1,3,7,5,0.2786729423
2,0.9,0.9,1,3,1,5,0.3360894507
25,0.25501,0.3812,7.94,1.42,3.99,7.8,0.5498189509
2,0.7,0.1,1,9,7,5,0.2764215672
5,0.2,0.2,4,4,2,5,0.5256952487
2,0.3,0.9,1,9,5,5,0.3343638355
2,0.7,0.1,1,5,1,5,0.2837592019
2,0.9,0.1,1,7,1,5,0.2832794155
2,0.7,0.3,1,9,5,5,0.2841626129
20,0.93427,0.76245,2.11,3.81,2.58,2,0.2573094582
2,0.9,0.1,1,5,7,5,0.2698076429
2,0.7,0.1,1,1,3,5,0.2585584851
5,0.4,0.4,2,2,2,5,0.4310948523
2,0.1,0.5,1,7,1,5,0.3391120708
2,0.5,0.3,1,5,3,5,0.2950151377
2,0.7,0.7,1,5,9,5,0.2893834174
2,0.1,0.9,1,1,9,5,0.3508440418
2,0.1,0.9,1,7,5,5,0.3530028427
2,0.1,0.7,1,1,3,5,0.3524742032
2,0.7,0.1,1,9,5,5,0.2783035983
2,0.3,0.7,1,3,1,5,0.3534166257
2,0.5,0.1,1,9,1,5,0.2956772562
10,0.13273,0.33127,8.92,10.82,2.04,8.69,0.6109091262
2,0.3,0.7,1,3,5,5,0.3252030597
25,0.54122,0.80718,3.75,3.66,1.28,4,0.640394608
2,0.7,0.9,1,7,5,5,0.3074887172
5,0.4,0.4,2,4,2,5,0.48476495
2,0.5,0.7,1,1,1,5,0.3446255398
2,0.5,0.9,1,5,7,5,0.3096398354
2,0.5,0.9,1,3,9,5,0.3021315505
2,0.5,0.9,1,5,9,5,0.3053298963
2,0.1,0.5,1,1,9,5,0.3362367391
2,0.1,0.1,1,3,3,5,0.3074636782
2,0.1,0.9,1,9,5,5,0.3528274963
5,0.6,0.1,6,6,6,5,0.3722739407
2,0.9,0.5,1,5,1,5,0.3193981596
2,0.3,0.5,1,7,3,5,0.3279660156
2,0.3,0.5,1,9,5,5,0.3153673564
2,0.9,0.7,1,5,3,5,0.3015883394
2,0.9,0.5,1,3,1,5,0.3171878727
2,0.9,0.7,1,1,7,5,0.2778232709
2,0.7,0.3,1,5,9,5,0.2764377081
15,0.2,0.2,4,2,4,5,0.3774638524
2,0.5,0.3,1,3,3,5,0.2920756403
2,0.9,0.5,1,7,3,5,0.2931699168
10,0.4,0.2,4,4,4,5,0.5176402412
2,0.9,0.1,1,9,9,5,0.2767614432
2,0.5,0.1,1,3,1,5,0.2843707959
21,2,6,0.2,1,0.2,0.2,0.4819559274
2,0.9,0.1,1,3,9,5,0.2626923334
15,0.6,0.6,6,1,1,5,0.6036182021
2,0.7,0.9,1,3,3,5,0.3154150163
25,0.24857,0.42586,8.67,3.28,3.6,6.39,0.8461260459
2,0.5,0.3,1,7,7,5,0.2847555245
2,0.7,0.1,1,9,5,5,0.2764780469
2,0.7,0.9,1,9,7,5,0.3003498518
10,0.4,0.4,4,4,4,5,0.6162310112
2,0.3,0.1,1,3,5,5,0.2739730045
2,0.5,0.3,1,9,1,5,0.3236714605
2,0.9,0.3,1,3,5,5,0.2738725453
2,0.9,0.1,1,5,3,5,0.2713486924
2,0.1,0.1,1,7,7,5,0.2934387698
2,0.3,0.3,1,5,7,5,0.292284869
2,0.7,0.7,1,9,3,5,0.3105838395
2,0.5,0.1,1,1,3,5,0.2619411072
10,0.54325,0.9315,6,8.28,3.16,10.19,0.7001531546
2,0.9,0.3,1,3,1,5,0.2986489591
10,0.6,0.6,1,6,1,5,0.6378081786
2,0.9,0.9,1,5,3,5,0.3077766012
2,0.3,0.1,1,7,1,5,0.3040986851
2,0.9,0.1,1,7,7,5,0.2722075672
2,0.9,0.9,1,1,3,5,0.3029187702
10,0.2,0.2,2,4,2,5,0.6097974227
25,0.78731,0.65565,4.71,10.2,5.09,9.96,0.6477611824
2,0.3,0.5,1,7,7,5,0.3081258679
2,0.3,0.1,1,3,1,5,0.2990165096
2,0.5,0.9,1,7,3,5,0.3303936112
2,0.7,0.5,1,9,7,5,0.2876742444
2,0.3,0.5,1,1,5,5,0.3086531395
2,0.1,0.7,1,1,5,5,0.3530492513
2,0.5,0.9,1,3,7,5,0.3077166767
2,0.76453,0.96355,2.46,1.55,4.21,3,0.3253907885
2,0.3,0.1,1,3,3,5,0.2792389939
10,0.4,0.2,4,2,4,5,0.2326812205
2,0.5,0.5,1,3,7,5,0.2909216862
2,0.7,0.5,1,7,3,5,0.3012172124
2,0.7,0.1,1,9,3,5,0.2792684885
2,0.3,0.3,1,3,1,5,0.3362745384
2,0.9,0.5,1,1,7,5,0.2718437945
2,0.7,0.3,1,5,3,5,0.2875113676
15,0.1,0.6,6,6,1,5,0.3766125756
2,0.3,0.3,1,5,5,5,0.2990160417
15,0.98274,0.87178,2.52,4.47,4.86,3,0.5005448781
10,0.70556,0.87292,6.57,7.23,6.26,8.23,0.6140356866
10,0.25674,0.71197,9.31,10.43,3.04,10.39,0.689992884
10,0.41486,0.61378,2.51,6.74,4.13,6.31,0.5612484624
2,0.9,0.7,1,5,9,5,0.2837657545
2,0.1,0.9,1,7,9,5,0.3517109455
15,0.27695,0.43933,7.1,6.67,8.27,8.52,0.6773062409
5,0.4,0.2,4,4,4,5,0.4351936312
5,0.4,0.4,4,2,4,5,0.4097419565
2,0.9,0.1,1,7,9,5,0.2728189817
2,0.1,0.1,1,9,1,5,0.3398925691
2,0.1,0.1,1,1,3,5,0.3020574012
10,0.2,0.2,2,2,2,5,0.5327260608
2,0.66432,0.56615,2.36,3.34,1.83,3,0.3337956597
2,0.9,0.7,1,7,5,5,0.2937078871
2,0.9,0.5,1,5,3,5,0.2930287051
2,0.9,0.7,1,1,5,5,0.2835256438
15,0.1,0.1,1,1,6,5,0.1668828563
2,0.9,0.7,1,5,7,5,0.2882100525
15,0.35307,0.15151,1.41,4.77,1.02,1,0.671311155
10,0.4,0.2,4,2,2,5,0.3423697518
2,0.9,0.5,1,3,5,5,0.2811178032
2,0.5,0.9,1,1,1,5,0.3483988453
2,0.7,0.5,1,3,5,5,0.2878347384
2,0.9,0.9,1,7,1,5,0.3386629335
2,0.9,0.1,1,9,3,5,0.2793244733
2,0.7,0.3,1,5,1,5,0.3096561471
2,0.7,0.9,1,1,5,5,0.2990573342
5,0.1,0.6,1,1,1,5,0.4309392181
2,0.1,0.7,1,3,9,5,0.3468880949
2,0.5,0.1,1,5,9,5,0.2685684288
20,0.85253,0.42148,1.7,2.91,1.12,3.39,0.5147870909
2,0.9,0.7,1,1,7,5,0.2801189025
15,0.35274,0.55567,3.59,5.74,7.72,2.55,0.7329466331
2,0.1,0.1,1,3,1,5,0.3365343421
2,0.1,0.3,1,3,1,5,0.3526745975
2,0.3,0.5,1,7,5,5,0.3154014801
2,0.7,0.1,1,9,9,5,0.2747605298
2,0.1,0.1,1,5,9,5,0.2896533956
2,0.1,0.1,1,1,5,5,0.2902883208
15,0.4,0.2,2,2,4,5,0.2768905356
20,0.45768,0.65472,3.57,3.15,4.62,1,0.8627907242
2,0.1,0.1,1,3,3,5,0.307508928
2,0.5,0.7,1,7,7,5,0.3032996853
10,0.4,0.2,4,2,2,5,0.3273808981
2,0.7,0.7,1,9,3,5,0.3109676454
2,0.9,0.1,1,3,5,5,0.2641253562
2,0.3,0.1,1,3,3,5,0.2795108856
20,0.24052,0.21925,1.55,6.11,7.17,7.71,0.3548694122
2,0.9,0.9,1,3,1,5,0.3359062377
2,0.1,0.7,1,3,1,5,0.3289324443
2,0.9,0.7,1,5,1,5,0.3293897744
2,0.3,0.9,1,7,5,5,0.334933402
2,0.5,0.7,1,3,9,5,0.2958512113
2,0.7,0.9,1,1,7,5,0.2916939452
2,0.7,0.3,1,7,9,5,0.2779293026
2,0.9,0.5,1,1,3,5,0.2829438239
2,0.3,0.9,1,5,9,5,0.3197657304
5,0.1,0.1,1,1,1,5,0.4579368836
15,0.6,0.1,1,1,6,5,0.04167366417
2,0.7,0.9,1,5,5,5,0.306604241
2,0.7,0.5,1,5,3,5,0.2982474695
2,0.9,0.1,1,9,9,5,0.2754640008
2,0.5,0.1,1,7,9,5,0.2747303883
2,0.1,0.1,1,9,1,5,0.3400278346
2,0.5,0.9,1,1,9,5,0.29789067
2,0.1,0.9,1,1,1,5,0.3175084332
2,0.1,0.3,1,3,3,5,0.3446243631
15,0.1,0.1,6,6,6,5,0.6864830227
2,0.1,0.1,1,5,1,5,0.337849885
2,0.5,0.7,1,1,5,5,0.3021300489
2,0.1,0.3,1,7,1,5,0.3522373927
2,0.3,0.9,1,7,1,5,0.3517998611
2,0.3,0.1,1,7,3,5,0.2859919719
2,0.1,0.1,1,9,7,5,0.2950526035
2,0.3,0.9,1,1,9,5,0.3165565009
2,0.7,0.3,1,1,1,5,0.3024709895
15,0.59489,0.50379,7.15,8.41,3.16,8.96,0.7356323173
2,0.3,0.7,1,9,9,5,0.3129504399
2,0.5,0.7,1,9,3,5,0.3217267818
2,0.7,0.5,1,5,9,5,0.2830820618
2,0.1,0.9,1,3,9,5,0.351741478
2,0.7,0.7,1,9,3,5,0.3102678717
2,0.5,0.3,1,9,3,5,0.2969624326
2,0.7,0.7,1,1,1,5,0.3335962423
2,0.9,0.1,1,5,7,5,0.2676320605
5,0.6,0.1,6,6,1,5,0.3806775628
2,0.3,0.9,1,9,3,5,0.3461043316
5,0.4,0.4,4,4,4,5,0.4887740378
2,0.7,0.5,1,3,3,5,0.296536556
2,0.5,0.1,1,3,7,5,0.2662714809
2,0.5,0.9,1,7,9,5,0.3049638676
2,0.1,0.9,1,5,5,5,0.3532134698
2,0.7,0.7,1,7,9,5,0.2916618222
2,0.3,0.1,1,3,9,5,0.268332805
10,0.2,0.4,4,2,4,5,0.6345412169
5,0.2,0.2,2,2,2,5,0.4061026718
2,0.7,0.9,1,1,7,5,0.2920595181
2,0.3,0.5,1,1,3,5,0.3227656048
2,0.3,0.9,1,3,9,5,0.3193561924
2,0.1,0.5,1,7,7,5,0.3430440011
2,0.5,0.5,1,9,5,5,0.3003582728
2,0.3,0.1,1,1,7,5,0.2631035974
2,0.3,0.9,1,1,3,5,0.3430301907
5,0.1,0.6,1,1,6,5,0.5357435197
2,0.9,0.3,1,5,1,5,0.303526656
2,0.3,0.9,1,9,3,5,0.3461777617
2,0.3,0.7,1,5,7,5,0.3184401549
2,0.5,0.7,1,9,5,5,0.3107108113
2,0.7,0.3,1,9,7,5,0.2822241677
21,2,6,0.2,1,1,1,0.5011863169
2,0.1,0.3,1,5,1,5,0.352410233
5,0.1,0.6,6,1,1,5,0.43204356
2,0.1,0.3,1,7,5,5,0.3346504331
5,0.90391,0.40375,1.67,4.68,4.75,3,0.3749712065
15,0.4,0.4,4,2,2,5,0.6065977697
2,0.5,0.3,1,1,7,5,0.2732272673
2,0.9,0.5,1,5,3,5,0.2926856435
2,0.9,0.5,1,5,3,5,0.2926128858
2,0.3,0.9,1,1,5,5,0.3313070219
2,0.1,0.3,1,9,5,5,0.3354529234
10,0.6,0.1,1,1,1,5,0.08777245143
2,0.9,0.3,1,3,7,5,0.2709717386
5,0.18124,0.11298,1.04,7.1,10.37,9.9,0.2584768852
2,0.5,0.3,1,5,5,5,0.2857336005
2,0.1,0.9,1,9,5,5,0.3530284378
2,0.1,0.1,1,3,3,5,0.3078391613
2,0.3,0.7,1,3,5,5,0.3247665274
2,0.9,0.1,1,3,7,5,0.2642862724
2,0.7,0.5,1,9,9,5,0.285725511
15,0.65906,0.3919,4.57,3.48,3.07,3,0.3062731932
2,0.3,0.9,1,3,9,5,0.3200335848
10,0.48696,0.77309,3.23,3.29,4.21,4,0.6059543674
2,0.9,0.9,1,9,7,5,0.2942210347
2,0.7,0.1,1,1,1,5,0.2697988262
2,0.3,0.5,1,1,9,5,0.2954218869
2,0.7,0.7,1,5,5,5,0.2980391548
2,0.3,0.3,1,3,3,5,0.3075797948
2,0.1,0.1,1,3,1,5,0.3367930811
2,0.7,0.9,1,7,3,5,0.3194499144
15,0.4,0.2,2,4,4,5,0.3669385403
2,0.7,0.9,1,1,1,5,0.3417513637
2,0.9,0.7,1,7,1,5,0.3297068279
2,0.3,0.5,1,9,5,5,0.3156644627
2,0.1,0.3,1,3,1,5,0.3526420472
10,0.74851,0.75046,3.49,2.85,2.7,4,0.5764131938
25,0.40266,0.2932,7.62,5.19,2.71,9.65,0.7247424477
21,0.5,0.375,7,2.8,5.5,3,0.6939169479
2,0.1,0.9,1,5,9,5,0.3516341116
2,0.9,0.1,1,3,3,5,0.2650975724
2,0.3,0.1,1,1,7,5,0.2632065742
2,0.1,0.1,1,3,9,5,0.2874937848
2,0.5,0.1,1,3,9,5,0.2648040986
2,0.7,0.3,1,7,9,5,0.2784842897
2,0.1,0.5,1,3,3,5,0.353362298
5,0.2,0.2,4,4,4,5,0.4896317389
2,0.1,0.5,1,9,3,5,0.3534076878
2,0.7,0.9,1,7,1,5,0.3454660165
2,0.7,0.1,1,5,9,5,0.2693144698
2,0.5,0.9,1,3,7,5,0.3075589076
2,0.3,0.3,1,9,5,5,0.2997038352
2,0.5,0.1,1,9,9,5,0.2756839376
15,0.1,0.1,1,6,1,5,0.5986118687
2,0.7,0.1,1,7,1,5,0.2856521373
15,0.2287,0.64545,3.01,9.36,6.35,4.49,0.7675795697
2,0.5,0.9,1,5,5,5,0.3160151141
15,0.4,0.4,4,2,4,5,0.5400620881
2,0.1,0.3,1,9,1,5,0.3523764513
2,0.9,0.7,1,9,3,5,0.304016718
2,0.3,0.3,1,5,9,5,0.2885805332
15,0.2,0.4,2,4,4,5,0.6826597331
10,0.9353,0.94381,1.5,3.94,3.39,2,0.4709027046
10,0.4,0.4,4,4,4,5,0.5607865882
2,0.1,0.5,1,7,7,5,0.3432103756
2,0.1,0.7,1,1,1,5,0.330187969
2,0.3,0.5,1,1,7,5,0.3009008675
2,0.7,0.9,1,7,9,5,0.296837513
15,0.51257,0.61501,5.12,7.21,1.93,9.99,0.7683596328
2,0.1,0.9,1,5,5,5,0.3531448235
2,0.5,0.5,1,9,7,5,0.2962918742
15,0.1,0.1,1,6,6,5,0.3489427504
2,0.9,0.5,1,7,1,5,0.31962267
2,0.9,0.5,1,3,1,5,0.3165101228
2,0.7,0.1,1,7,1,5,0.2866604961
2,0.1,0.3,1,7,5,5,0.3341844511
2,0.5,0.5,1,5,5,5,0.298845498
2,0.9,0.1,1,5,1,5,0.2794058269
21,0.5,0.375,8,2.8,5.5,5,0.6147271896
2,0.5,0.3,1,1,5,5,0.2773842061
15,0.49102,0.77242,5.85,10.09,9.68,3.81,0.7853647725
2,0.3,0.7,1,7,5,5,0.3256718312
2,0.1,0.9,1,5,7,5,0.3533129272
2,0.9,0.3,1,3,9,5,0.2693399701
21,0.1,1,1,100,1,10,0.3556004388
2,0.1,0.5,1,3,3,5,0.3532107106
2,0.5,0.9,1,3,9,5,0.3037752526
2,0.5,0.1,1,1,7,5,0.2570122466
2,0.1,0.3,1,7,3,5,0.3455293971
2,0.1,0.7,1,9,1,5,0.3280394452
10,0.6,0.6,6,1,1,5,0.5622838447
2,0.9,0.3,1,1,5,5,0.2647536267
2,0.5,0.7,1,5,1,5,0.3467732913
2,0.9,0.3,1,7,7,5,0.2774445491
2,0.9,0.3,1,9,3,5,0.2863518224
2,0.7,0.9,1,1,1,5,0.3420310751
15,0.89593,0.50305,1.4,1.31,4.77,2,0.1291725658
2,0.3,0.7,1,5,5,5,0.3258279505
2,0.3,0.3,1,3,3,5,0.3072030949
2,0.7,0.5,1,3,9,5,0.2809402175
15,0.2,0.4,2,2,2,5,0.6485491195
2,0.5,0.7,1,9,3,5,0.321884
10,0.86,0.38467,3.66,1.52,1.22,3,0.1822431409
2,0.5,0.1,1,9,1,5,0.2937948465
2,0.7,0.9,1,7,5,5,0.3071580658
2,0.5,0.3,1,9,1,5,0.3244398092
2,0.1,0.9,1,3,7,5,0.3532902096
2,0.7,0.7,1,1,7,5,0.2851282055
2,0.1,0.1,1,9,5,5,0.3015312178
2,0.7,0.1,1,3,9,5,0.2625709248
5,0.1,0.1,6,6,6,5,0.4971983674
2,0.9,0.3,1,1,9,5,0.2611408996
2,0.7,0.9,1,7,3,5,0.3177454251
21,2,10,0.2,0.2,0.6,0.2,0.4401526485
2,0.5,0.3,1,7,7,5,0.2847572933
15,0.70103,0.70265,10.4,1.91,2.82,6.25,0.6401426073
2,0.5,0.7,1,1,1,5,0.343977967
2,0.3,0.9,1,7,3,5,0.3463898434
2,0.5,0.1,1,1,9,5,0.2555316458
2,0.7,0.5,1,9,1,5,0.3295149087
2,0.1,0.1,1,5,3,5,0.3101341187
2,0.1,0.9,1,7,3,5,0.3457607128
2,0.5,0.5,1,1,1,5,0.3336825912
2,0.5,0.9,1,5,3,5,0.3290826111
10,0.6,0.1,1,1,6,5,0.05293804537
2,0.5,0.7,1,7,5,5,0.3091699798
5,0.4,0.4,2,4,2,5,0.475255826
2,0.5,0.7,1,3,1,5,0.3464199641
2,0.3,0.5,1,9,7,5,0.3090789713
2,0.74339,0.40912,1.5,8.7,5.76,2.38,0.3193554421
21,0.1,0.1,1,100,100,10,0.4192629948
20,0.58189,0.52304,2.03,9.63,1.1,8.96,0.7046122827
2,0.36004,0.40878,4.5,7.64,8.92,7.36,0.3238526297
2,0.5,0.7,1,5,7,5,0.3022605064
10,0.2,0.4,2,2,4,5,0.588359633
2,0.9,0.7,1,3,9,5,0.2815083405
21,2,6,0.2,0.2,1,1,0.5080015714
2,0.7,0.7,1,3,5,5,0.2958742745
2,0.1,0.7,1,1,3,5,0.3518319363
2,0.7,0.9,1,1,9,5,0.2870310179
2,0.1,0.7,1,1,3,5,0.3521043308
10,0.2,0.2,2,4,4,5,0.4794868047
2,0.9,0.3,1,7,1,5,0.3048001114
2,0.3,0.5,1,7,1,5,0.3506444065
2,0.9,0.7,1,1,3,5,0.292602859
15,0.1,0.6,6,6,1,5,0.3837564757
2,0.7,0.9,1,3,1,5,0.3438489118
2,0.1,0.9,1,9,7,5,0.3533179565
2,0.7,0.3,1,9,9,5,0.2802520956
2,0.3,0.7,1,1,7,5,0.3151362555
20,0.92645,0.72614,7.47,5.99,7.18,6.38,0.6912536795
15,0.6,0.1,6,6,6,5,0.3973524161
2,0.3,0.1,1,1,5,5,0.2655513377
2,0.7,0.7,1,9,7,5,0.294827756
2,0.21121,0.3974,4.1,1.79,4.94,1.82,0.3465604893
2,0.5,0.1,1,7,5,5,0.2756216881
2,0.9,0.5,1,3,5,5,0.2816990951
2,0.5,0.1,1,1,3,5,0.2625812001
2,0.1,0.3,1,3,5,5,0.3339779539
2,0.3,0.7,1,5,9,5,0.3118051224
25,0.36121,0.14468,4.81,2.76,1.83,3,0.1962185827
15,0.2,0.2,2,4,4,5,0.5616198259
2,0.3,0.9,1,1,9,5,0.3177323645
2,0.3,0.1,1,3,5,5,0.2728015376
15,0.62541,0.38694,7.36,1.42,8.42,10.67,0.1956688433
2,0.1,0.1,1,3,1,5,0.3359077061
2,0.3,0.9,1,3,3,5,0.3439477937
2,0.5,0.7,1,3,9,5,0.2954069338
2,0.1,0.5,1,5,7,5,0.3427851306
10,0.1,0.6,6,6,6,5,0.6716490043
2,0.5,0.9,1,5,9,5,0.3043452004
20,0.81682,0.38563,2.34,3.22,1.3,1,0.6648646063
21,2,6,0.2,0.2,0.2,0.6,0.4998627619
2,0.7,0.5,1,1,9,5,0.2723883925
2,0.3,0.5,1,7,3,5,0.3282260834
2,0.1,0.3,1,7,9,5,0.3214939394
10,0.1,0.6,1,1,1,5,0.4286361075
2,0.3,0.1,1,9,7,5,0.2789997079
2,0.9,0.5,1,9,9,5,0.2826557062
15,0.2,0.2,4,2,4,5,0.5465322388
25,0.78313,0.49085,5.22,4.86,3.72,2.99,0.7897042755
21,0.1,0.1,1,100,10,1,0.7945538198
2,0.5,0.3,1,5,7,5,0.2830252756
2,0.7,0.9,1,1,5,5,0.2994377573
2,0.7,0.3,1,3,3,5,0.283366345
15,0.4,0.2,4,2,2,5,0.2618561549
15,0.4,0.4,4,2,2,5,0.621954713
2,0.7,0.9,1,7,7,5,0.3006663773
2,0.5,0.9,1,5,1,5,0.3515336945
2,0.9,0.3,1,3,1,5,0.2990393012
2,0.1,0.5,1,3,9,5,0.3377444771
2,0.7,0.9,1,5,7,5,0.299837496
2,0.9,0.1,1,9,5,5,0.2759258559
2,0.3,0.3,1,9,1,5,0.3393426687
2,0.7,0.1,1,3,7,5,0.2638340759
2,0.1,0.5,1,1,1,5,0.3436561569
5,0.2,0.4,2,4,2,5,0.5390408044
20,0.7147,0.91474,4.29,1.13,2.1,2,0.03295217172
2,0.3,0.5,1,7,9,5,0.3040747632
2,0.9,0.1,1,3,1,5,0.2744271332
2,0.9,0.1,1,7,7,5,0.2723570043
2,0.9,0.3,1,5,3,5,0.2841560736
20,0.91921,0.35803,1.91,1.34,4.72,1,0.03789125873
2,0.7,0.5,1,7,9,5,0.2851225509
2,0.3,0.7,1,1,7,5,0.3139460353
2,0.7,0.3,1,7,3,5,0.2884984409
2,0.3,0.1,1,3,1,5,0.2981084997
2,0.1,0.3,1,3,5,5,0.3328143978
2,0.9,0.3,1,3,7,5,0.2717111201
2,0.7,0.5,1,9,3,5,0.3002530543
2,0.7,0.3,1,3,3,5,0.2843160494
2,0.5,0.9,1,5,1,5,0.351565403
2,0.3,0.9,1,5,7,5,0.3273107809
2,0.1,0.5,1,5,7,5,0.3425178899
2,0.3,0.3,1,7,3,5,0.3102847184
21,2,6,0.2,0.2,0.6,0.2,0.4908631676
2,0.5,0.7,1,3,9,5,0.295966859
2,0.29095,0.29535,4.53,10.23,2.13,2.77,0.3493312036
2,0.1,0.7,1,5,3,5,0.3517237717
2,0.1,0.9,1,7,3,5,0.3464354042
10,0.34899,0.83861,1.79,9.81,9.71,6.85,0.5078095674
2,0.3,0.3,1,1,5,5,0.2909723022
2,0.1,0.5,1,9,3,5,0.3534196411
2,0.3,0.5,1,3,3,5,0.3263732723
2,0.1,0.9,1,9,5,5,0.3528735283
2,0.1,0.3,1,9,7,5,0.3269132221
10,0.47998,0.36818,6.29,9.54,1.16,1.02,0.5514007268
2,0.9,0.7,1,5,7,5,0.285820826
2,0.9,0.1,1,9,1,5,0.2871677482
15,0.4,0.4,2,4,2,5,0.65690213
2,0.3,0.5,1,3,3,5,0.3244027864
25,0.11805,0.47118,3.72,1.5,4.83,4,0.7157158659
10,0.1,0.1,6,6,1,5,0.631879252
2,0.7,0.1,1,7,7,5,0.2735431663
2,0.3,0.7,1,1,3,5,0.3343253508
2,0.5,0.7,1,7,3,5,0.3215613248
2,0.7,0.3,1,5,5,5,0.2801087271
10,0.6,0.6,1,6,6,5,0.3317270069
2,0.3,0.7,1,3,1,5,0.3534831458
2,0.7,0.9,1,7,7,5,0.2998405479
10,0.6,0.1,6,6,6,5,0.395495048
25,0.18321,0.91171,7.82,8.22,1.9,7.9,0.4659404341
21,2,10,0.2,0.2,1,1,0.4546637579
2,0.5,0.5,1,3,1,5,0.3367328084
10,0.2,0.2,2,2,4,5,0.2939605473
2,0.3,0.5,1,9,5,5,0.314968097
2,0.3,0.9,1,7,5,5,0.3340375259
2,0.9,0.9,1,9,5,5,0.2993232575
5,0.6,0.6,6,1,1,5,0.4702502527
2,0.5,0.5,1,1,5,5,0.2910033589
25,0.28485,0.62964,2.44,7.42,4.49,8.13,0.6397062502
20,0.13449,0.32766,2.05,2.37,2.55,3,0.6479248268
2,0.7,0.3,1,5,9,5,0.2769433075
21,0.1,1,1,1,100,10,0.2565924464
5,0.1,0.1,6,1,6,5,0.2815521212
2,0.1,0.1,1,3,7,5,0.2906499743
2,0.5,0.3,1,5,3,5,0.2945092689
2,0.3,0.7,1,3,9,5,0.3119691085
5,0.53174,0.76153,2.28,5.06,2.74,6.41,0.4854148937
5,0.6,0.1,6,1,1,5,0.1608908434
5,0.1,0.1,6,6,1,5,0.5520810579
2,0.3,0.1,1,7,3,5,0.2861269451
15,0.1,0.6,1,1,6,5,0.5912102267
2,0.3,0.1,1,5,1,5,0.3018853481
2,0.7,0.3,1,5,9,5,0.2762347413
2,0.7,0.7,1,1,5,5,0.2912131521
2,0.3,0.5,1,5,7,5,0.3071951256
2,0.9,0.3,1,7,1,5,0.3045490402
2,0.3,0.9,1,3,9,5,0.3215600744
15,0.1,0.6,6,1,6,5,0.7006649858
2,0.1,0.5,1,9,3,5,0.3533965223
2,0.3,0.9,1,9,7,5,0.3262462881
2,0.3,0.5,1,3,7,5,0.3061404122
2,0.7,0.1,1,9,5,5,0.277312621
2,0.7,0.7,1,7,9,5,0.2906720212
2,0.5,0.3,1,7,5,5,0.2894340045
2,0.1,0.1,1,1,7,5,0.2857283937
2,0.5,0.3,1,9,5,5,0.2896599872
10,0.2,0.4,4,2,4,5,0.6480950798
2,0.5,0.5,1,9,7,5,0.2953117722
10,0.37754,0.1745,3.51,3.45,4,2,0.441628549
5,0.31775,0.10004,4.37,4.43,4.28,4,0.374708661
2,0.3,0.5,1,9,7,5,0.3084793998
2,0.7,0.7,1,1,3,5,0.3019790427
5,0.4,0.4,2,2,4,5,0.3597266453
21,2,10,0.2,0.2,0.2,0.2,0.4395432766
2,0.9,0.1,1,7,7,5,0.272977261
2,0.7,0.7,1,1,3,5,0.3029919911
2,0.9,0.3,1,5,9,5,0.2747240928
5,0.35278,0.4717,8.49,2.96,3.14,7.4,0.5204326023
10,0.55338,0.92745,3.36,3.83,4.44,2,0.7273775809
2,0.3,0.5,1,5,9,5,0.3025462788
2,0.7,0.5,1,3,3,5,0.297073527
2,0.1,0.7,1,3,7,5,0.3502373229
21,2,10,0.2,0.6,0.2,0.6,0.4447539686
20,0.9646,0.15329,4.1,2.69,3.8,4,0.08969679192
2,0.3,0.1,1,3,5,5,0.2734045476
5,0.2,0.4,2,2,2,5,0.5295761865
2,0.5,0.1,1,9,5,5,0.2777045216
2,0.7,0.3,1,1,5,5,0.2685675565
5,0.1,0.1,1,6,1,5,0.5043523733
2,0.5,0.5,1,9,3,5,0.3104992137
25,0.85346,0.67295,7.09,6.64,6.35,2.54,0.8827923787
2,0.3,0.5,1,5,1,5,0.3501944258
2,0.36376,0.29321,4.61,1.85,4.26,3,0.32224753
2,0.9,0.5,1,3,1,5,0.3161551218
2,0.9,0.5,1,1,7,5,0.2703855625
2,0.5,0.5,1,5,1,5,0.3379615851
2,0.9,0.1,1,3,3,5,0.2655652836
2,0.5,0.5,1,5,9,5,0.2888477791
2,0.1,0.1,1,3,5,5,0.295503373
2,0.1,0.9,1,9,3,5,0.3461635278
2,0.5,0.5,1,9,9,5,0.2911989876
15,0.1207,0.35385,2.95,9.44,6.51,2.16,0.8275659268
2,0.7,0.9,1,9,9,5,0.2975264416
2,0.1,0.3,1,1,7,5,0.3232324322
2,0.5,0.1,1,7,1,5,0.2927418922
2,0.9,0.9,1,7,9,5,0.2916722999
2,0.9,0.5,1,3,5,5,0.2824978227
2,0.5,0.9,1,3,7,5,0.307941851
25,0.98468,0.49738,10.22,10.88,1.63,3.83,0.826228623
10,0.1,0.1,1,1,1,5,0.5504375041
2,0.9,0.1,1,9,1,5,0.2857253927
2,0.3,0.7,1,9,1,5,0.353551617
2,0.7,0.9,1,1,5,5,0.299152643
2,0.5,0.3,1,9,7,5,0.2855420266
2,0.3,0.3,1,1,7,5,0.2849454454
2,0.9,0.9,1,5,9,5,0.2899951074
2,0.3,0.9,1,5,5,5,0.333845747
2,0.3,0.1,1,1,3,5,0.2706522653
2,0.3,0.7,1,5,9,5,0.3134191571
2,0.7,0.3,1,9,7,5,0.2830981111
2,0.78452,0.4381,3.09,4.04,1.99,4,0.3242330878
2,0.1,0.5,1,7,1,5,0.3408913856
5,0.75401,0.67047,9.89,3.22,7.29,7.29,0.4649321004
10,0.84921,0.14761,2.19,5.66,7.02,8.23,0.3026547445
2,0.3,0.3,1,9,7,5,0.29398851
2,0.7,0.3,1,9,3,5,0.2906922494
2,0.7,0.7,1,1,3,5,0.3027036238
25,0.20158,0.74524,4.04,2.2,4.82,3,1.048236827
21,0.1,1,1,100,1,1,0.3849036125
2,0.1,0.3,1,1,3,5,0.3429228323
2,0.5,0.7,1,5,9,5,0.2980075418
20,0.13759,0.38232,2.81,5.2,5.89,8.32,0.7031301917
2,0.1,0.7,1,3,7,5,0.3504343445
2,0.9,0.3,1,5,1,5,0.3021725275
2,0.9,0.3,1,9,1,5,0.3057885692
2,0.5,0.3,1,3,1,5,0.3193997628
15,0.4,0.4,2,4,4,5,0.5176611808
2,0.5,0.3,1,3,7,5,0.2791390683
2,0.5,0.5,1,5,3,5,0.3088987639
2,0.3,0.1,1,3,9,5,0.2704116156
2,0.7,0.3,1,1,7,5,0.2651427863
2,0.9,0.9,1,3,1,5,0.3369298148
2,0.1,0.5,1,1,5,5,0.3483105635
2,0.59383,0.49151,7.48,7.49,6.23,4.08,0.3414034195
2,0.7,0.5,1,5,5,5,0.2902732603
2,0.9,0.7,1,5,7,5,0.2875155651
5,0.2,0.2,2,4,4,5,0.4245425492
2,0.5,0.7,1,5,1,5,0.3472020328
10,0.98732,0.70069,7.68,6.91,5.04,3.26,0.7443772422
2,0.9,0.1,1,9,3,5,0.2785389924
2,0.7,0.3,1,7,9,5,0.2788085586
2,0.5,0.5,1,3,5,5,0.2967447959
2,0.5,0.3,1,3,3,5,0.2927849618
2,0.3,0.3,1,9,7,5,0.293978085
2,0.3,0.3,1,9,3,5,0.3108202302
2,0.3,0.1,1,1,1,5,0.2921566104
2,0.7,0.3,1,1,7,5,0.2665798403
25,0.45694,0.94505,4,3.21,1.32,1,0.5368508321
2,0.5,0.7,1,3,3,5,0.3187914657
2,0.5,0.5,1,7,1,5,0.3393825882
2,0.9,0.1,1,5,5,5,0.2690619967
2,0.5,0.7,1,9,1,5,0.3479398933
2,0.7,0.1,1,9,1,5,0.2881856729
2,0.9,0.3,1,1,5,5,0.2639923446
2,0.1,0.1,1,5,3,5,0.3098333878
2,0.3,0.9,1,9,1,5,0.3518139352
10,0.1,0.6,1,6,6,5,0.6362089251
2,0.5,0.9,1,9,9,5,0.3056658531
2,0.3,0.9,1,9,5,5,0.3345709185
21,0.5,0.375,1,2.8,5.5,9,0.232613364
2,0.1,0.7,1,5,5,5,0.3531881108
2,0.48246,0.91656,2.62,5.3,9.84,5.73,0.3255079536
15,0.2,0.2,4,2,2,5,0.603750228
2,0.5,0.1,1,5,5,5,0.2722209222
2,0.9,0.5,1,1,1,5,0.3118340066
2,0.3,0.9,1,1,9,5,0.3171397795
2,0.1,0.5,1,3,5,5,0.3484122811
2,0.1,0.9,1,5,7,5,0.3533176505
2,0.5,0.5,1,3,3,5,0.3078158869
2,0.3,0.9,1,3,1,5,0.3524726023
5,0.4,0.4,4,4,4,5,0.4781204488
2,0.7,0.5,1,3,9,5,0.2805654552
2,0.9,0.9,1,5,9,5,0.2893760396
20,0.55026,0.98267,4.59,3.89,3.15,4,0.9813177943
2,0.9,0.1,1,7,1,5,0.2840171635
2,0.5,0.5,1,9,9,5,0.2912194684
5,0.59793,0.75539,4.72,10.6,8.38,10.14,0.4416386185
2,0.1,0.1,1,7,9,5,0.2911012029
2,0.5,0.5,1,3,5,5,0.2964557944
2,0.77904,0.35543,6.76,9.9,4.05,5.26,0.3329007868
2,0.5,0.7,1,7,9,5,0.2985993833
2,0.74329,0.24635,3.09,4.51,2.23,3,0.3184314134
2,0.7,0.1,1,7,5,5,0.2745672098
20,0.53771,0.48404,2.06,4.7,4.24,3,0.4951779035
10,0.1,0.6,1,1,6,5,0.6779873882
2,0.7,0.1,1,1,5,5,0.256437367
10,0.28063,0.93491,5.5,7.08,1.02,10.58,0.4623562331
2,0.3,0.3,1,5,1,5,0.3375581886
2,0.5,0.5,1,7,9,5,0.2907135988
2,0.9,0.1,1,7,9,5,0.2720433173
2,0.5,0.5,1,3,9,5,0.2869631301
2,0.1,0.3,1,1,5,5,0.3318280355
2,0.5,0.3,1,7,5,5,0.2879442802
2,0.3,0.9,1,7,3,5,0.3454477816
2,0.7,0.3,1,5,1,5,0.3088004975
2,0.7,0.5,1,9,1,5,0.327465764
2,0.3,0.7,1,1,1,5,0.3532091572
21,0.1,0.1,1,10,1,10,0.6083193668
2,0.7,0.1,1,3,9,5,0.262860529
2,0.1,0.5,1,3,5,5,0.3486258868
2,0.5,0.9,1,7,5,5,0.3174793537
2,0.5,0.9,1,7,1,5,0.351828245
2,0.79019,0.48252,3.72,6.71,10.97,9.87,0.3026045147
21,2,2,0.2,0.6,0.6,0.6,0.5788087403
2,0.7,0.9,1,9,3,5,0.3189733014
5,0.6,0.1,6,6,6,5,0.3576559198
2,0.3,0.5,1,5,3,5,0.32624302
5,0.1,0.6,1,6,6,5,0.536214916
2,0.9,0.1,1,1,9,5,0.253022464
2,0.3,0.9,1,3,7,5,0.326202441
2,0.3,0.1,1,3,3,5,0.2785813794
2,0.9,0.9,1,1,3,5,0.3022719458
2,0.5,0.5,1,9,9,5,0.2914945996
2,0.9,0.9,1,5,7,5,0.292006105
5,0.68112,0.87968,8.05,1.99,4.34,10.65,0.406118463
5,0.6,0.6,6,6,1,5,0.5508591973
10,0.918,0.81748,3.13,2.12,3.41,2,0.3605923231
2,0.1,0.5,1,1,5,5,0.3466111485
2,0.9,0.7,1,1,1,5,0.3252146685
2,0.5,0.1,1,9,3,5,0.2812086693
2,0.3,0.1,1,3,5,5,0.2739962068
2,0.1,0.7,1,7,7,5,0.350420797
2,0.1,0.9,1,1,5,5,0.3532188662
2,0.7,0.5,1,9,5,5,0.2932316501
2,0.9,0.1,1,1,1,5,0.2653813149
15,0.4,0.2,4,4,4,5,0.5643607543
21,0.5,0.375,4,2.8,5.5,8,0.4088640516
2,0.5,0.1,1,7,3,5,0.2794347967
2,0.7,0.5,1,1,7,5,0.2761440465
2,0.7,0.1,1,3,9,5,0.2637386011
2,0.1,0.1,1,1,5,5,0.2907152881
2,0.1,0.5,1,1,9,5,0.3370711647
5,0.6,0.1,6,6,1,5,0.3680417191
2,0.7,0.7,1,5,7,5,0.2932530279
2,0.7,0.1,1,3,7,5,0.2634886117
21,0.5,0.375,3,2.8,5.5,3,0.529685659
21,0.1,0.1,1,10,1,100,0.5795606022
2,0.3,0.9,1,1,5,5,0.3320210129
2,0.3,0.5,1,1,5,5,0.3081568838
2,0.9,0.7,1,9,7,5,0.2895727937
2,0.9,0.1,1,1,7,5,0.2519669416
2,0.9,0.9,1,3,1,5,0.3368351552
2,0.9,0.5,1,5,7,5,0.2818566991
5,0.4,0.2,2,2,2,5,0.295045256
5,0.1,0.1,6,6,1,5,0.5324531086
15,0.3337,0.53894,4.11,2.94,4.99,4,0.5838898199
2,0.319,0.6382,8.41,4.51,7.6,8.29,0.341195107
15,0.48637,0.6537,8.5,1.44,10.86,5.55,0.4019115582
2,0.1,0.1,1,9,7,5,0.2945942574
2,0.9,0.7,1,9,5,5,0.2934819352
2,0.9,0.7,1,5,1,5,0.3298350717
2,0.1,0.1,1,1,3,5,0.3019119568
5,0.1,0.1,6,1,6,5,0.2857354591
5,0.69567,0.89762,9.56,10.09,2.23,1.37,0.5198566921
2,0.5,0.7,1,9,1,5,0.3474339622
2,0.9,0.9,1,1,7,5,0.2843766702
2,0.5,0.3,1,7,9,5,0.2827763137
20,0.43855,0.31523,2.88,9.28,5.09,4.94,0.5969427111
2,0.5,0.7,1,5,7,5,0.3030024076
2,0.5,0.9,1,3,5,5,0.3153925955
21,0.5,0.375,3,2.8,5.5,7,0.4000085301
2,0.1,0.5,1,1,1,5,0.3429170292
2,0.1,0.1,1,5,3,5,0.3093189919
2,0.9,0.9,1,1,3,5,0.3017454611
2,0.3,0.9,1,7,9,5,0.3216387514
15,0.1,0.1,6,1,1,5,0.599486767
5,0.2,0.2,4,4,2,5,0.5180458591
2,0.7,0.1,1,3,3,5,0.267214034
2,0.9,0.3,1,5,7,5,0.2756296455
2,0.1,0.3,1,7,1,5,0.352394931
21,0.5,0.375,2,2.8,5.5,7,0.3168994397
2,0.5,0.7,1,1,1,5,0.3444585657
2,0.9,0.5,1,3,5,5,0.2820363692
2,0.7,0.5,1,9,1,5,0.3283418826
2,0.3,0.3,1,9,3,5,0.3120683233
21,2,2,0.2,1,0.6,1,0.5809342102
15,0.88561,0.90647,2.13,1.38,3.18,3,0.3004444781
2,0.5,0.3,1,3,9,5,0.2764948314
2,0.3,0.7,1,7,3,5,0.338862349
2,0.7,0.5,1,3,1,5,0.3245668589
2,0.1,0.3,1,7,9,5,0.3209205387
2,0.5,0.1,1,5,3,5,0.2752054456
2,0.5,0.1,1,1,3,5,0.2619341718
2,0.9,0.1,1,5,9,5,0.268826595
2,0.7,0.9,1,3,7,5,0.2968280453
2,0.1,0.3,1,5,7,5,0.3272498818
2,0.1,0.3,1,3,1,5,0.35267836
2,0.3,0.1,1,9,5,5,0.2813627745
2,0.1,0.3,1,3,1,5,0.3526251933
2,0.83359,0.56145,9.28,2.11,9.66,3.31,0.3243798815
2,0.9,0.5,1,9,7,5,0.2855314071
2,0.7,0.3,1,9,7,5,0.2818922221
2,0.7,0.1,1,9,9,5,0.2762471164
10,0.4,0.2,2,4,4,5,0.3763910999
2,0.3,0.7,1,3,9,5,0.3109074234
2,0.5,0.3,1,3,5,5,0.283101371
2,0.3,0.7,1,7,1,5,0.3535134279
10,0.75386,0.29399,2.26,2.15,2.19,3,0.1044652155
2,0.5,0.5,1,7,9,5,0.2903982181
2,0.7,0.3,1,3,7,5,0.2737778419
10,0.1,0.6,1,6,6,5,0.6019135047
15,0.71232,0.23014,4.35,3.19,2.11,4,0.0921416033
2,0.7,0.3,1,7,9,5,0.2784502068
15,0.55395,0.65495,5.81,3.32,1.48,6.42,0.6394765029
2,0.1,0.1,1,3,7,5,0.2895274726
5,0.4,0.2,4,2,2,5,0.3318058016
2,0.7,0.7,1,5,1,5,0.3391196475
2,0.5,0.9,1,3,9,5,0.3037829071
15,0.2,0.4,2,4,4,5,0.6472624059
10,0.6,0.1,1,6,1,5,0.2455910808
2,0.1,0.1,1,7,7,5,0.2940831319
2,0.7,0.1,1,1,3,5,0.2594952566
2,0.7,0.5,1,9,9,5,0.286004343
25,0.44842,0.11819,10.35,3.09,4.98,6.56,0.4224199008
2,0.1,0.9,1,1,5,5,0.3532727948
2,0.5,0.9,1,1,1,5,0.3484857112
25,0.51573,0.29016,4.26,2.62,3.16,3,0.02521434414
2,0.5,0.1,1,9,7,5,0.2765769717
10,0.6,0.1,6,1,6,5,0.06299270231
21,2,2,0.2,0.6,0.6,0.2,0.5647897861
2,0.1,0.5,1,1,9,5,0.3355753947
2,0.5,0.9,1,3,7,5,0.3086212579
2,0.5,0.3,1,7,3,5,0.2957583194
2,0.5,0.7,1,5,7,5,0.3012196268
2,0.5,0.5,1,5,9,5,0.2899567515
2,0.7,0.3,1,9,1,5,0.3131985588
5,0.1,0.6,6,6,6,5,0.5709262244
15,0.23783,0.6058,6.61,4.82,3.2,4.56,0.7259096935
2,0.1,0.5,1,7,3,5,0.353399612
2,0.9,0.5,1,7,1,5,0.3197663936
2,0.1,0.3,1,3,3,5,0.3448039678
20,0.85283,0.54571,1.51,2.12,4.37,1,0.3482724263
2,0.5,0.1,1,5,5,5,0.2717056169
2,0.9,0.5,1,9,5,5,0.2890693502
2,0.3,0.5,1,9,7,5,0.3078486931
2,0.9,0.7,1,7,3,5,0.3027214912
2,0.5,0.5,1,1,5,5,0.2905530598
21,0.1,1,1,1,10,1,0.5308839458
2,0.7,0.3,1,3,5,5,0.2772736477
2,0.9,0.7,1,3,7,5,0.2859747106
10,0.6,0.1,1,1,1,5,0.1062929353
2,0.7,0.9,1,7,5,5,0.3057578083
2,0.1,0.9,1,5,7,5,0.3533252561
2,0.7,0.3,1,7,9,5,0.2773354347
2,0.5,0.9,1,3,9,5,0.3024259354
10,0.15524,0.60438,7.08,6.68,9.44,3.51,0.8082167951
2,0.7,0.5,1,1,3,5,0.2909645142
2,0.9,0.7,1,9,3,5,0.3032722444
10,0.86194,0.7414,1.6,4.95,4.4,3,0.4834866182
2,0.9,0.3,1,1,7,5,0.262277521
2,0.7,0.9,1,3,1,5,0.3447021539
2,0.7,0.3,1,7,7,5,0.2810947723
2,0.9,0.7,1,7,5,5,0.2942652744
2,0.7,0.1,1,7,3,5,0.2760977861
2,0.7,0.9,1,1,7,5,0.2912051485
2,0.7,0.9,1,7,1,5,0.3454845474
2,0.36663,0.93742,3.51,4.56,2.47,4,0.3531118781
2,0.3,0.7,1,9,3,5,0.3390903329
2,0.9,0.5,1,7,5,5,0.2868430121
21,0.5,0.375,5,2.8,5.5,1,0.7810186276
2,0.5,0.5,1,1,3,5,0.3021713237
2,0.7,0.5,1,7,3,5,0.3013067995
2,0.5,0.7,1,1,5,5,0.3017746279
2,0.1,0.9,1,9,7,5,0.3534125873
2,0.9,0.3,1,1,5,5,0.2654696678
2,0.1,0.7,1,7,1,5,0.3247221163
2,0.9,0.9,1,1,7,5,0.2840613992
2,0.3,0.5,1,9,5,5,0.3157437099
15,0.2,0.4,2,4,2,5,0.6526144216
2,0.7,0.1,1,1,5,5,0.2553181568
2,0.3,0.1,1,5,7,5,0.275279186
2,0.5,0.1,1,9,1,5,0.2940405824
2,0.9,0.9,1,3,1,5,0.3365925533
2,0.3,0.9,1,3,3,5,0.3449115109
2,0.7,0.7,1,7,5,5,0.3013759368
2,0.3,0.7,1,3,9,5,0.3115112229
2,0.3,0.1,1,9,1,5,0.3067489019
20,0.69212,0.62815,3.89,4.9,3.41,4,0.7166133726
2,0.5,0.1,1,3,9,5,0.2657290155
2,0.1,0.3,1,1,7,5,0.3231075348
25,0.60962,0.65163,5.21,8.18,9.88,10.53,0.5750919548
2,0.3,0.1,1,1,7,5,0.2625667108
2,0.9,0.9,1,1,9,5,0.281981977
2,0.9,0.1,1,1,7,5,0.2529812584
2,0.3,0.7,1,9,5,5,0.3264946959
5,0.6,0.6,1,1,6,5,0.1979879474
2,0.5,0.9,1,5,9,5,0.3048113733
10,0.9566,0.61529,6.45,1.43,6.09,9.27,0.225986164
2,0.9,0.7,1,7,3,5,0.3033681766
2,0.3,0.7,1,5,1,5,0.3534495004
10,0.6,0.6,1,6,6,5,0.3451773271
15,0.2,0.4,4,2,2,5,0.6604313232
2,0.7,0.7,1,9,1,5,0.3394669969
5,0.6,0.6,6,6,6,5,0.49986322
2,0.9,0.5,1,5,3,5,0.2931782527
2,0.1,0.5,1,3,5,5,0.3490093281
2,0.7,0.7,1,1,5,5,0.2901649743
2,0.7,0.1,1,1,7,5,0.2551046837
2,0.7,0.5,1,3,5,5,0.2876555176
2,0.5975,0.44411,3.18,1.58,1.55,2,0.3268195549
2,0.5,0.1,1,5,9,5,0.2696095046
20,0.7076,0.24716,7.73,2.61,3.37,6.24,0.4464713549
5,0.4,0.4,2,4,4,5,0.4240291177
2,0.7,0.1,1,1,9,5,0.2542176106
2,0.7,0.1,1,7,5,5,0.2743515108
2,0.9,0.3,1,7,7,5,0.2784798602
2,0.5,0.1,1,7,5,5,0.2766280017
2,0.1,0.5,1,1,5,5,0.3474711829
2,0.9,0.5,1,1,5,5,0.2746070475
2,0.5,0.1,1,7,1,5,0.2936012131
2,0.3,0.5,1,1,5,5,0.3077679183
2,0.9,0.7,1,1,3,5,0.293842909
2,0.9,0.7,1,7,9,5,0.2860843004
2,0.3,0.1,1,9,1,5,0.3065458839
2,0.5,0.3,1,7,1,5,0.3230796386
2,0.7,0.1,1,3,9,5,0.263710615
2,0.1,0.1,1,3,3,5,0.3064754023
2,0.9,0.5,1,3,9,5,0.2748889538
2,0.1,0.3,1,3,3,5,0.344510362
20,0.75615,0.8679,2.21,1.35,3.71,2,0.04878935737
2,0.9,0.3,1,7,5,5,0.2804168088
2,0.117,0.3201,6.1,9.15,4.29,9.55,0.349539643
2,0.7,0.5,1,3,1,5,0.3254298482
10,0.1,0.1,1,6,1,5,0.6076009979
2,0.9,0.1,1,7,1,5,0.2823361889
20,0.62926,0.8373,7.06,4.11,9.79,3.06,0.7924676667
2,0.5,0.3,1,7,9,5,0.2824118515
2,0.1,0.1,1,3,9,5,0.286934894
2,0.9,0.5,1,3,7,5,0.2788675198
2,0.5,0.5,1,1,1,5,0.3340009304
2,0.1,0.3,1,5,9,5,0.3204053677
5,0.62601,0.17777,5.43,4.46,6.88,3.32,0.4204180752
5,0.4,0.4,4,4,4,5,0.4859575894
2,0.1,0.1,1,5,7,5,0.2928015978
10,0.12399,0.65251,4.95,4.83,8.9,9.52,0.6805403006
2,0.7,0.9,1,7,5,5,0.307513823
10,0.4,0.4,4,4,2,5,0.6528864497
2,0.9,0.5,1,3,3,5,0.2898962692
2,0.3,0.1,1,7,7,5,0.2789118117
2,0.7,0.7,1,9,9,5,0.291880456
2,0.7,0.3,1,9,1,5,0.3136562175
2,0.3,0.1,1,1,5,5,0.2665689927
10,0.38474,0.12944,10.39,6.08,8.98,1.31,0.763913908
10,0.2,0.4,4,2,2,5,0.695496542
2,0.5,0.3,1,9,9,5,0.2829718139
2,0.3,0.5,1,1,5,5,0.3082587841
2,0.9,0.7,1,9,1,5,0.3319284953
15,0.6,0.6,1,1,6,5,0.100901047
2,0.3,0.1,1,1,3,5,0.2714854536
15,0.74031,0.71077,2.06,2.98,1.92,2.97,0.641691489
2,0.5,0.7,1,1,9,5,0.2898693632
2,0.1,0.3,1,7,5,5,0.3350655193
2,0.5,0.5,1,3,9,5,0.2866059414
2,0.5,0.9,1,7,1,5,0.3519410338
2,0.7,0.1,1,7,9,5,0.2735943679
2,0.5,0.9,1,9,5,5,0.3183544161
2,0.9,0.1,1,1,3,5,0.2572280808
21,0.5,0.375,5,2.8,5.5,5,0.5279680869
2,0.1,0.3,1,1,7,5,0.3226000379
20,0.98338,0.64452,5.66,3.22,1.22,8.1,0.6521798399
2,0.1,0.5,1,7,9,5,0.3386013563
2,0.1,0.7,1,9,9,5,0.3469480831
2,0.7,0.1,1,5,1,5,0.2837947779
20,0.16122,0.73441,7.82,6.63,10.6,6.06,0.809936715
25,0.66374,0.21848,3.27,2.71,4.43,2,0.1378874031
2,0.3,0.5,1,3,9,5,0.3006651088
2,0.5,0.5,1,1,3,5,0.3025989043
2,0.1,0.9,1,9,3,5,0.3463694105
2,0.3,0.1,1,1,5,5,0.2645898069
21,0.5,0.375,1,2.8,5.5,10,0.2216371972
2,0.7,0.3,1,3,9,5,0.271132228
2,0.9,0.1,1,5,1,5,0.2798458272
2,0.1,0.5,1,7,5,5,0.3487246487
15,0.1,0.6,6,1,1,5,0.436689649
2,0.5,0.9,1,5,7,5,0.3107588307
2,0.9,0.1,1,3,5,5,0.2634651138
2,0.3,0.3,1,1,1,5,0.3343468496
2,0.9,0.1,1,7,7,5,0.2728429655
5,0.57763,0.31479,2.55,2.7,6.63,9.46,0.251216608
2,0.7,0.7,1,9,9,5,0.291412379
2,0.9,0.9,1,5,1,5,0.3371412786
2,0.5,0.7,1,5,5,5,0.3071210959
2,0.9,0.1,1,5,1,5,0.2790317318
2,0.9,0.1,1,3,5,5,0.2642327286
2,0.7,0.1,1,9,7,5,0.2763221865
2,0.7,0.7,1,3,5,5,0.2957152441
2,0.1,0.5,1,5,7,5,0.3422566365
2,0.9,0.7,1,1,5,5,0.2831032135
2,0.3,0.3,1,5,9,5,0.2894109244
2,0.9,0.3,1,5,9,5,0.2726259892
2,0.3,0.7,1,5,5,5,0.3265560918
2,0.9,0.3,1,1,1,5,0.2923904034
2,0.1,0.5,1,5,5,5,0.3484454376
2,0.5,0.5,1,1,1,5,0.3331589692
2,0.5,0.7,1,1,3,5,0.3149042241
5,0.29892,0.38262,9.16,5.87,7,5.61,0.5529206095
20,0.71049,0.26173,4.57,8.98,7.25,3.77,0.6412067384
2,0.9,0.1,1,9,1,5,0.2861985889
2,0.7,0.7,1,3,9,5,0.2876703741
5,0.73055,0.21198,3.16,3.02,2.15,4,0.2928755323
25,0.46286,0.23459,3.37,4.85,3.58,1,0.8612779918
2,0.9,0.1,1,3,7,5,0.2626775549
5,0.27112,0.82605,7.03,9.53,8.78,4.03,0.6043536108
2,0.7,0.9,1,3,9,5,0.2922723411
2,0.5,0.5,1,7,7,5,0.2937711921
2,0.5,0.5,1,5,9,5,0.2893521811
2,0.5,0.7,1,3,5,5,0.3051898581
25,0.4558,0.12028,2.2,3.24,5.94,2.48,0.2047789578
21,0.1,0.1,1,100,1,100,0.582390939
2,0.7,0.1,1,5,7,5,0.2705258994
2,0.3,0.5,1,9,7,5,0.307697379
20,0.21041,0.6577,9.15,8.87,10.53,3.86,0.9158381737
2,0.5,0.9,1,7,9,5,0.3059722408
5,0.6,0.6,6,6,6,5,0.5005328387
25,0.10634,0.73512,10.1,10.85,5.44,7.54,0.566819284
2,0.7,0.9,1,3,3,5,0.3166337103
2,0.1,0.1,1,3,5,5,0.2965183392
2,0.1,0.3,1,5,7,5,0.3263127528
2,0.5,0.9,1,7,1,5,0.3516816791
2,0.7,0.3,1,7,7,5,0.2797368987
2,0.1,0.3,1,5,1,5,0.3522924006
2,0.9,0.9,1,7,1,5,0.3390078606
2,0.5,0.3,1,5,3,5,0.2940996665
25,0.94487,0.83352,3.62,2.07,2.46,2,0.6803565415
2,0.3,0.5,1,1,7,5,0.2998687065
2,0.7,0.7,1,5,3,5,0.3088098834
2,0.1244,0.63768,4.53,2.94,5.99,8.33,0.352096882
2,0.3,0.5,1,9,3,5,0.32804256
25,0.50752,0.94607,1.48,1.12,2.49,4,0.1247762542
2,0.1,0.5,1,7,5,5,0.3486503224
10,0.2,0.2,2,4,4,5,0.4813277708
2,0.5,0.5,1,3,1,5,0.3364984688
2,0.7,0.1,1,3,3,5,0.2680551473
2,0.5,0.5,1,9,7,5,0.2950194253
2,0.3,0.9,1,5,3,5,0.3452229193
5,0.6,0.1,1,1,6,5,0.1074561358
2,0.1,0.7,1,3,1,5,0.3273787273
2,0.3,0.5,1,3,1,5,0.3500704033
5,0.77431,0.69308,4.68,4.1,5.46,8.42,0.4086917624
2,0.7,0.3,1,1,5,5,0.268782856
21,2,2,0.2,0.2,1,0.6,0.5589656882
15,0.2,0.4,4,4,4,5,0.7396431634
20,0.64152,0.99207,8.55,3.44,10.92,6.67,0.6459599305
2,0.1,0.3,1,1,3,5,0.344060836
2,0.5,0.3,1,1,7,5,0.2732190764
2,0.3,0.7,1,9,5,5,0.3262098027
2,0.7,0.7,1,5,9,5,0.2888106539
2,0.3,0.3,1,5,9,5,0.2899668854
2,0.1,0.3,1,7,7,5,0.3261456873
25,0.83726,0.51302,6.11,2.62,10.77,8.35,0.3134643709
2,0.5,0.3,1,1,9,5,0.2694402259
2,0.3,0.9,1,1,1,5,0.3530120052
2,0.5,0.7,1,7,9,5,0.2990730766
10,0.32376,0.72988,6.85,2.41,1.35,8.84,0.5388935422
2,0.5,0.1,1,9,5,5,0.2783555254
2,0.5,0.7,1,9,7,5,0.3026944779
2,0.1,0.9,1,3,3,5,0.3467961059
15,0.73831,0.6685,1.65,7.33,1.95,5.14,0.6626562393
21,2,6,0.2,1,0.2,0.6,0.4909327816
2,0.3,0.1,1,1,7,5,0.2627220385
2,0.1,0.7,1,1,7,5,0.3499299381
2,0.9,0.1,1,7,1,5,0.2841963642
2,0.7,0.5,1,9,7,5,0.2882730819
2,0.7,0.5,1,9,3,5,0.3007252667
2,0.3,0.1,1,5,3,5,0.2820755921
2,0.9,0.7,1,1,5,5,0.2844955255
2,0.86716,0.61642,3.06,2.4,1.51,3,0.3296952709
2,0.1,0.1,1,7,9,5,0.2915640918
15,0.4,0.4,2,4,2,5,0.6761204612
20,0.39201,0.36569,5.31,4.26,8.74,5.34,0.5992720136
2,0.1,0.3,1,9,1,5,0.3520106257
2,0.5,0.5,1,7,5,5,0.2992301156
25,0.19978,0.2901,4.64,1.44,2.94,4,0.5212229017
21,2,2,0.2,0.6,1,0.6,0.5607799905
15,0.6,0.1,6,1,1,5,0.05109333262
2,0.7,0.7,1,1,1,5,0.3327900139
15,0.50267,0.582,4.27,6.79,4.24,1.93,0.8114181908
2,0.7,0.9,1,3,3,5,0.3165543801
2,0.3,0.5,1,5,7,5,0.3075205078
2,0.7,0.7,1,3,9,5,0.2870635739
2,0.5,0.9,1,3,3,5,0.3271564895
15,0.4,0.4,4,4,2,5,0.710490904
2,0.7,0.7,1,5,1,5,0.3379386105
2,0.3,0.5,1,7,5,5,0.3149887888
10,0.39901,0.66826,3.41,3.71,5.97,3.72,0.6081485532
10,0.90502,0.81169,2.09,3.71,2.36,2.14,0.6318569478
2,0.1,0.7,1,9,1,5,0.3282862996
10,0.89237,0.80331,2.34,4.81,10.26,3.88,0.4517066531
2,0.9,0.1,1,3,7,5,0.262665503
10,0.2,0.2,2,4,2,5,0.596150415
2,0.7,0.9,1,3,5,5,0.3039858428
5,0.1,0.1,6,6,1,5,0.5346650049
2,0.3,0.1,1,7,1,5,0.3027636034
2,0.1,0.1,1,3,7,5,0.2900840689
15,0.6,0.6,6,1,6,5,0.3094771344
5,0.4,0.4,2,2,2,5,0.411854514
2,0.5,0.9,1,7,3,5,0.3296968846
2,0.1,0.1,1,5,9,5,0.2892722421
2,0.1,0.1,1,9,3,5,0.311192101
2,0.7,0.3,1,1,1,5,0.3005899262
2,0.7,0.5,1,3,7,5,0.2834518306
10,0.6,0.6,6,1,6,5,0.2657254325
2,0.3,0.9,1,1,3,5,0.3437735873
10,0.1,0.6,1,1,6,5,0.6263317976
5,0.97625,0.95562,1.42,1.07,1.4,2,0.393423548
2,0.9,0.9,1,9,7,5,0.2942440968
2,0.5,0.5,1,7,9,5,0.2908003719
2,0.9,0.3,1,9,1,5,0.3061871137
2,0.3,0.7,1,7,5,5,0.3257496741
2,0.3,0.7,1,9,1,5,0.3535424233
2,0.3,0.1,1,1,9,5,0.2623263053
2,0.3,0.3,1,7,3,5,0.310596883
2,0.5,0.1,1,7,7,5,0.2741619329
15,0.6,0.1,6,1,1,5,0.07361637181
2,0.9,0.9,1,1,5,5,0.2919499301
25,0.10957,0.87767,3.43,5.78,1.41,6.86,0.3915165496
5,0.27854,0.60762,9.7,6.54,7.35,10.68,0.5287646362
2,0.3,0.9,1,1,5,5,0.3310827129
21,0.5,0.375,2,2.8,5.5,4,0.4108510284
15,0.83597,0.9123,1.13,4.14,3.37,3,0.333690675
25,0.51396,0.66751,1.88,4.83,8.54,4.01,0.4769470142
2,0.3,0.7,1,3,7,5,0.3172544239
2,0.7,0.5,1,5,9,5,0.2832996208
2,0.9,0.9,1,3,9,5,0.2860253741
2,0.9,0.9,1,7,5,5,0.2991806786
2,0.3,0.9,1,3,5,5,0.334011599
2,0.1,0.1,1,7,1,5,0.3387068464
2,0.9,0.3,1,1,7,5,0.2611959296
2,0.1,0.3,1,5,9,5,0.321198095
2,0.5,0.5,1,9,5,5,0.3006147052
2,0.5,0.9,1,9,3,5,0.330873116
2,0.3,0.5,1,7,7,5,0.3081583536
2,0.7,0.7,1,5,9,5,0.2894575519
2,0.7,0.3,1,7,1,5,0.3120380148
2,0.9,0.9,1,3,9,5,0.2878582103
15,0.2,0.2,2,2,2,5,0.4804323814
2,0.5,0.7,1,5,3,5,0.3204233822
2,0.5,0.9,1,9,7,5,0.310526777
2,0.1,0.9,1,7,7,5,0.3533228275
2,0.5,0.9,1,1,9,5,0.2991251215
2,0.59275,0.29688,8.18,5.64,6.59,2.7,0.3375681628
2,0.7,0.5,1,5,1,5,0.3275850882
2,0.7,0.1,1,5,3,5,0.2733876876
2,0.5,0.5,1,5,3,5,0.3088211673
2,0.1,0.1,1,5,1,5,0.339044294
15,0.4,0.2,2,4,4,5,0.3261851119
2,0.3,0.7,1,5,3,5,0.3374233239
2,0.5,0.7,1,9,1,5,0.3479745221
2,0.3,0.9,1,3,1,5,0.3524683068
2,0.7,0.7,1,3,1,5,0.3360852175
2,0.3,0.1,1,5,7,5,0.2749426329
2,0.3,0.1,1,7,9,5,0.2755470908
15,0.6,0.1,6,1,1,5,0.1146413307
2,0.5,0.7,1,3,9,5,0.296959197
2,0.5,0.3,1,1,7,5,0.2722603513
2,0.5,0.9,1,9,3,5,0.331341088
2,0.16988,0.58806,9.3,9.26,10.08,7.35,0.3514097667
2,0.67672,0.83417,5.76,5.41,1.66,9.6,0.3451763812
2,0.9,0.7,1,9,3,5,0.3041407536
2,0.1,0.7,1,7,9,5,0.3470290417
2,0.1,0.7,1,1,3,5,0.3519292833
15,0.6,0.6,6,1,1,5,0.6127830017
2,0.7,0.9,1,1,3,5,0.3117260843
2,0.3,0.5,1,3,9,5,0.3005174598
2,0.3,0.9,1,3,1,5,0.3528362993
2,0.7,0.9,1,1,7,5,0.2928459144
2,0.5,0.5,1,5,7,5,0.2928623628
2,0.5,0.3,1,3,7,5,0.2806666868
10,0.16844,0.28025,4.64,5.32,7.36,6.47,0.5665420171
2,0.5,0.3,1,7,3,5,0.2971174124
2,0.3,0.7,1,5,1,5,0.3535512711
2,0.5,0.5,1,9,5,5,0.300076876
2,0.9,0.9,1,5,3,5,0.3109900937
25,0.45482,0.59074,7.27,10.21,3.11,6.45,0.8629621178
2,0.5,0.3,1,9,3,5,0.2977013445
5,0.37516,0.39037,1.09,3.27,2.56,3,0.4041016102
2,0.9,0.5,1,3,7,5,0.2785312343
2,0.1,0.9,1,1,9,5,0.3510740565
2,0.5,0.7,1,7,1,5,0.3473953311
15,0.2,0.2,4,4,2,5,0.6622763011
2,0.1,0.3,1,1,3,5,0.3433901875
2,0.5,0.3,1,5,5,5,0.2870867969
2,0.1,0.7,1,3,9,5,0.346609499
2,0.7,0.3,1,9,9,5,0.2798146775
2,0.9,0.7,1,5,3,5,0.3011400807
2,0.5,0.3,1,9,3,5,0.2969689574
2,0.3,0.7,1,1,7,5,0.3133768589
2,0.5,0.9,1,3,3,5,0.3282158497
5,0.1,0.1,6,6,1,5,0.5439159887
2,0.7,0.3,1,9,9,5,0.2797897407
2,0.1,0.1,1,5,3,5,0.3092968999
5,0.1,0.6,6,1,1,5,0.4299073613
25,0.69962,0.51247,3.92,5.15,8.09,4.25,0.5154075626
2,0.7,0.5,1,5,7,5,0.2864635885
2,0.5,0.1,1,9,3,5,0.2818810387
2,0.9,0.7,1,5,7,5,0.2871907271
2,0.9,0.1,1,5,9,5,0.2683131592
2,0.5,0.3,1,1,1,5,0.3148723761
2,0.9,0.7,1,3,7,5,0.2844519798
2,0.3,0.9,1,7,7,5,0.3269242132
2,0.1,0.9,1,5,3,5,0.3467577481
5,0.6,0.1,6,1,6,5,0.1335680011
2,0.7,0.3,1,1,5,5,0.2685863087
2,0.3,0.5,1,9,3,5,0.3279370594
2,0.5,0.9,1,5,1,5,0.351662846
10,0.2,0.2,4,2,4,5,0.4791682783
2,0.9,0.9,1,9,3,5,0.311516994
2,0.1,0.5,1,7,7,5,0.3430207401
15,0.77622,0.21759,9.18,3.36,2.12,3.71,0.5620395194
2,0.9,0.5,1,9,5,5,0.2896146658
10,0.4,0.4,4,2,2,5,0.5822398675
5,0.2,0.4,2,2,4,5,0.4639767067
2,0.3,0.5,1,5,1,5,0.3502182036
2,0.1,0.3,1,9,1,5,0.3519730177
2,0.3,0.1,1,5,7,5,0.2755878362
2,0.9,0.7,1,1,5,5,0.2837658717
2,0.7,0.3,1,9,9,5,0.2798592466
2,0.9,0.7,1,1,9,5,0.2749745771
2,0.5,0.9,1,7,9,5,0.3048262306
2,0.5,0.7,1,3,9,5,0.2955762879
2,0.5,0.3,1,7,5,5,0.2889654756
2,0.7,0.9,1,9,9,5,0.2971219024
2,0.9,0.5,1,1,5,5,0.2735353206
2,0.5,0.5,1,5,7,5,0.2927039152
2,0.7,0.7,1,7,5,5,0.3016589855
2,0.1,0.7,1,3,1,5,0.3297274136
15,0.1,0.6,1,6,1,5,0.4248492885
2,0.3,0.5,1,3,7,5,0.304843897
2,0.5,0.3,1,9,3,5,0.2963996503
21,0.5,0.375,10,2.8,5.5,1,0.8201645535
2,0.7,0.5,1,9,5,5,0.2927697327
2,0.1,0.9,1,9,1,5,0.3158696461
2,0.5,0.7,1,7,9,5,0.2995315682
2,0.5,0.1,1,9,5,5,0.2779247509
2,0.9,0.5,1,1,9,5,0.2683647761
2,0.3,0.5,1,5,5,5,0.313301982
25,0.23677,0.59849,8.33,1.27,9.23,6.52,0.5827200937
15,0.1,0.6,1,6,1,5,0.4231317723
2,0.3,0.3,1,7,1,5,0.3382533762
15,0.54291,0.17065,7.57,8.47,9.17,8.17,0.5792421276
21,0.1,1,1,10,1,100,0.3456358294
2,0.9,0.9,1,7,9,5,0.2915289118
15,0.66539,0.46952,1.83,2.91,5.9,8.34,0.2008911013
2,0.9,0.9,1,7,9,5,0.2910249763
2,0.3,0.9,1,9,1,5,0.3520401662
2,0.9,0.3,1,3,9,5,0.2703999191
20,0.67506,0.42692,7.46,8.78,3.7,2.55,0.9137069439
15,0.2,0.2,4,4,2,5,0.6702331314
2,0.25844,0.84099,2.86,7.79,8.7,10.5,0.3321878743
2,0.3,0.1,1,5,5,5,0.2772542005
21,2,10,0.2,0.6,0.6,1,0.4470273136
10,0.4,0.4,2,2,4,5,0.2983817504
10,0.6,0.6,1,1,6,5,0.1052593064
2,0.1,0.7,1,9,5,5,0.3532806468
2,0.1,0.1,1,5,1,5,0.3376289331
10,0.6,0.6,1,1,6,5,0.1334337285
2,0.3,0.3,1,9,5,5,0.3007221588
2,0.9,0.1,1,7,5,5,0.2732346797
2,0.5,0.3,1,5,5,5,0.2877494045
2,0.90807,0.35205,7.68,2.2,5.87,9.22,0.297237809
2,0.9,0.3,1,5,3,5,0.2831599621
2,0.9,0.9,1,3,5,5,0.2967725685
2,0.7,0.7,1,5,9,5,0.2900361267
2,0.1,0.1,1,7,5,5,0.2999222082
2,0.5,0.7,1,3,9,5,0.2950058499
2,0.5,0.3,1,7,9,5,0.2828490011
2,0.3,0.3,1,5,1,5,0.338017792
15,0.1,0.1,6,6,6,5,0.6601754927
2,0.1,0.7,1,3,1,5,0.3268835136
2,0.5,0.7,1,7,5,5,0.3097509488
2,0.1,0.5,1,9,1,5,0.3403033456
2,0.7,0.5,1,1,3,5,0.28949788
2,0.7,0.7,1,7,5,5,0.2996375202
2,0.1,0.3,1,1,3,5,0.3427078469
2,0.9,0.7,1,7,1,5,0.3314746041
2,0.5,0.9,1,7,3,5,0.3301181261
10,0.6,0.1,1,6,6,5,0.268386081
5,0.4,0.2,4,2,4,5,0.3203146327
5,0.4,0.2,2,4,4,5,0.3558715064
25,0.69311,0.99395,3.59,2.69,4.47,1,0.9485645074
15,0.15247,0.58567,9.4,10.44,5.42,5.04,0.7225681821
2,0.1,0.5,1,9,7,5,0.3430585675
5,0.76759,0.59331,4.86,4.58,3.46,4,0.5017675415
2,0.7,0.1,1,1,1,5,0.2716426389
21,0.5,0.375,4,2.8,5.5,1,0.7646744976
2,0.9,0.9,1,9,3,5,0.3112291913
2,0.3,0.5,1,1,5,5,0.308169345
2,0.3,0.7,1,9,5,5,0.3266367608
21,2,6,0.2,1,0.2,1,0.4897727041
2,0.5,0.1,1,3,7,5,0.2675050259
10,0.4,0.2,2,4,4,5,0.4033715592
21,2,6,0.2,1,1,0.2,0.4831003908
2,0.5,0.1,1,3,5,5,0.2674264887
20,0.24158,0.84109,3.95,3.48,3.84,1,0.6167951062
2,0.1,0.7,1,5,5,5,0.3531763699
2,0.1,0.7,1,5,5,5,0.3531632125
2,0.5,0.1,1,7,7,5,0.2753029696
20,0.82623,0.9044,10.74,10.13,4.37,8.5,0.7968653669
5,0.6,0.1,1,6,1,5,0.266954726
2,0.5,0.7,1,5,7,5,0.3019810916
2,0.7,0.9,1,3,5,5,0.3047436366
2,0.3,0.3,1,7,3,5,0.3100381742
15,0.4,0.4,4,4,4,5,0.6193470583
2,0.9,0.3,1,3,1,5,0.2992412879
15,0.1,0.6,6,1,1,5,0.4290887979
2,0.3,0.3,1,1,3,5,0.3023122064
2,0.5,0.1,1,7,9,5,0.2744288496
15,0.4,0.4,2,4,2,5,0.6288885802
2,0.1,0.1,1,1,3,5,0.3021250822
2,0.5,0.3,1,1,1,5,0.3140253208
2,0.7,0.5,1,5,1,5,0.3274476486
21,0.5,0.375,8,2.8,5.5,8,0.511321874
2,0.5,0.3,1,1,5,5,0.2763407294
2,0.7,0.1,1,7,7,5,0.2736790181
15,0.4,0.2,2,4,2,5,0.4079434613
2,0.7,0.9,1,3,7,5,0.2976267675
2,0.9,0.7,1,1,1,5,0.3247426354
10,0.2,0.2,4,2,2,5,0.582510219
2,0.3,0.9,1,9,5,5,0.3352865066
2,0.5,0.5,1,7,1,5,0.3387300408
25,0.99407,0.3845,3.38,2.25,2.95,3,0.1742887841
15,0.37743,0.62341,4.29,4.13,1.93,3,0.7013376371
5,0.6,0.6,6,1,6,5,0.2808633244
15,0.62835,0.15237,2.48,4.3,1.06,2,0.1000994081
2,0.7,0.7,1,7,9,5,0.2902989903
2,0.9,0.3,1,7,7,5,0.2773307053
15,0.83614,0.25391,2.42,3.78,2.93,4,0.09438525264
2,0.5,0.3,1,1,5,5,0.276781482
2,0.1,0.7,1,7,1,5,0.3278298145
2,0.1,0.1,1,3,9,5,0.2873598899
2,0.1,0.3,1,1,5,5,0.3313988346
2,0.1,0.5,1,1,5,5,0.3473363704
2,0.1,0.7,1,9,7,5,0.3511782638
2,0.7,0.7,1,3,7,5,0.2904927492
15,0.96367,0.65075,2.85,1.19,2.81,4,0.1441430658
5,0.6,0.6,1,1,1,5,0.4562055329
2,0.3,0.1,1,5,3,5,0.2826748804
25,0.14289,0.79921,8.79,10.02,3.45,1.37,0.4120121825
2,0.3,0.7,1,7,1,5,0.3535531924
2,0.3,0.7,1,3,3,5,0.3373794339
2,0.7,0.5,1,1,3,5,0.2906791744
2,0.9,0.3,1,1,3,5,0.2707786587
2,0.5,0.3,1,1,5,5,0.27689537
20,0.76387,0.59828,1.91,3.69,4.78,9.79,0.2981598859
2,0.1,0.5,1,1,1,5,0.3419988521
2,0.1,0.7,1,3,5,5,0.3531688594
2,0.7,0.7,1,5,5,5,0.2984615964
2,0.3,0.3,1,5,9,5,0.2910340099
2,0.3,0.7,1,1,1,5,0.3530903158
2,0.3,0.9,1,7,1,5,0.3520758444
2,0.7,0.1,1,7,1,5,0.2876048084
10,0.2,0.2,4,2,2,5,0.5493769593
2,0.9,0.3,1,1,1,5,0.2931704789
15,0.1,0.1,6,1,1,5,0.5970165304
2,0.5,0.1,1,5,1,5,0.290490875
2,0.9,0.1,1,5,1,5,0.2799703921
2,0.1,0.9,1,9,5,5,0.3530482505
2,0.5,0.3,1,5,9,5,0.2798971091
10,0.4,0.2,4,4,2,5,0.515238038
2,0.9,0.1,1,5,3,5,0.2718435574
2,0.5,0.9,1,5,5,5,0.317626458
2,0.7,0.1,1,3,1,5,0.2778498621
2,0.1,0.7,1,9,1,5,0.3260731872
2,0.7,0.5,1,3,7,5,0.2821954745
2,0.5,0.7,1,7,1,5,0.3476298477
2,0.1,0.1,1,1,1,5,0.3325471417
2,0.9,0.3,1,7,3,5,0.2852520635
10,0.29955,0.85815,2.39,4.21,3.9,4,0.7467450427
2,0.9,0.5,1,1,3,5,0.2825192699
2,0.16487,0.18371,4.34,3.34,2.95,3.03,0.3410848026
5,0.1,0.6,6,1,1,5,0.4306837383
5,0.4,0.4,4,4,2,5,0.5224884279
2,0.7,0.9,1,7,3,5,0.318646071
5,0.2411,0.21769,5.02,3.82,1.12,6.41,0.525082673
2,0.5,0.9,1,5,7,5,0.3101038826
2,0.1,0.3,1,7,1,5,0.3521448707
2,0.3,0.3,1,7,9,5,0.2913239865
2,0.9,0.1,1,1,3,5,0.2554127594
2,0.5,0.5,1,5,9,5,0.2900751662
2,0.9,0.9,1,1,3,5,0.3029215004
10,0.89706,0.8764,2.54,3.39,1.26,8.69,0.6182979415
2,0.3,0.7,1,9,9,5,0.3139213139
2,0.7,0.7,1,3,3,5,0.3079559291
2,0.1,0.5,1,5,7,5,0.3429547492
15,0.23077,0.6487,2.56,6.38,1.73,8.71,0.5562436813
2,0.9,0.1,1,1,3,5,0.2551181741
15,0.4,0.4,2,2,2,5,0.5649342252
2,0.5,0.5,1,7,9,5,0.2912410561
2,0.5,0.1,1,5,9,5,0.2689611903
2,0.3,0.7,1,3,7,5,0.3160372995
10,0.2,0.4,4,2,2,5,0.6406087047
15,0.6,0.6,6,6,1,5,0.5870543219
2,0.3,0.9,1,5,5,5,0.3341508725
5,0.2,0.2,4,4,4,5,0.4780638651
2,0.90352,0.35673,1.22,3.81,4.68,2,0.3060279645
2,0.7,0.1,1,1,5,5,0.2560467164
2,0.1,0.7,1,7,1,5,0.3266058359
2,0.9,0.5,1,1,3,5,0.2830606842
2,0.3,0.5,1,3,1,5,0.3504103283
2,0.7,0.1,1,7,3,5,0.2765145185
2,0.9,0.7,1,7,3,5,0.303441905
5,0.1,0.1,6,1,6,5,0.2968020027
2,0.5,0.7,1,3,1,5,0.3464303213
2,0.7,0.1,1,7,3,5,0.2760854611
2,0.5,0.5,1,3,9,5,0.2870322173
2,0.9,0.3,1,9,5,5,0.281754068
2,0.1,0.5,1,7,7,5,0.3430115093
2,0.7,0.7,1,5,9,5,0.2887813081
2,0.5,0.5,1,1,1,5,0.3330764707
15,0.4,0.4,4,4,4,5,0.6700989556
2,0.1,0.3,1,7,7,5,0.3267255539
2,0.5,0.3,1,5,5,5,0.287102371
2,0.1,0.9,1,3,5,5,0.3529491992
2,0.3,0.7,1,1,1,5,0.353013795
2,0.7,0.3,1,5,3,5,0.2865731189
2,0.5,0.7,1,1,1,5,0.3445435778
2,0.1,0.7,1,7,9,5,0.3466752223
10,0.1,0.6,1,1,6,5,0.6691662573
2,0.5,0.3,1,1,1,5,0.3126818525
2,0.5,0.1,1,5,5,5,0.2734892896
2,0.1,0.5,1,9,9,5,0.3382699562
2,0.1,0.7,1,7,5,5,0.3532788615
15,0.6,0.1,1,1,1,5,0.06752049637
2,0.1,0.3,1,7,1,5,0.3522539032
15,0.2,0.4,2,2,4,5,0.6046852749
15,0.19468,0.85196,4.57,1.21,1.44,4.95,0.4855740014
2,0.5,0.5,1,5,3,5,0.3088918902
25,0.93026,0.67604,6.77,1.21,6.22,5.8,0.2159952112
2,0.7,0.5,1,9,5,5,0.2929398998
2,0.5,0.1,1,1,3,5,0.2619843322
5,0.2,0.4,2,4,4,5,0.5067614594
2,0.7,0.1,1,3,1,5,0.2770498615
2,0.5,0.9,1,3,9,5,0.3032918381
2,0.3,0.7,1,5,1,5,0.3535205522
10,0.2,0.2,2,4,4,5,0.4583852243
2,0.9,0.7,1,3,7,5,0.2847151873
2,0.1,0.9,1,7,3,5,0.3459852518
2,0.5,0.3,1,7,3,5,0.2965029427
2,0.7,0.9,1,3,9,5,0.2932685689
2,0.3,0.9,1,3,7,5,0.3256318032
10,0.4,0.4,2,4,4,5,0.5169267182
2,0.1,0.5,1,9,7,5,0.3432647225
15,0.2899,0.83404,4.54,2.81,3.07,2,0.6272659674
2,0.5,0.7,1,5,7,5,0.3011374005
2,0.3,0.3,1,3,1,5,0.336515223
2,0.1,0.3,1,3,7,5,0.325492394
10,0.1,0.1,6,6,1,5,0.6470631543
2,0.7,0.3,1,3,9,5,0.2726382692
2,0.9,0.7,1,9,1,5,0.3310765003
15,0.2,0.4,2,4,2,5,0.6404715044
5,0.38554,0.33798,6,7.36,5.86,10.07,0.4557526398
2,0.1,0.1,1,1,9,5,0.2812554995
2,0.5,0.7,1,1,3,5,0.3140024004
10,0.4,0.2,4,2,4,5,0.282616091
2,0.1,0.9,1,1,5,5,0.3533208041
2,0.5,0.7,1,5,1,5,0.3469246345
15,0.4,0.2,4,4,2,5,0.6153940025
15,0.20042,0.79485,2.27,3.27,10.03,3.09,0.7286452719
10,0.6,0.1,6,1,1,5,0.1088252623
2,0.9,0.1,1,7,9,5,0.2722944019
10,0.24704,0.42987,4.64,3.4,2.05,1,0.6188726523
10,0.1,0.6,6,1,1,5,0.4228481007
5,0.89591,0.49597,2.29,2.65,6.61,8.25,0.2622759511
10,0.2,0.2,2,2,4,5,0.3406597852
2,0.1,0.5,1,3,7,5,0.3428527963
2,0.5,0.9,1,5,9,5,0.3036959942
21,0.1,0.1,1,1,100,10,0.04291706327
2,0.7,0.5,1,3,9,5,0.2808785821
2,0.9,0.5,1,1,7,5,0.2727104773
5,0.32086,0.69463,10.03,1.64,4.14,10.1,0.5028078304
10,0.89457,0.48527,7.45,10.97,4.86,7.04,0.6504815983
2,0.1,0.3,1,5,3,5,0.3451695937
2,0.7,0.1,1,9,3,5,0.2789494716
2,0.3,0.7,1,9,3,5,0.3397863962
2,0.3,0.1,1,3,7,5,0.2719290025
2,0.3,0.5,1,7,9,5,0.3015684377
15,0.1,0.6,1,6,6,5,0.6255424783
10,0.1,0.6,1,1,1,5,0.4230383116
25,0.58645,0.49667,10.66,6.69,7.95,10.4,0.6848003521
2,0.9,0.5,1,9,1,5,0.3217512295
2,0.7,0.9,1,9,5,5,0.3067324939
2,0.9,0.5,1,3,3,5,0.2901462639
2,0.5,0.5,1,9,7,5,0.2943028283
10,0.1,0.6,1,1,1,5,0.4421618968
2,0.1,0.7,1,7,9,5,0.3476981356
2,0.5,0.3,1,3,9,5,0.2766925512
15,0.64178,0.83548,3.66,3.12,4.23,7.27,0.5645396564
10,0.6,0.1,6,1,6,5,0.0632533782
2,0.5,0.3,1,1,1,5,0.3138021836
2,0.5,0.3,1,3,1,5,0.3201866305
2,0.5,0.1,1,3,7,5,0.2661987217
2,0.7,0.1,1,9,5,5,0.2775576382
2,0.9,0.3,1,7,5,5,0.2795525386
2,0.1,0.3,1,1,5,5,0.3324623365
2,0.1,0.5,1,9,3,5,0.3534993111
2,0.7,0.1,1,3,9,5,0.2633032286
10,0.2,0.4,4,4,2,5,0.5981189475
2,0.9,0.3,1,1,5,5,0.2652506132
2,0.3,0.5,1,5,7,5,0.3073989729
2,0.7,0.9,1,9,9,5,0.2962841241
2,0.5,0.5,1,9,7,5,0.2943605564
2,0.9,0.3,1,1,1,5,0.2914373046
15,0.1,0.1,1,6,1,5,0.7084259327
10,0.4,0.2,2,2,2,5,0.3225559248
2,0.5,0.7,1,5,3,5,0.3207513149
2,0.1,0.9,1,3,5,5,0.3531343252
2,0.9,0.9,1,7,7,5,0.2953866371
15,0.39346,0.10275,4.87,10.31,5.06,7.75,0.5933698625
2,0.9,0.9,1,1,7,5,0.285564592
2,0.7,0.9,1,5,3,5,0.3173764792
15,0.85715,0.48881,3.29,2.7,4.11,2,0.3076800243
2,0.9,0.7,1,7,5,5,0.293240695
2,0.7,0.7,1,9,3,5,0.3122773176
2,0.9,0.7,1,7,7,5,0.2875041927
2,0.3,0.5,1,7,3,5,0.3267755781
2,0.7,0.7,1,5,3,5,0.3092629139
2,0.5,0.1,1,1,7,5,0.2564040597
21,2,6,0.2,0.2,0.6,0.6,0.5007220622
2,0.3,0.7,1,5,1,5,0.3534576618
2,0.1,0.7,1,7,3,5,0.3516670485
2,0.9,0.9,1,7,9,5,0.2906570193
2,0.5,0.5,1,3,3,5,0.3073150469
2,0.3,0.5,1,3,1,5,0.3503358762
2,0.3,0.7,1,3,1,5,0.3534335288
2,0.1,0.5,1,7,3,5,0.3533828202
25,0.55855,0.17534,3.59,2.62,1.96,3,0.06402457071
2,0.3,0.7,1,5,7,5,0.3175125339
15,0.2,0.4,2,4,4,5,0.7180753357
2,0.3,0.3,1,3,7,5,0.2900711791
2,0.1,0.9,1,7,1,5,0.3138401674
2,0.7,0.3,1,3,7,5,0.274347621
2,0.5,0.9,1,9,5,5,0.3177537222
2,0.7,0.1,1,3,3,5,0.2674622712
2,0.3,0.7,1,9,1,5,0.3535409321
2,0.1,0.5,1,1,9,5,0.3356430847
2,0.7,0.3,1,7,3,5,0.2895188416
2,0.9,0.9,1,5,3,5,0.3097363152
2,0.1,0.3,1,9,5,5,0.3339313229
2,0.7,0.3,1,7,1,5,0.3112649589
2,0.5,0.9,1,1,7,5,0.3039017786
2,0.7,0.7,1,5,1,5,0.3384373119
2,0.1,0.7,1,7,5,5,0.3531455071
2,0.1,0.3,1,1,1,5,0.353210534
5,0.2,0.4,4,4,2,5,0.5455821131
2,0.1,0.5,1,9,3,5,0.3535019761
5,0.2,0.4,2,2,2,5,0.528112374
10,0.49771,0.1461,1.78,9.83,6.65,4.91,0.4600988212
2,0.3,0.3,1,1,5,5,0.2901289087
2,0.1,0.3,1,7,5,5,0.334322372
10,0.1,0.1,6,1,1,5,0.5786510578
2,0.1,0.7,1,9,5,5,0.3531357306
2,0.3,0.3,1,5,7,5,0.2934070514
21,2,6,0.2,0.6,0.2,0.6,0.4937780187
10,0.4,0.2,2,4,2,5,0.45094631
25,0.15327,0.49346,4.96,4.9,3.32,1,0.5435722198
2,0.3,0.3,1,1,5,5,0.2905338263
2,0.7,0.5,1,9,3,5,0.3013390416
2,0.1,0.1,1,1,7,5,0.2853168786
2,0.3,0.9,1,3,3,5,0.3454752822
2,0.9,0.1,1,1,1,5,0.2655165329
2,0.3,0.1,1,5,5,5,0.2778293095
2,0.1,0.9,1,1,5,5,0.3532076351
2,0.3,0.3,1,7,3,5,0.3106516861
2,0.9,0.1,1,5,1,5,0.2812945414
2,0.9,0.7,1,1,5,5,0.2839187691
2,0.7,0.5,1,5,7,5,0.2860215259
2,0.3,0.1,1,5,1,5,0.3024681042
2,0.1,0.7,1,5,9,5,0.3473749792
2,0.7,0.7,1,7,9,5,0.2911405937
15,0.1,0.1,6,6,1,5,0.5781976698
15,0.4,0.2,2,2,2,5,0.3770553699
5,0.6,0.1,1,6,6,5,0.2588625877
2,0.9,0.9,1,7,5,5,0.2991636028
2,0.9,0.3,1,9,3,5,0.2855863585
2,0.1,0.3,1,1,9,5,0.3170282063
2,0.3,0.7,1,7,9,5,0.3139838668
2,0.3,0.5,1,5,7,5,0.3081457588
2,0.7,0.7,1,9,3,5,0.3107540144
2,0.5,0.1,1,3,1,5,0.285320247
2,0.3,0.7,1,1,7,5,0.3140870621
2,0.3,0.1,1,3,1,5,0.2987934352
2,0.3,0.9,1,9,1,5,0.3521788032
2,0.7,0.7,1,3,5,5,0.2953846304
5,0.13206,0.3231,7.45,1.86,4.13,1.03,0.5617049681
2,0.5,0.5,1,1,1,5,0.3325449097
2,0.7,0.3,1,5,5,5,0.282041133
2,0.5,0.7,1,1,9,5,0.2902826791
2,0.9,0.9,1,3,5,5,0.2954292017
2,0.1,0.1,1,7,9,5,0.2911786483
2,0.9,0.1,1,5,3,5,0.2720224449
2,0.5,0.9,1,3,7,5,0.3084381312
2,0.1,0.7,1,1,5,5,0.3530334105
15,0.4,0.4,2,2,2,5,0.4483098466
2,0.7,0.9,1,3,1,5,0.3440561123
2,0.1,0.5,1,9,3,5,0.3534061608
2,0.3,0.5,1,7,3,5,0.3265700613
2,0.9,0.9,1,7,7,5,0.2936370912
21,2,2,0.2,0.6,0.2,1,0.6033342851
2,0.5,0.9,1,1,3,5,0.3253899355
2,0.1,0.5,1,7,3,5,0.3534543307
5,0.88026,0.57164,1.27,4.61,4.56,4,0.3485933611
2,0.3,0.5,1,7,7,5,0.3076421292
2,0.3,0.7,1,5,3,5,0.337715685
21,0.5,0.375,3,2.8,5.5,5,0.4237110487
2,0.9,0.7,1,3,7,5,0.2837546389
2,0.9,0.3,1,9,1,5,0.3059511037
2,0.7,0.7,1,1,1,5,0.3323593056
2,0.5,0.9,1,1,1,5,0.3491548786
15,0.4,0.2,2,2,4,5,0.1347702766
2,0.9,0.5,1,7,9,5,0.2812824603
25,0.60964,0.13534,3.63,9.05,8.92,5.16,0.4950709617
15,0.2,0.2,2,4,4,5,0.5723474611
2,0.7,0.5,1,9,3,5,0.3004353888
2,0.7,0.9,1,1,1,5,0.3416341676
2,0.1,0.3,1,3,5,5,0.3330545654
2,0.9,0.3,1,5,3,5,0.2833083665
2,0.1,0.1,1,1,1,5,0.332467981
2,0.1,0.7,1,1,9,5,0.3459384309
2,0.7,0.5,1,5,3,5,0.298681951
2,0.5,0.3,1,3,9,5,0.2772244189
2,0.3,0.1,1,9,7,5,0.2797654363
5,0.1,0.1,1,1,1,5,0.4495768556
5,0.6,0.1,6,1,6,5,0.1320914306
25,0.31962,0.34979,5.57,4.04,1.61,1.8,0.5915510652
2,0.3,0.3,1,9,9,5,0.2904137146
2,0.3,0.5,1,5,5,5,0.3142716423
2,0.1,0.1,1,9,3,5,0.3115837733
2,0.5,0.5,1,7,5,5,0.2992989699
2,0.9,0.7,1,9,7,5,0.2900257415
2,0.5,0.5,1,7,5,5,0.3005900474
15,0.4,0.2,2,2,4,5,0.1546283087
2,0.5,0.7,1,1,3,5,0.315816636
15,0.82086,0.11137,8.58,4.91,2.37,5,0.4370267593
2,0.9,0.3,1,3,3,5,0.2803087684
2,0.3,0.3,1,7,9,5,0.2897238065
2,0.5,0.5,1,5,5,5,0.2975765011
2,0.5,0.1,1,1,3,5,0.2622739029
2,0.5,0.5,1,5,5,5,0.2975768382
15,0.1,0.6,6,6,1,5,0.3926251831
2,0.9,0.1,1,1,5,5,0.2539674964
2,0.1,0.5,1,3,5,5,0.3488874664
2,0.7,0.1,1,5,5,5,0.2714105189
2,0.9,0.1,1,3,7,5,0.2620382902
2,0.3,0.1,1,5,1,5,0.3022355615
10,0.76298,0.33197,2.78,1.09,1.53,4,0.150257084
2,0.7,0.5,1,5,1,5,0.3274780895
15,0.6,0.6,6,1,6,5,0.2105148801
2,0.5,0.7,1,3,9,5,0.2964443787
2,0.3,0.3,1,9,7,5,0.2950076444
2,0.5,0.5,1,3,5,5,0.2968301361
5,0.89513,0.36993,1.6,6.8,3.65,10.25,0.304313673
2,0.1,0.5,1,7,7,5,0.3429135622
10,0.6,0.1,1,1,6,5,0.05633627007
2,0.7,0.1,1,3,9,5,0.2641078975
2,0.7,0.3,1,9,9,5,0.2811262247
2,0.7,0.5,1,1,9,5,0.2731989567
2,0.1,0.5,1,1,5,5,0.3475550675
2,0.9,0.3,1,1,5,5,0.2640950987
5,0.6,0.1,1,1,6,5,0.1118643618
2,0.1,0.5,1,7,5,5,0.34902737
2,0.7,0.5,1,1,7,5,0.2758324274
2,0.3,0.3,1,9,3,5,0.3102500696
2,0.1,0.5,1,1,1,5,0.3425644285
10,0.98258,0.44694,8.75,9.54,3.65,6.8,0.6807098962
5,0.10675,0.24217,6.45,5.37,7.26,6.9,0.5292593357
2,0.7,0.5,1,9,9,5,0.2873501462
2,0.3,0.3,1,9,3,5,0.3118444318
2,0.9,0.7,1,1,7,5,0.2799327935
2,0.3,0.5,1,1,5,5,0.3085627725
2,0.5,0.5,1,7,7,5,0.2942412097
2,0.9,0.9,1,5,5,5,0.2989125624
2,0.1,0.3,1,3,7,5,0.3258069552
20,0.83044,0.81564,4.38,5,4.69,2,0.8178911349
2,0.3,0.7,1,1,5,5,0.3224741112
2,0.9,0.1,1,3,3,5,0.265757562
2,0.1,0.3,1,7,5,5,0.3350939523
2,0.9,0.5,1,7,9,5,0.2803168258
15,0.1,0.1,1,6,6,5,0.3910686616
2,0.9,0.3,1,1,3,5,0.2710296758
20,0.66675,0.73013,8.94,9.48,4.35,2.01,0.8514014435
2,0.3,0.9,1,3,3,5,0.3450367747
2,0.1,0.5,1,3,1,5,0.3409891885
15,0.1,0.6,1,1,6,5,0.7020079809
2,0.5,0.1,1,3,9,5,0.2650231427
15,0.2,0.4,4,4,4,5,0.804561377
2,0.9,0.3,1,9,7,5,0.2790041429
10,0.94685,0.40586,3.75,1.5,10.45,9.2,0.1449090659
2,0.7,0.1,1,7,5,5,0.2747679813
2,0.1,0.3,1,7,1,5,0.3523473302
2,0.1,0.7,1,5,3,5,0.3520409504
10,0.6,0.1,6,1,1,5,0.07249279825
15,0.76655,0.96099,10.11,9.04,6.8,9.33,0.7243669853
2,0.9,0.3,1,9,7,5,0.2811731513
2,0.5,0.5,1,1,3,5,0.3020342831
2,0.3,0.5,1,3,1,5,0.3499482147
2,0.3,0.7,1,9,1,5,0.3535222021
2,0.3,0.3,1,9,1,5,0.3403027794
2,0.1,0.3,1,5,5,5,0.3351141202
2,0.5,0.9,1,9,3,5,0.3300150531
2,0.1,0.7,1,3,7,5,0.3507215244
2,0.7,0.5,1,5,5,5,0.290894408
20,0.49106,0.35239,6.94,10.99,7.88,9.74,0.6431459866
2,0.3,0.5,1,9,3,5,0.3282778632
2,0.7,0.9,1,1,9,5,0.2875625685
2,0.7,0.3,1,1,7,5,0.2673609035
2,0.5,0.1,1,1,9,5,0.2559382596
2,0.5,0.1,1,7,1,5,0.2919516348
2,0.5,0.5,1,1,7,5,0.283773824
2,0.3,0.9,1,1,7,5,0.3217659099
2,0.3,0.7,1,7,3,5,0.3389637827
2,0.9,0.5,1,7,3,5,0.2954971954
2,0.7,0.1,1,5,3,5,0.2725120211
21,0.5,0.375,9,2.8,5.5,1,0.8075285772
5,0.2,0.4,4,2,4,5,0.5101941755
2,0.5,0.9,1,3,5,5,0.3150145933
2,0.1,0.3,1,9,7,5,0.3259531341
15,0.81462,0.61165,4.7,4.21,1.15,10.53,0.6793159804
5,0.6,0.6,1,1,6,5,0.190620718
2,0.7,0.3,1,3,3,5,0.2833939628
2,0.9,0.7,1,9,9,5,0.2866850471
2,0.9,0.3,1,9,7,5,0.2798262988
2,0.3,0.7,1,3,3,5,0.3370301615
2,0.9,0.9,1,5,1,5,0.3378680637
2,0.3,0.3,1,3,7,5,0.2903077168
2,0.7,0.1,1,5,7,5,0.2689985333
2,0.5,0.5,1,1,5,5,0.290553022
2,0.5,0.9,1,3,3,5,0.3286336922
2,0.9,0.9,1,5,3,5,0.3097703917
2,0.3,0.5,1,5,5,5,0.3145267362
2,0.3,0.9,1,9,7,5,0.3267275242
2,0.3,0.3,1,5,3,5,0.3104315932
5,0.6,0.1,6,6,1,5,0.3920901683
2,0.9,0.7,1,7,5,5,0.2935498027
2,0.3,0.3,1,5,5,5,0.2969274092
2,0.5,0.9,1,3,7,5,0.3074219847
2,0.7,0.1,1,1,7,5,0.254426692
2,0.1,0.5,1,7,1,5,0.3400387306
2,0.12216,0.64445,4.75,1.99,2.49,2,0.3450445682
2,0.5,0.5,1,3,1,5,0.3376575127
2,0.1,0.7,1,9,9,5,0.3477725012
2,0.3,0.5,1,7,9,5,0.303731445
2,0.3,0.1,1,3,9,5,0.2699842594
21,0.1,1,1,1,1,10,0.3651999149
21,2,2,0.2,0.2,1,0.2,0.5481445267
2,0.46945,0.50165,6.57,6.14,2.02,8.61,0.3427146636
15,0.2,0.4,4,2,4,5,0.6554660982
5,0.24166,0.66269,3.75,2.7,2.57,2,0.570240623
2,0.1,0.7,1,7,3,5,0.3514516465
25,0.33623,0.33488,9.9,4.1,2.24,7.48,0.771782136
2,0.5,0.5,1,3,1,5,0.3364805157
2,0.9,0.3,1,3,7,5,0.2713121928
2,0.3,0.7,1,5,9,5,0.3123215238
2,0.5,0.5,1,1,9,5,0.2816216404
10,0.66403,0.36564,7.8,6.68,2.98,10.56,0.5915856729
2,0.1,0.9,1,9,9,5,0.3516860625
2,0.5,0.9,1,5,1,5,0.3516345888
2,0.5,0.5,1,5,7,5,0.2930063783
2,0.5,0.7,1,9,1,5,0.3475235003
2,0.5,0.3,1,9,1,5,0.324494902
15,0.43144,0.56018,8.56,5.78,10.34,1.13,0.9793432345
2,0.3,0.1,1,7,1,5,0.3046450409
2,0.7,0.3,1,9,5,5,0.2836316218
2,0.5,0.7,1,3,1,5,0.3467806847
2,0.3,0.9,1,9,5,5,0.336109258
10,0.97761,0.32067,5.83,9.52,4.03,2.63,0.7243083604
5,0.2,0.2,2,4,4,5,0.4207399975
10,0.33236,0.88082,10.37,10.77,5.92,9.92,0.7099775678
2,0.9,0.3,1,9,1,5,0.3058110733
2,0.9,0.3,1,5,9,5,0.2737574992
5,0.44079,0.95183,7.98,2.75,8.39,7.48,0.4854519776
2,0.1,0.3,1,1,5,5,0.3312535232
2,0.5,0.1,1,5,3,5,0.2767883698
15,0.2,0.4,4,4,2,5,0.5872444157
2,0.3,0.3,1,9,9,5,0.2912966395
2,0.7,0.7,1,1,5,5,0.2908244368
2,0.5,0.7,1,9,1,5,0.347454272
2,0.9,0.9,1,7,3,5,0.3109194655
2,0.7,0.5,1,7,9,5,0.28418287
2,0.11216,0.50621,8.17,4.49,10.87,8.21,0.3503524715
2,0.9,0.1,1,9,7,5,0.2759283939
2,0.1,0.9,1,9,1,5,0.3128632162
2,0.1,0.5,1,3,3,5,0.3532340862
2,0.5,0.5,1,7,1,5,0.3381667991
2,0.9,0.3,1,5,5,5,0.2783441262
2,0.1,0.9,1,9,9,5,0.3518461708
2,0.5,0.5,1,9,7,5,0.2960676233
2,0.9,0.5,1,3,9,5,0.2759171828
2,0.9,0.5,1,7,7,5,0.284056959
2,0.7,0.9,1,1,1,5,0.3408042029
2,0.9,0.3,1,5,7,5,0.2759079836
2,0.3,0.7,1,3,7,5,0.3172187417
10,0.25715,0.58418,1.83,5.91,3.05,6.77,0.652137697
2,0.9,0.7,1,7,3,5,0.3027959282
15,0.56199,0.74621,5.38,9.98,4.75,2.74,0.8865456227
2,0.9,0.5,1,5,7,5,0.281097477
25,0.33438,0.73417,2.38,2.15,3.57,4,0.05710439564
2,0.1,0.9,1,3,9,5,0.3514385775
2,0.7,0.5,1,9,7,5,0.2886100843
2,0.29239,0.17672,1.48,2.81,9.72,1.6,0.3123271466
5,0.1,0.6,1,6,6,5,0.5479515571
10,0.10468,0.99423,9.1,1.1,4.9,4.96,0.4832047267
2,0.7,0.7,1,3,9,5,0.2866170942
2,0.7,0.1,1,5,3,5,0.2728433776
20,0.38646,0.60151,7.46,3.77,2.15,3.46,0.6342187971
2,0.9,0.5,1,7,1,5,0.319886735
2,0.9,0.1,1,7,3,5,0.2760442152
2,0.9,0.5,1,3,7,5,0.2770743031
2,0.5,0.7,1,3,7,5,0.2994909524
15,0.4,0.2,2,4,4,5,0.4397333956
2,0.7,0.3,1,1,9,5,0.264770205
2,0.9,0.5,1,1,1,5,0.3113885863
2,0.7,0.1,1,5,5,5,0.2707342713
15,0.6029,0.92898,10.22,6.71,9.17,1.07,1.062099944
2,0.82663,0.17327,7.85,8.89,8.44,8.6,0.3178936101
2,0.9,0.7,1,1,9,5,0.2741880334
2,0.1,0.7,1,1,7,5,0.349767982
2,0.9,0.7,1,1,1,5,0.3244214316
2,0.9,0.1,1,9,1,5,0.2876016506
2,0.3,0.1,1,5,9,5,0.273746081
2,0.43063,0.30865,8.6,6.07,3.19,9.32,0.3322148039
5,0.2,0.2,2,4,4,5,0.411870713
2,0.9667,0.34517,9.03,7.26,7.51,1.12,0.341207817
2,0.1,0.1,1,9,3,5,0.3109655234
2,0.81747,0.62625,1.73,4,4.48,2,0.3247305141
2,0.1,0.5,1,1,7,5,0.3409531739
5,0.67322,0.15687,4.8,8.2,1.29,10.22,0.4291741548
20,0.47739,0.2655,3.46,1.62,2.51,2,0.1765848613
20,0.37003,0.3737,7.91,7.31,5.82,5.16,0.7792801143
2,0.1,0.3,1,1,9,5,0.3173050538
2,0.9,0.9,1,1,9,5,0.2803786178
2,0.1,0.3,1,3,3,5,0.344759925
2,0.5,0.5,1,3,5,5,0.2966130568
10,0.83887,0.37964,2.85,8.21,3.21,10.44,0.4387349899
2,0.5,0.9,1,9,9,5,0.306005869
2,0.3,0.5,1,5,3,5,0.3253324255
10,0.4,0.2,2,4,2,5,0.4103694719
2,0.3,0.9,1,3,5,5,0.3338061759
2,0.7,0.5,1,3,1,5,0.3251926061
2,0.9,0.5,1,5,3,5,0.2930525541
5,0.4,0.2,4,4,4,5,0.4161099793
2,0.6699,0.31324,3.57,4,2.84,3,0.323079959
10,0.4,0.2,4,2,2,5,0.3993688236
2,0.5,0.7,1,3,5,5,0.3065393926
20,0.29618,0.25085,4.66,3.99,8.63,4.79,0.5268759159
2,0.3,0.5,1,5,3,5,0.3257494824
2,0.1,0.3,1,1,1,5,0.3530122576
15,0.4,0.4,2,4,4,5,0.5658510919
2,0.3,0.9,1,5,3,5,0.3452469752
10,0.43822,0.92642,2.62,1.56,3.89,1,0.7033927905
10,0.1,0.1,1,1,6,5,0.1057446458
15,0.71482,0.73381,3.23,4,1.27,4,0.66907155
2,0.5,0.1,1,5,9,5,0.2708856881
2,0.7,0.5,1,1,7,5,0.2758583657
25,0.79908,0.18746,7.24,3.61,7.13,8.7,0.3736659054
20,0.84962,0.35255,4.28,4.83,1.63,3,0.5735739991
2,0.9,0.7,1,5,1,5,0.3293903135
2,0.1,0.5,1,5,9,5,0.338007274
21,2,10,0.2,1,0.6,0.6,0.4427538405
2,0.7,0.1,1,5,5,5,0.2699959237
2,0.1,0.3,1,1,7,5,0.3230060292
2,0.7,0.7,1,5,9,5,0.2903829905
2,0.5,0.9,1,7,1,5,0.3517815642
25,0.90415,0.54725,2.03,6.65,4.72,5.55,0.4732256495
20,0.27551,0.13414,3.97,8.77,2.68,8.12,0.6274959391
2,0.5,0.7,1,3,3,5,0.3196191431
10,0.6,0.6,1,6,6,5,0.3547438319
2,0.3,0.9,1,5,3,5,0.3450085682
2,0.3,0.5,1,1,1,5,0.3488744489
21,0.5,0.375,8,2.8,5.5,7,0.5468610638
2,0.9,0.5,1,9,7,5,0.2847406706
2,0.7,0.5,1,1,5,5,0.2827044975
2,0.3,0.9,1,5,1,5,0.3525866323
2,0.4379,0.75477,1.25,9.98,4.16,1.57,0.3446836513
2,0.9,0.1,1,3,9,5,0.2634287782
2,0.1,0.7,1,7,5,5,0.3531233446
2,0.1,0.3,1,7,7,5,0.3269798288
5,0.59547,0.92914,2.82,1.59,3.47,2,0.495824516
2,0.5,0.1,1,7,9,5,0.2729562634
2,0.9,0.7,1,3,1,5,0.3275849706
5,0.39614,0.39784,4.09,1.2,7.84,9.48,0.2444536437
2,0.5,0.3,1,7,7,5,0.2830871284
2,0.7,0.3,1,7,3,5,0.2895958473
21,0.1,0.1,1,1,10,100,0.09855557858
2,0.5,0.3,1,1,3,5,0.2845062005
2,0.7,0.9,1,9,9,5,0.2972826506
25,0.95853,0.26448,4.05,5.82,7.19,10.47,0.3950497421
15,0.69585,0.37087,7.3,10.68,9.99,8.87,0.6096743953
10,0.58413,0.89438,3.07,2.64,2.65,4,0.6571034576
10,0.70619,0.68471,2.65,2.36,2.4,4,0.3102919154
15,0.59817,0.65587,5.67,9.15,5.77,1.7,0.9170559234
2,0.5,0.5,1,7,7,5,0.2946682784
2,0.7,0.5,1,1,7,5,0.2756306897
15,0.3752,0.63323,3.55,3.73,2.65,4,0.7807506553
5,0.50082,0.8229,2.42,2.17,1.65,4,0.5317912426
15,0.32947,0.65667,5.89,10.12,1.01,3.25,0.4746575466
10,0.6,0.1,6,6,6,5,0.3366922419
10,0.2,0.2,2,4,4,5,0.5199594141
2,0.9,0.3,1,5,1,5,0.302373602
2,0.9,0.3,1,7,5,5,0.2805591373
10,0.2,0.2,2,4,4,5,0.4609857467
5,0.6,0.6,6,6,1,5,0.5422096526
2,0.9,0.5,1,7,5,5,0.2865133832
2,0.5,0.3,1,5,1,5,0.3214444388
2,0.7,0.1,1,5,3,5,0.2734625525
20,0.88413,0.28135,4.08,9.62,7.18,10.96,0.4428210705
2,0.5,0.1,1,1,7,5,0.256848518
2,0.1,0.3,1,9,9,5,0.3223395036
2,0.3,0.9,1,1,3,5,0.3433646131
2,0.7,0.7,1,5,9,5,0.2892724991
20,0.46867,0.68921,1.95,7.97,5.45,4.89,0.6334925954
2,0.1,0.5,1,9,9,5,0.3379325327
2,0.5,0.9,1,3,1,5,0.3511283155
2,0.7,0.9,1,1,9,5,0.2886927874
21,0.5,0.375,10,2.8,5.5,8,0.5768750936
2,0.9,0.9,1,9,3,5,0.3103945286
2,0.9,0.3,1,3,9,5,0.269546749
2,0.1,0.3,1,3,7,5,0.3256307481
2,0.3,0.7,1,5,5,5,0.3253744709
2,0.1,0.3,1,3,1,5,0.3527032464
20,0.47409,0.44142,8.64,5,8.24,4.82,0.7262887646
10,0.86721,0.57798,5.39,2.87,4.87,9.35,0.3645141725
2,0.7,0.7,1,9,9,5,0.2921514651
2,0.5,0.3,1,1,1,5,0.3140378972
2,0.5,0.3,1,9,3,5,0.2969205202
10,0.1,0.6,6,1,6,5,0.6335636858
2,0.9,0.5,1,9,5,5,0.2882470738
2,0.9,0.5,1,5,7,5,0.2810447224
2,0.7,0.3,1,9,1,5,0.3126703281
2,0.7,0.5,1,7,7,5,0.2883359213
5,0.17422,0.84595,3.29,4.85,1.21,2,0.4304990659
2,0.3,0.7,1,9,9,5,0.3139964321
25,0.95062,0.49552,3.66,1.64,3.92,4,0.2742317195
2,0.5,0.7,1,7,3,5,0.3215477435
20,0.82631,0.6425,8.19,9.17,2.53,2.16,0.8758730462
25,0.37731,0.1688,1.98,6.38,9.26,7.22,0.3345366365
2,0.7,0.9,1,5,3,5,0.3180830836
2,0.3,0.5,1,1,1,5,0.3484932073
2,0.7,0.7,1,3,3,5,0.3074430341
2,0.3,0.3,1,5,9,5,0.290329078
2,0.9,0.1,1,9,7,5,0.2756242888
2,0.5,0.5,1,1,5,5,0.2899562659
2,0.7,0.7,1,1,7,5,0.2841262857
2,0.3,0.5,1,9,1,5,0.3501088375
2,0.7,0.5,1,7,5,5,0.2909088335
2,0.7,0.1,1,1,9,5,0.2537720741
2,0.1,0.1,1,7,1,5,0.3388106678
2,0.7,0.3,1,5,5,5,0.2812052264
2,0.7,0.1,1,7,3,5,0.2764509345
2,0.3,0.1,1,1,1,5,0.2929170109
21,0.1,1,1,1,10,10,0.5943440353
5,0.1,0.6,1,1,1,5,0.4372810616
2,0.5,0.1,1,5,3,5,0.2759014665
5,0.2,0.4,4,4,2,5,0.5503188327
2,0.9,0.3,1,9,1,5,0.3066400806
2,0.5,0.7,1,1,7,5,0.2944255045
2,0.9,0.5,1,9,9,5,0.2828034611
2,0.5,0.9,1,5,3,5,0.329451118
2,0.9,0.7,1,5,1,5,0.3302528405
10,0.4,0.4,2,4,2,5,0.6189600067
2,0.1,0.9,1,7,7,5,0.3533613546
2,0.9,0.3,1,7,7,5,0.2780459863
5,0.6,0.1,1,6,6,5,0.2489366548
2,0.5,0.3,1,1,7,5,0.2729899801
2,0.9,0.1,1,7,5,5,0.2736591459
2,0.9,0.1,1,9,7,5,0.2760718895
2,0.3,0.1,1,1,3,5,0.2711246267
2,0.5,0.3,1,3,9,5,0.2756383847
2,0.9,0.3,1,1,9,5,0.2611108926
2,0.1,0.3,1,7,9,5,0.3217636569
2,0.3,0.1,1,5,5,5,0.2775030869
2,0.5,0.3,1,7,1,5,0.3234905631
2,0.7,0.9,1,7,3,5,0.3187828642
2,0.3,0.1,1,9,7,5,0.2796988595
2,0.9,0.9,1,7,9,5,0.290120038
2,0.51441,0.47548,9.54,10.26,4.72,1.49,0.3527451495
2,0.5,0.5,1,9,3,5,0.3113943439
2,0.1,0.1,1,5,7,5,0.2937602794
2,0.3,0.1,1,7,7,5,0.2773175302
2,0.9,0.9,1,7,3,5,0.3101767335
2,0.7,0.9,1,3,9,5,0.2929897984
2,0.1,0.9,1,7,1,5,0.3142581585
2,0.7,0.1,1,7,7,5,0.2715015485
2,0.1,0.9,1,3,3,5,0.3462189641
2,0.9,0.9,1,3,5,5,0.2966113139
2,0.5,0.7,1,1,3,5,0.3152360204
2,0.1,0.1,1,5,5,5,0.2985954903
25,0.19606,0.72162,3.6,3.74,1.05,4,0.4585418923
2,0.3,0.9,1,5,5,5,0.334330222
20,0.6096,0.31803,3.34,6.29,7.09,2.91,0.6415498387
2,0.3,0.3,1,3,9,5,0.2869791642
2,0.9,0.5,1,3,9,5,0.2756622465
2,0.5,0.1,1,7,9,5,0.2733435424
2,0.7,0.3,1,5,7,5,0.2779811947
2,0.5,0.1,1,1,5,5,0.2584973705
15,0.26382,0.16061,9.89,4.78,6.65,3.91,0.7239882573
2,0.5,0.7,1,9,9,5,0.299277542
2,0.7,0.3,1,7,5,5,0.2832520745
20,0.98645,0.62493,5.83,1.86,5.19,1.34,0.5395432679
2,0.88468,0.46841,8.18,10.32,7.84,2.11,0.34487137
2,0.9,0.5,1,1,9,5,0.2697125015
2,0.1,0.9,1,9,3,5,0.3464698481
2,0.1,0.9,1,9,5,5,0.3530345285
2,0.5,0.5,1,5,9,5,0.2900327742
2,0.3,0.7,1,5,7,5,0.3180250496
25,0.36889,0.15311,3.23,7.48,1.39,10.93,0.6047976878
2,0.7,0.1,1,9,7,5,0.2771098086
2,0.7,0.3,1,1,1,5,0.3016553542
5,0.4,0.2,2,4,2,5,0.3856564826
2,0.7,0.5,1,3,5,5,0.2871895622
2,0.1,0.5,1,3,5,5,0.3481016845
2,0.5,0.5,1,3,7,5,0.2906339456
2,0.3,0.5,1,5,5,5,0.3144228385
21,2,6,0.2,1,0.6,0.6,0.4915503954
10,0.1,0.1,6,1,6,5,0.2701198625
2,0.3,0.7,1,7,3,5,0.3388944768
2,0.5,0.3,1,3,9,5,0.2782224981
15,0.5307,0.16179,1.62,2.26,3.58,1,0.08673541123
2,0.42647,0.60843,5.99,2.5,8.01,5.79,0.3290267379
10,0.1,0.1,1,6,6,5,0.3507563867
10,0.6,0.1,1,6,6,5,0.2120104851
2,0.7,0.9,1,5,3,5,0.3174700368
2,0.1,0.7,1,5,3,5,0.3512263491
5,0.92671,0.70691,3.19,8.78,3.8,1.25,0.5771318779
10,0.4,0.4,4,2,2,5,0.5450082212
15,0.1,0.1,6,6,6,5,0.6267263666
5,0.1,0.6,6,1,6,5,0.5588817555
2,0.3,0.7,1,1,1,5,0.3532380353
2,0.3,0.1,1,7,1,5,0.3037111078
2,0.7,0.5,1,5,1,5,0.3275199397
2,0.9,0.7,1,9,1,5,0.3317200879
2,0.1,0.9,1,5,9,5,0.3514295899
2,0.7,0.1,1,7,1,5,0.287268983
2,0.3,0.1,1,7,3,5,0.2851803843
2,0.5,0.3,1,1,7,5,0.2724027711
2,0.5,0.1,1,3,1,5,0.2861250408
2,0.9,0.1,1,9,7,5,0.276392565
2,0.1,0.5,1,9,9,5,0.3386729894
2,0.7,0.9,1,7,7,5,0.3003292978
10,0.1,0.1,1,1,1,5,0.5247512111
10,0.1,0.6,6,6,1,5,0.3819388219
2,0.3,0.9,1,1,5,5,0.3312938237
2,0.9,0.3,1,1,9,5,0.260944597
2,0.9,0.5,1,7,9,5,0.2812405548
2,0.7,0.5,1,1,7,5,0.2766581298
2,0.9,0.7,1,9,7,5,0.2901168272
10,0.55755,0.2883,1.44,3.21,2.2,2,0.4704554298
21,0.5,0.375,9,2.8,5.5,10,0.5031021849
2,0.9,0.7,1,3,1,5,0.3273225622
2,0.9,0.9,1,7,9,5,0.2909015423
25,0.94568,0.56434,6.15,4.58,5.3,10.39,0.4873260827
2,0.5,0.3,1,9,5,5,0.2898329145
2,0.7,0.1,1,9,3,5,0.278996097
20,0.88404,0.82019,8.76,10.89,4.93,6.09,0.7947333697
2,0.5,0.3,1,9,7,5,0.285284418
2,0.1,0.3,1,3,7,5,0.3265084946
2,0.3,0.5,1,9,7,5,0.3090555525
2,0.5,0.1,1,9,9,5,0.2748187544
2,0.1,0.7,1,9,3,5,0.3515616751
2,0.3,0.5,1,7,1,5,0.3507068242
2,0.7,0.7,1,3,3,5,0.3066142541
10,0.2,0.4,4,4,4,5,0.6994241292
2,0.9,0.3,1,1,9,5,0.2615853302
10,0.6,0.6,1,1,1,5,0.564987684
2,0.9,0.5,1,5,7,5,0.2827096397
2,0.7,0.7,1,5,5,5,0.2976961914
2,0.7,0.3,1,5,7,5,0.2762733857
21,2,10,0.2,0.6,0.6,0.6,0.4452642839
10,0.17563,0.14054,2.67,4.62,10.39,3.57,0.4755933998
5,0.4,0.2,4,4,4,5,0.4248304695
5,0.4,0.4,4,2,2,5,0.456091084
2,0.3,0.5,1,5,9,5,0.3024482937
15,0.4,0.4,2,4,4,5,0.4529721477
5,0.4,0.2,2,4,4,5,0.3726465155
2,0.1,0.9,1,7,3,5,0.3466929067
2,0.9,0.3,1,3,1,5,0.2993781284
15,0.1,0.1,6,6,1,5,0.6718695408
2,0.1,0.1,1,7,5,5,0.2998254004
2,0.3,0.1,1,3,7,5,0.270989794
2,0.5,0.9,1,1,5,5,0.3123650777
2,0.9,0.3,1,1,9,5,0.2623232464
2,0.1,0.7,1,5,3,5,0.3518052284
2,0.5,0.7,1,9,3,5,0.322033752
2,0.1,0.9,1,9,5,5,0.3530320594
2,0.5,0.1,1,1,9,5,0.2556980814
2,0.5,0.5,1,3,9,5,0.2869477519
2,0.3,0.5,1,5,1,5,0.3501578614
2,0.3,0.3,1,7,9,5,0.290356595
2,0.3,0.5,1,7,1,5,0.3506263173
2,0.9,0.9,1,5,1,5,0.3371641307
2,0.9,0.3,1,1,9,5,0.260995028
21,0.5,0.375,8,2.8,5.5,10,0.4864708514
2,0.1,0.7,1,1,3,5,0.3523307799
2,0.7,0.5,1,1,7,5,0.2769952822
2,0.5,0.1,1,9,1,5,0.2942396601
2,0.1,0.5,1,1,9,5,0.3360650527
10,0.18413,0.98388,2.21,4.65,1.3,1,0.4233581967
2,0.3,0.9,1,1,3,5,0.3440421922
20,0.50643,0.81304,3.34,4.3,2.63,2,0.7760737505
21,0.1,1,1,10,10,10,0.5976782391
2,0.3,0.1,1,7,1,5,0.3042810099
15,0.2,0.2,2,4,2,5,0.6584874431
2,0.66042,0.14979,3.75,4.59,4.03,2.97,0.3136306751
2,0.7,0.9,1,1,3,5,0.3117134376
21,0.5,0.375,3,2.8,5.5,4,0.4838519725
2,0.3,0.1,1,9,7,5,0.2792336189
2,0.3,0.5,1,5,7,5,0.3075132972
2,0.3,0.7,1,3,7,5,0.3159054672
5,0.2,0.4,2,4,2,5,0.5489725404
2,0.7,0.7,1,5,7,5,0.2923729016
2,0.1,0.5,1,9,1,5,0.3398740474
2,0.3,0.1,1,1,1,5,0.2930035975
10,0.1,0.6,6,1,6,5,0.5925912649
2,0.9,0.1,1,3,1,5,0.2743693552
25,0.33906,0.90106,5.36,4.83,10.95,7.72,0.6674098179
2,0.9,0.5,1,5,3,5,0.2928792063
2,0.5,0.1,1,3,7,5,0.2656457084
2,0.9,0.7,1,3,1,5,0.3272135196
2,0.5,0.9,1,9,9,5,0.3054264374
2,0.3,0.9,1,9,9,5,0.3225450934
2,0.7,0.1,1,9,9,5,0.2758882044
2,0.9,0.7,1,1,9,5,0.2752113656
2,0.1,0.7,1,7,7,5,0.3504380464
2,0.3,0.9,1,5,7,5,0.3271876084
2,0.9,0.9,1,1,5,5,0.2913926812
15,0.6,0.1,1,1,1,5,0.05045638934
2,0.1,0.9,1,3,7,5,0.353315451
2,0.7,0.5,1,9,1,5,0.3295473839
2,0.9,0.7,1,5,9,5,0.2847600455
10,0.4,0.4,2,4,2,5,0.6148096028
2,0.9,0.7,1,3,1,5,0.3283369758
5,0.2,0.2,4,4,2,5,0.5279696288
2,0.1,0.1,1,9,3,5,0.3113871737
2,0.7,0.5,1,7,9,5,0.2851121506
2,0.9,0.7,1,1,3,5,0.2938200089
20,0.89922,0.69773,2.4,4.81,2.46,2,0.6460904779
2,0.5,0.3,1,9,7,5,0.2856409999
2,0.7,0.5,1,5,7,5,0.2861329617
2,0.7,0.3,1,9,7,5,0.282891587
2,0.9,0.1,1,7,9,5,0.2731034442
2,0.7,0.5,1,9,7,5,0.2888652413
2,0.5,0.5,1,7,9,5,0.2913218605
2,0.1,0.9,1,9,1,5,0.3140588356
2,0.3,0.9,1,1,7,5,0.3236943709
2,0.9,0.1,1,5,5,5,0.2686269437
2,0.1,0.1,1,9,3,5,0.3110918286
2,0.9,0.9,1,5,3,5,0.308276822
2,0.1,0.1,1,1,9,5,0.2820314649
2,0.7,0.9,1,9,9,5,0.2960363024
2,0.3,0.5,1,7,3,5,0.328404892
2,0.7,0.7,1,9,7,5,0.2957264601
2,0.5,0.9,1,5,9,5,0.3043860682
2,0.13278,0.56464,4.98,10.6,3.5,8.41,0.3534782082
2,0.3,0.9,1,5,5,5,0.3345503051
2,0.5,0.9,1,9,7,5,0.3096549167
2,0.7,0.7,1,7,1,5,0.3389197073
2,0.3,0.7,1,1,9,5,0.3072115129
2,0.9,0.1,1,3,9,5,0.2615535148
5,0.2,0.2,2,2,4,5,0.3579398294
2,0.9,0.3,1,1,7,5,0.2619868059
15,0.6,0.1,1,6,1,5,0.2547056215
5,0.1,0.6,1,6,1,5,0.4241485953
2,0.5,0.9,1,7,9,5,0.3048481029
20,0.68549,0.12407,1.44,3.97,4.51,2,0.04326173722
2,0.1,0.5,1,7,3,5,0.3535104703
2,0.3,0.3,1,5,3,5,0.3093437631
2,0.6374,0.44936,3.52,5.63,6.64,5.49,0.3179115637
15,0.6004,0.63965,3.08,1.84,8.36,5.13,0.2956841378
2,0.1,0.3,1,5,7,5,0.3267915295
10,0.1,0.1,6,1,6,5,0.1940766751
2,0.3,0.7,1,3,5,5,0.3261708464
2,0.5,0.5,1,9,9,5,0.2913757882
2,0.7,0.3,1,7,5,5,0.2825325785
2,0.1,0.3,1,1,5,5,0.3304341964
2,0.9,0.9,1,9,3,5,0.3108013019
5,0.1,0.6,1,6,6,5,0.5518373221
2,0.5,0.7,1,7,3,5,0.3221333547
2,0.5,0.3,1,9,1,5,0.3237659993
5,0.4,0.4,2,4,2,5,0.4859750566
15,0.6,0.6,1,6,1,5,0.6520924746
2,0.5,0.9,1,1,3,5,0.3248648698
2,0.9,0.9,1,9,5,5,0.2996578827
2,0.3,0.5,1,5,5,5,0.3140974428
2,0.7,0.9,1,5,9,5,0.2953411737
2,0.9,0.3,1,5,5,5,0.2770775189
2,0.3,0.1,1,3,7,5,0.2705631077
10,0.1,0.6,1,6,1,5,0.4170142397
10,0.2,0.2,4,4,2,5,0.6882067963
2,0.3,0.9,1,5,5,5,0.334301478
2,0.7,0.1,1,5,5,5,0.2694892791
15,0.86616,0.66106,3.08,10.88,4.47,5.21,0.6554260099
2,0.1,0.7,1,5,7,5,0.3502072759
2,0.1,0.7,1,3,1,5,0.3272357867
2,0.7,0.9,1,5,5,5,0.3054213132
2,0.1,0.3,1,9,5,5,0.3346140743
2,0.9,0.9,1,3,3,5,0.3082337731
2,0.1,0.5,1,9,5,5,0.3483773769
2,0.9,0.3,1,3,3,5,0.2789611247
2,0.9,0.7,1,7,1,5,0.3305116323
2,0.3,0.9,1,3,7,5,0.3250699452
2,0.5,0.5,1,9,1,5,0.3390377603
2,0.1,0.3,1,1,7,5,0.3220444269
2,0.3,0.5,1,3,5,5,0.313017112
2,0.3,0.9,1,1,9,5,0.3169969391
2,0.1,0.3,1,7,9,5,0.3210455508
2,0.7,0.1,1,1,3,5,0.2576382004
2,0.1,0.3,1,5,7,5,0.3267013906
2,0.3,0.7,1,3,5,5,0.3260978274
20,0.26824,0.21326,9.24,3.86,2.4,9.28,0.7136869018
20,0.76953,0.22714,6.2,9.43,9.86,10,0.5436750138
2,0.3,0.3,1,3,7,5,0.2916877806
2,0.7,0.9,1,9,9,5,0.2977711603
15,0.75327,0.73042,9.51,10,10.5,6.54,0.7087382344
2,0.5,0.3,1,9,9,5,0.2839086919
2,0.9,0.7,1,5,9,5,0.2852661369
2,0.1,0.3,1,5,1,5,0.3523692978
2,0.9,0.3,1,1,7,5,0.2621316901
2,0.9,0.9,1,3,7,5,0.2906036718
5,0.2,0.2,2,2,2,5,0.4346812464
5,0.4,0.2,4,2,4,5,0.3013008203
2,0.5,0.5,1,1,3,5,0.3018619498
2,0.5,0.7,1,5,9,5,0.2973957867
15,0.6,0.6,1,6,6,5,0.3458011731
2,0.7,0.1,1,5,3,5,0.2741609074
2,0.1,0.3,1,9,9,5,0.3215588696
2,0.1,0.9,1,1,5,5,0.3530691137
2,0.3,0.1,1,1,9,5,0.26115182
2,0.9,0.7,1,5,5,5,0.29127524
2,0.7,0.9,1,9,7,5,0.3004300821
2,0.7,0.9,1,9,5,5,0.3068138982
2,0.7,0.7,1,1,1,5,0.3332657469
10,0.75187,0.24139,9.9,2.68,6.76,9.99,0.2995557514
2,0.3,0.5,1,5,1,5,0.3503552843
2,0.9,0.1,1,9,9,5,0.2760398828
10,0.95686,0.21145,5.03,8.01,1.14,7.89,0.5818424667
10,0.83793,0.11122,4.78,4.06,3.03,3,0.1283607588
2,0.3,0.3,1,9,7,5,0.2947684786
2,0.9,0.7,1,3,3,5,0.3000144384
2,0.7,0.1,1,5,7,5,0.2696463931
2,0.9,0.1,1,7,7,5,0.2721023655
10,0.1,0.1,1,6,1,5,0.6311803853
15,0.10728,0.98328,1.69,1.41,2.2,1,0.414754878
2,0.7,0.3,1,1,1,5,0.300290042
2,0.3,0.3,1,9,5,5,0.3004901807
2,0.1,0.7,1,5,5,5,0.3531354306
2,0.1761,0.47688,3.5,2.12,1.79,4,0.3534408889
15,0.2,0.4,2,4,2,5,0.7153989317
2,0.9,0.1,1,3,5,5,0.2631954045
2,0.1,0.5,1,5,1,5,0.3412576517
2,0.5,0.9,1,9,7,5,0.3105697863
2,0.9,0.3,1,9,7,5,0.2799872983
15,0.84109,0.91098,2.18,6.49,3.72,8.62,0.4762679876
2,0.1,0.7,1,9,7,5,0.3509442529
5,0.44015,0.92459,8.28,1.94,2.99,6.7,0.5444454377
20,0.64488,0.30484,10.84,10.77,4.37,2.28,1.066320139
2,0.7,0.7,1,5,7,5,0.293408485
2,0.9,0.3,1,5,9,5,0.2739497314
2,0.3,0.7,1,9,5,5,0.3264031816
2,0.7,0.1,1,3,7,5,0.2632964848
15,0.32772,0.13505,2.37,9.68,10.21,5.42,0.4852737784
2,0.9,0.9,1,9,1,5,0.338253878
5,0.6,0.1,1,6,6,5,0.2416461666
5,0.2,0.4,4,2,2,5,0.5453304089
20,0.77683,0.75523,2.57,1.25,2.5,3,0.244165171
2,0.3,0.5,1,9,5,5,0.3149850856
2,0.1,0.7,1,9,7,5,0.3506251209
10,0.1,0.1,1,1,6,5,0.1581367568
2,0.1,0.7,1,3,9,5,0.3459768853
5,0.69627,0.23461,6.22,2.73,8.98,10.13,0.2811223557
2,0.5,0.5,1,7,1,5,0.3392435633
2,0.1,0.1,1,1,3,5,0.3023513888
2,0.9,0.3,1,3,1,5,0.2979418089
2,0.9,0.1,1,1,3,5,0.2556814924
2,0.3,0.3,1,9,1,5,0.3382738224
2,0.5,0.1,1,1,3,5,0.2633259822
2,0.9,0.1,1,3,1,5,0.2743514466
5,0.69449,0.28662,3.26,7.41,2.2,9.35,0.4078654584
2,0.5,0.7,1,3,5,5,0.3061488453
10,0.46725,0.45312,1.5,4.05,3.2,4,0.3287370432
2,0.5,0.3,1,7,1,5,0.3233925365
2,0.1,0.9,1,9,3,5,0.3455986126
2,0.5,0.9,1,5,5,5,0.3164183277
2,0.3,0.3,1,5,3,5,0.3085012791
2,0.1,0.1,1,7,1,5,0.338478177
5,0.43349,0.6211,3.35,5.35,5.45,8.34,0.4242640697
25,0.31241,0.87061,1.43,3.66,3.04,4,0.6710836162
2,0.9,0.5,1,1,7,5,0.270047987
2,0.5,0.7,1,1,5,5,0.3011190239
2,0.3,0.5,1,9,3,5,0.3285705774
5,0.4,0.4,2,2,2,5,0.4232009358
15,0.2,0.2,2,4,4,5,0.529551153
2,0.7,0.5,1,3,7,5,0.2833103262
2,0.7,0.3,1,1,7,5,0.2652500419
2,0.7,0.5,1,3,1,5,0.3252483129
2,0.3,0.9,1,7,7,5,0.3264163755
2,0.9,0.9,1,3,9,5,0.2883789408
2,0.9,0.3,1,7,5,5,0.2810286615
2,0.9,0.1,1,9,3,5,0.2782888429
2,0.7,0.9,1,3,9,5,0.2924889065
15,0.4,0.2,2,2,2,5,0.1963171512
2,0.3,0.1,1,9,5,5,0.2815538188
20,0.28992,0.48291,5.5,10.21,3.45,1.79,0.7793150059
5,0.1,0.1,6,1,6,5,0.2768658001
10,0.4,0.4,4,2,2,5,0.5886594942
5,0.71245,0.54195,1.26,9.89,4.47,8.77,0.3320841081
2,0.3,0.1,1,7,1,5,0.3050606691
2,0.69766,0.80955,1.85,2.82,4.9,3,0.3243732295
2,0.1,0.5,1,5,5,5,0.3487824134
10,0.2,0.2,4,2,4,5,0.3949642905
2,0.7,0.5,1,1,3,5,0.2900211555
25,0.43489,0.29832,5.63,1.47,3.29,3.49,0.4481891728
2,0.5,0.5,1,5,9,5,0.2901630574
2,0.1,0.1,1,7,5,5,0.2996434696
5,0.2,0.2,4,4,4,5,0.4844455389
2,0.1,0.1,1,9,7,5,0.2948606077
15,0.51853,0.26356,9.27,3.54,6.27,4.75,0.5950363909
2,0.3,0.1,1,1,1,5,0.2915070819
5,0.22676,0.26732,3.39,2.1,1.11,7.19,0.5147384433
15,0.4,0.2,4,2,2,5,0.2217868126
2,0.1,0.5,1,1,5,5,0.3477328701
5,0.2,0.4,4,2,4,5,0.5135863618
21,2,2,0.2,1,0.2,0.2,0.5739853443
2,0.7,0.7,1,9,5,5,0.3013954212
5,0.2,0.4,2,4,2,5,0.5441197041
2,0.5,0.7,1,9,9,5,0.2998073482
2,0.55166,0.21773,3.52,5.98,7.21,3.39,0.3199199828
2,0.7,0.1,1,5,3,5,0.2724258391
2,0.3,0.7,1,7,5,5,0.3265044343
2,0.9,0.3,1,5,1,5,0.3032958657
2,0.7,0.5,1,5,9,5,0.2832285386
10,0.9706,0.22027,1.74,4.86,3.02,4,0.3425528551
2,0.7,0.5,1,3,9,5,0.2788547905
2,0.7,0.1,1,5,7,5,0.2693154869
2,0.82755,0.58016,3.83,1.11,3.37,2,0.3110529403
25,0.62001,0.68799,5.08,1.65,7.92,2.12,0.5727350257
2,0.77078,0.41648,8.16,10.63,6.18,5.55,0.3358253885
2,0.3,0.7,1,5,5,5,0.3264889112
2,0.7,0.5,1,1,1,5,0.3196817269
21,2,10,0.2,0.6,1,0.6,0.4464091833
2,0.5,0.3,1,9,1,5,0.3227626407
2,0.1,0.9,1,1,3,5,0.3468775394
2,0.7,0.7,1,1,5,5,0.2910421786
25,0.22852,0.61709,7.04,3,3.77,8.56,0.6627939782
2,0.1,0.9,1,5,7,5,0.3532945875
2,0.1,0.9,1,7,5,5,0.3528237753
2,0.5,0.5,1,9,9,5,0.2921534833
10,0.4,0.4,4,2,4,5,0.4451362637
5,0.2,0.2,4,2,4,5,0.3935860115
15,0.76546,0.56462,1.07,4.99,3.03,3,0.3713000849
2,0.9,0.7,1,9,1,5,0.3307774602
2,0.3,0.5,1,1,7,5,0.3018869094
2,0.1,0.7,1,3,3,5,0.3515417447
5,0.1,0.1,6,1,1,5,0.4600491891
2,0.5,0.9,1,5,9,5,0.3048570765
2,0.9,0.3,1,5,9,5,0.2735633836
2,0.97035,0.25025,10.31,1.59,2.61,6.58,0.2920268832
5,0.1,0.6,6,6,6,5,0.5671440015
2,0.9,0.9,1,3,3,5,0.3060131017
2,0.9,0.3,1,3,5,5,0.2725730621
2,0.3,0.1,1,5,3,5,0.2828856507
2,0.7,0.1,1,3,7,5,0.265634783
2,0.3,0.5,1,3,1,5,0.3497689549
2,0.7,0.1,1,3,1,5,0.2780118789
15,0.1,0.6,1,6,6,5,0.6432660015
2,0.9,0.5,1,9,1,5,0.3205055108
5,0.23593,0.71674,2.45,8.05,10.02,10.71,0.4027953531
2,0.1,0.9,1,5,3,5,0.3467319735
2,0.7,0.7,1,9,3,5,0.3110238285
2,0.9,0.9,1,3,3,5,0.3079174858
2,0.7,0.7,1,7,7,5,0.295314724
2,0.3,0.9,1,1,1,5,0.3531289309
2,0.3,0.9,1,3,5,5,0.3331017964
2,0.3,0.3,1,1,3,5,0.3031261684
5,0.28445,0.93107,3.11,6.11,5.62,4.28,0.5606278594
2,0.7,0.9,1,9,3,5,0.3184230505
20,0.27376,0.9048,9.02,10.83,3.29,3.32,0.5963894131
2,0.9,0.3,1,7,1,5,0.3037816522
2,0.9,0.9,1,9,7,5,0.2946334723
2,0.3,0.5,1,1,9,5,0.2963052647
5,0.6,0.6,6,1,6,5,0.2907600345
2,0.3,0.1,1,7,7,5,0.2776947947
2,0.7,0.5,1,7,1,5,0.3272346359
5,0.50414,0.47433,8.13,10.73,1.76,6.21,0.5723785965
2,0.7,0.1,1,1,9,5,0.2539117212
2,0.3,0.3,1,1,1,5,0.3326336574
15,0.1,0.1,6,6,6,5,0.6598062702
2,0.3,0.1,1,7,9,5,0.2761403492
2,0.5,0.3,1,5,9,5,0.2807383027
2,0.5,0.3,1,3,7,5,0.2798730452
15,0.1,0.1,6,1,6,5,0.2786529383
2,0.9,0.9,1,1,1,5,0.3335605887
2,0.5,0.9,1,5,1,5,0.3510941513
2,0.7,0.7,1,5,1,5,0.3380469571
2,0.5,0.1,1,3,1,5,0.2851023473
2,0.1,0.9,1,9,1,5,0.3145311492
2,0.9,0.7,1,7,1,5,0.3309015979
10,0.14849,0.23015,4.25,10.15,7.35,8.44,0.578277168
15,0.1,0.6,6,6,6,5,0.6213585345
21,0.1,1,1,100,10,1,0.5306364169
2,0.3,0.3,1,1,1,5,0.3332328388
2,0.1,0.1,1,1,9,5,0.2810379087
2,0.3,0.5,1,7,1,5,0.3500725642
20,0.23737,0.73837,10.99,7.04,7.09,1.82,0.8114521614
2,0.9,0.3,1,7,7,5,0.2783820311
2,0.3,0.9,1,5,9,5,0.3213800964
15,0.6,0.1,1,6,6,5,0.1816761504
2,0.5,0.1,1,5,5,5,0.2722383328
15,0.4,0.4,4,4,2,5,0.728266842
2,0.9,0.5,1,3,7,5,0.2790604839
10,0.1,0.1,1,6,6,5,0.3334025422
2,0.3,0.3,1,3,3,5,0.3072225458
15,0.1,0.6,1,6,6,5,0.5918741407
2,0.1,0.5,1,1,9,5,0.3361757646
2,0.9,0.7,1,7,9,5,0.2865865056
2,0.9,0.7,1,5,7,5,0.2876686532
10,0.4,0.4,4,4,4,5,0.5929479946
21,0.5,0.375,4,2.8,5.5,10,0.3796159377
2,0.3,0.5,1,3,9,5,0.3002128083
5,0.1,0.1,1,6,6,5,0.3091100852
2,0.1,0.1,1,3,9,5,0.2880002242
5,0.2,0.2,4,4,4,5,0.4977942856
2,0.5,0.3,1,5,1,5,0.3218100581
2,0.9,0.5,1,3,1,5,0.3159581964
20,0.69411,0.1624,5.4,1.63,4.09,8.29,0.07080224512
2,0.1,0.3,1,1,1,5,0.3531439489
2,0.9,0.9,1,1,1,5,0.3336934196
2,0.3,0.9,1,9,7,5,0.3276372093
2,0.5,0.5,1,9,7,5,0.2936531812
5,0.13784,0.46509,6.26,1.52,2.62,6.98,0.5380540697
2,0.1,0.1,1,1,1,5,0.3337015934
2,0.1,0.1,1,9,1,5,0.3395537242
2,0.1,0.7,1,7,9,5,0.3473494475
2,0.7,0.5,1,7,3,5,0.3006634059
10,0.2,0.4,2,2,2,5,0.6742922329
2,0.1,0.5,1,1,1,5,0.3428718427
2,0.5,0.3,1,7,7,5,0.2839268778
10,0.2,0.2,2,4,2,5,0.579642841
2,0.9,0.3,1,9,9,5,0.2789944073
2,0.1,0.7,1,1,5,5,0.3529364512
2,0.7,0.7,1,5,1,5,0.3380073086
2,0.1,0.5,1,7,1,5,0.3400993118
2,0.3,0.7,1,9,1,5,0.3535533089
5,0.4,0.4,2,4,2,5,0.4760266711
2,0.9,0.1,1,7,7,5,0.2726031991
25,0.28406,0.50278,9.3,10.43,5.16,7.26,0.9026296196
2,0.5,0.3,1,9,9,5,0.282889257
2,0.7,0.9,1,1,9,5,0.2878704642
2,0.1,0.3,1,1,3,5,0.3435092019
2,0.3,0.9,1,9,3,5,0.3458981183
2,0.9,0.3,1,9,9,5,0.2778755794
2,0.3,0.7,1,7,9,5,0.3134111463
15,0.61265,0.69465,7.68,10.03,9.76,8.84,0.6330976818
2,0.5,0.9,1,1,7,5,0.3035677911
2,0.3,0.7,1,7,7,5,0.3185627367
2,0.3,0.3,1,1,3,5,0.3006507281
2,0.5,0.5,1,5,1,5,0.3388143539
2,0.5,0.9,1,9,5,5,0.3179243786
25,0.38881,0.56503,4.26,1.78,8.09,10.5,0.2983852577
21,0.5,0.375,5,2.8,5.5,4,0.5781713087
10,0.6,0.6,6,1,1,5,0.571448428
2,0.5,0.9,1,9,9,5,0.3064123291
5,0.1,0.6,1,6,1,5,0.4165790213
2,0.3,0.7,1,7,1,5,0.3535532637
2,0.5,0.5,1,9,3,5,0.3105721671
2,0.7,0.1,1,5,9,5,0.2682464069
10,0.6,0.1,6,1,6,5,0.07030460367
2,0.7,0.1,1,5,7,5,0.2702005427
5,0.57687,0.36169,3.09,1.4,7.95,3.77,0.2565433156
2,0.1,0.1,1,5,7,5,0.2947997318
2,0.7,0.5,1,7,7,5,0.287077247
2,0.1,0.7,1,3,3,5,0.3520261923
2,0.1,0.7,1,7,7,5,0.3505709709
2,0.3,0.3,1,1,1,5,0.3328257434
15,0.2,0.2,2,2,2,5,0.5481345873
2,0.3,0.7,1,9,7,5,0.318062403
2,0.7,0.9,1,9,1,5,0.3461144472
2,0.1,0.9,1,5,3,5,0.3457074634
2,0.7,0.1,1,9,5,5,0.2762082283
2,0.9,0.3,1,5,7,5,0.2754481401
2,0.7,0.7,1,1,7,5,0.2847791373
10,0.2,0.2,2,2,4,5,0.3484686529
2,0.5,0.9,1,7,1,5,0.3519552212
2,0.3,0.9,1,3,5,5,0.3340845079
2,0.5,0.7,1,9,3,5,0.322080025
2,0.7,0.7,1,3,3,5,0.3077697274
2,0.7,0.7,1,7,3,5,0.3097461688
2,0.1,0.1,1,3,7,5,0.2900401498
2,0.7,0.3,1,3,5,5,0.2778973143
2,0.9,0.3,1,9,3,5,0.2871636767
2,0.5,0.5,1,1,1,5,0.3334430068
2,0.71921,0.67648,2.29,5,1.7,3,0.3397226846
5,0.2,0.2,2,2,2,5,0.408678148
2,0.1,0.9,1,7,9,5,0.3518127163
2,0.1,0.3,1,3,3,5,0.344789256
2,0.7,0.3,1,1,9,5,0.2635907835
21,0.5,0.375,10,2.8,5.5,10,0.5243466701
2,0.3,0.7,1,7,7,5,0.3186950281
2,0.5,0.1,1,9,3,5,0.2822810605
2,0.1,0.9,1,5,5,5,0.352847687
21,0.5,0.375,7,2.8,5.5,1,0.7985901584
2,0.9,0.1,1,5,7,5,0.2670944222
2,0.9,0.7,1,9,7,5,0.2903170513
15,0.1,0.6,1,1,6,5,0.623538708
10,0.43709,0.134,2.1,2.18,3.12,2,0.1217206814
2,0.1,0.3,1,7,3,5,0.345947983
15,0.2,0.4,4,4,4,5,0.7456032714
2,0.5,0.7,1,7,5,5,0.3089217286
15,0.4,0.2,4,4,2,5,0.6089514558
2,0.1,0.1,1,1,5,5,0.2904110294
2,0.3,0.7,1,1,3,5,0.3339947416
2,0.9,0.5,1,1,5,5,0.2765612495
20,0.50356,0.42636,4.98,9.81,2.16,10.91,0.7077336522
2,0.9,0.9,1,5,3,5,0.3089113685
2,0.1,0.7,1,3,9,5,0.3466284896
2,0.5,0.7,1,1,5,5,0.3025032654
2,0.1,0.7,1,1,7,5,0.3499996002
2,0.9,0.5,1,5,9,5,0.2799817008
2,0.9,0.9,1,9,5,5,0.2993601495
2,0.3,0.9,1,7,1,5,0.3518259022
2,0.1,0.7,1,1,7,5,0.3499582495
5,0.4,0.4,4,4,4,5,0.4955956899
2,0.9,0.3,1,9,5,5,0.2812521992
25,0.85282,0.87073,3.36,4.06,4.86,4.83,0.6100688865
2,0.5,0.1,1,9,3,5,0.2815608775
2,0.9,0.1,1,1,3,5,0.2555902192
5,0.2,0.2,4,4,4,5,0.4879761956
2,0.9,0.1,1,1,7,5,0.2534236342
5,0.6,0.6,6,6,6,5,0.4974142178
2,0.7,0.5,1,1,3,5,0.2903270424
2,0.3,0.7,1,3,9,5,0.3113607708
2,0.9,0.3,1,7,7,5,0.2778415674
2,0.1,0.5,1,3,7,5,0.3429053088
2,0.6736,0.19794,1.52,3.25,6.78,7.53,0.2780636936
2,0.1,0.7,1,5,1,5,0.3281163422
2,0.9,0.5,1,9,1,5,0.320648426
2,0.5,0.3,1,7,9,5,0.2830750174
2,0.7,0.5,1,7,9,5,0.2849927607
2,0.7,0.5,1,9,1,5,0.3282337512
2,0.7,0.1,1,5,7,5,0.269761497
2,0.3,0.7,1,7,1,5,0.3535504021
2,0.3,0.7,1,1,5,5,0.3205944203
2,0.7,0.1,1,7,1,5,0.2863003026
21,0.5,0.375,9,2.8,5.5,6,0.6001303701
2,0.7,0.7,1,3,5,5,0.2966902095
2,0.5,0.3,1,5,3,5,0.293730731
10,0.2,0.4,4,4,2,5,0.6694938437
2,0.1,0.3,1,1,1,5,0.3531095335
2,0.3,0.1,1,5,5,5,0.2797868693
2,0.7,0.9,1,3,9,5,0.2939585467
2,0.5,0.7,1,1,7,5,0.2956022213
15,0.4,0.2,4,2,2,5,0.3524541914
2,0.3,0.1,1,5,9,5,0.273788893
25,0.89229,0.29052,9.39,2.91,10.21,1.98,0.6527981157
2,0.7,0.3,1,3,1,5,0.3069955628
15,0.6,0.6,1,1,6,5,0.1695471478
20,0.76889,0.71111,2.89,1.05,3.73,2,0.1061103751
2,0.7,0.9,1,9,7,5,0.3011765131
2,0.9,0.5,1,5,1,5,0.3184324593
15,0.29682,0.37045,4.9,2.17,2.95,1,0.8352278228
2,0.7,0.9,1,1,3,5,0.3136010359
2,0.7,0.3,1,9,3,5,0.290333049
2,0.1,0.7,1,7,9,5,0.3472064934
2,0.3,0.7,1,7,1,5,0.3535480437
2,0.1,0.7,1,1,9,5,0.3456039028
2,0.7,0.9,1,7,7,5,0.3005958541
21,0.1,0.1,1,1,1,1,0.5671328794
10,0.25837,0.12676,6.61,5.71,10.83,6.12,0.52946356
2,0.5,0.1,1,3,5,5,0.2679675261
2,0.9,0.1,1,3,7,5,0.2638059732
2,0.5,0.7,1,7,9,5,0.2983212192
2,0.7,0.5,1,9,3,5,0.3015756434
5,0.2,0.2,4,2,4,5,0.3980834262
2,0.9,0.7,1,7,1,5,0.3304854357
2,0.1,0.5,1,5,7,5,0.3429017093
15,0.2,0.2,2,2,4,5,0.3746630467
2,0.5,0.7,1,1,3,5,0.3153207353
2,0.7,0.3,1,9,7,5,0.2826867508
2,0.9,0.5,1,7,3,5,0.2954907935
2,0.7,0.1,1,7,1,5,0.2856200717
10,0.4,0.4,2,2,2,5,0.5405931504
5,0.6,0.1,1,1,1,5,0.1590639237
2,0.5,0.3,1,5,3,5,0.2945999732
2,0.5,0.5,1,5,9,5,0.2884542486
2,0.1,0.3,1,1,3,5,0.3432275842
25,0.63115,0.29074,4.76,3.77,3.73,3,0.2820883009
2,0.5,0.1,1,9,7,5,0.2761421338
2,0.9,0.5,1,9,1,5,0.3202786359
2,0.1,0.5,1,5,5,5,0.3487061111
5,0.1,0.1,1,6,1,5,0.5113652394
2,0.5,0.9,1,1,5,5,0.3120119135
15,0.4,0.4,4,2,2,5,0.6343554156
10,0.4,0.4,4,4,2,5,0.6808205131
10,0.35523,0.3797,1.26,10.8,8.3,8.44,0.3595121245
2,0.7,0.5,1,5,3,5,0.2998956834
15,0.61924,0.57352,3.19,2.3,1.62,3,0.6735967844
2,0.7,0.9,1,5,3,5,0.3183706726
2,0.5,0.3,1,5,7,5,0.2828753425
20,0.272,0.21072,9.12,1.09,4.47,3.95,0.3663559406
2,0.9,0.7,1,1,9,5,0.2749727469
2,0.7,0.9,1,5,1,5,0.345003743
21,0.5,0.375,1,2.8,5.5,1,0.5350330195
15,0.1,0.6,6,6,6,5,0.5956009754
2,0.7,0.3,1,5,7,5,0.2781335484
2,0.7,0.1,1,3,3,5,0.2680270179
2,0.9,0.1,1,9,5,5,0.2756523979
25,0.4036,0.2247,6.29,9.22,7.56,10.68,0.5371374704
2,0.3,0.7,1,1,1,5,0.3532810815
15,0.6,0.1,6,6,6,5,0.3371780416
2,0.1,0.7,1,5,9,5,0.3468060691
15,0.1,0.1,1,1,6,5,0.07703749294
2,0.9,0.1,1,7,7,5,0.2735102416
2,0.1,0.9,1,7,5,5,0.3530904873
2,0.7,0.7,1,3,9,5,0.2859320091
2,0.5,0.3,1,9,5,5,0.2895267505
15,0.6,0.6,6,6,1,5,0.6194486969
2,0.5,0.9,1,3,7,5,0.3074197563
2,0.9,0.5,1,7,1,5,0.3207009487
15,0.2,0.4,4,4,2,5,0.6358835629
21,0.5,0.375,2,2.8,5.5,1,0.6522622896
10,0.791,0.58563,9.32,4.51,10.07,3.01,0.6976680899
15,0.4,0.4,4,2,4,5,0.4693020464
5,0.4,0.2,2,2,4,5,0.2674143968
20,0.32992,0.21126,5.33,1.59,9.01,3.94,0.3061218474
2,0.1,0.3,1,3,1,5,0.3528594235
2,0.5,0.9,1,7,7,5,0.3093926795
2,0.7,0.5,1,9,5,5,0.2918601522
2,0.9,0.1,1,9,1,5,0.2868171196
2,0.3,0.1,1,9,5,5,0.281579535
21,0.5,0.375,6,2.8,5.5,8,0.4673406564
2,0.1,0.9,1,1,7,5,0.3531013372
2,0.1,0.3,1,5,5,5,0.3342588503
2,0.1,0.5,1,7,7,5,0.3435561658
2,0.9,0.5,1,1,7,5,0.2699232265
21,0.1,0.1,1,1,10,10,0.1234370329
21,2,2,0.2,0.2,0.2,0.2,0.5741657155
2,0.7,0.9,1,3,9,5,0.2938855685
2,0.7,0.9,1,1,7,5,0.2911006356
2,0.1,0.9,1,7,5,5,0.3530234526
10,0.1,0.1,6,1,6,5,0.1858241758
2,0.3,0.5,1,1,3,5,0.3232423793
2,0.9,0.7,1,1,5,5,0.2837908578
2,0.7,0.7,1,5,3,5,0.3096111181
2,0.9,0.9,1,7,3,5,0.3101320148
2,0.7,0.1,1,1,3,5,0.2586651442
15,0.4,0.2,2,4,2,5,0.5375797265
2,0.9,0.3,1,1,7,5,0.2623845395
15,0.78401,0.19744,2.01,3.62,1.63,4,0.1763597018
2,0.9,0.3,1,3,3,5,0.2797837292
2,0.9,0.7,1,1,3,5,0.2935908061
2,0.1,0.1,1,5,7,5,0.2917441168
2,0.9,0.3,1,3,9,5,0.2697103889
2,0.3,0.5,1,5,1,5,0.3502281942
2,0.1,0.7,1,5,9,5,0.3468750695
21,2,10,0.2,1,0.6,1,0.4453061889
5,0.16751,0.67739,2.32,10.26,3.25,8.54,0.5569174476
2,0.5,0.9,1,7,7,5,0.3097020381
15,0.31616,0.77279,8.41,2.63,7.54,9.81,0.6371519291
2,0.7,0.5,1,3,1,5,0.3244649333
2,0.1,0.3,1,9,7,5,0.3268106595
25,0.58082,0.20553,2.8,9.7,1.67,7.23,0.6563014881
5,0.2,0.4,4,4,4,5,0.547568353
15,0.5063,0.46749,1.77,3.48,4.57,1,0.6622186427
2,0.3,0.7,1,3,9,5,0.3112915905
2,0.3,0.1,1,5,1,5,0.3027504401
2,0.5,0.7,1,1,3,5,0.3146036812
2,0.1,0.7,1,7,1,5,0.3255602331
20,0.4716,0.39673,2.59,4.54,9.49,9.13,0.2815942771
2,0.9,0.9,1,9,5,5,0.2994037267
2,0.3,0.1,1,7,5,5,0.2805464353
2,0.9,0.1,1,5,7,5,0.2683662036
2,0.9,0.5,1,1,1,5,0.3098145317
2,0.1,0.7,1,9,1,5,0.3267795729
15,0.1,0.6,1,6,1,5,0.4199351182
2,0.7,0.9,1,5,5,5,0.307237487
10,0.2,0.4,2,4,2,5,0.6063384399
2,0.3,0.9,1,9,7,5,0.3272701391
10,0.6,0.1,1,1,1,5,0.07234828693
2,0.5,0.3,1,3,3,5,0.2912519253
21,0.5,0.375,10,2.8,5.5,9,0.5482762336
2,0.7,0.9,1,7,9,5,0.2961437918
2,0.5,0.3,1,5,7,5,0.2835825286
2,0.5,0.7,1,7,3,5,0.321484229
2,0.9,0.7,1,3,5,5,0.2883503987
10,0.4,0.4,4,4,2,5,0.6501362641
15,0.4,0.4,4,2,4,5,0.4930040002
5,0.2,0.4,4,4,2,5,0.560689805
2,0.1,0.9,1,1,9,5,0.3510403129
2,0.5,0.3,1,1,9,5,0.2702410188
2,0.7,0.9,1,9,3,5,0.3186523634
10,0.4,0.2,2,4,4,5,0.3505266969
2,0.3,0.3,1,1,9,5,0.2813705972
2,0.7,0.5,1,3,3,5,0.2972121148
2,0.1,0.1,1,5,7,5,0.2923798122
2,0.7,0.3,1,5,3,5,0.2865399082
2,0.9,0.7,1,1,7,5,0.278230713
2,0.1,0.9,1,5,7,5,0.3532331533
2,0.5,0.1,1,5,9,5,0.26949122
15,0.2,0.4,4,4,2,5,0.6302891348
5,0.6,0.6,1,1,1,5,0.4487105013
2,0.9,0.3,1,7,1,5,0.3031807007
10,0.8666,0.93606,4.2,4.92,10.73,10.71,0.3944544091
15,0.2,0.4,4,4,2,5,0.5875255004
2,0.1,0.5,1,7,5,5,0.3487950059
20,0.31279,0.58153,10.93,2.06,5.85,1.32,0.7398830031
2,0.9,0.7,1,1,5,5,0.2828423651
2,0.7,0.5,1,5,3,5,0.2999337189
2,0.1,0.7,1,5,1,5,0.3281809973
2,0.3,0.1,1,9,1,5,0.306616813
2,0.7,0.7,1,3,5,5,0.2961466757
2,0.9,0.1,1,9,5,5,0.2758331439
2,0.3,0.5,1,9,1,5,0.3509310118
10,0.4,0.4,4,2,2,5,0.5846160347
15,0.4,0.2,4,4,4,5,0.4943967758
2,0.3,0.7,1,9,7,5,0.3186518106
15,0.2,0.4,2,2,2,5,0.6422491982
2,0.3,0.9,1,3,7,5,0.3262205847
2,0.7,0.1,1,1,1,5,0.2691774414
2,0.3,0.9,1,5,5,5,0.3337421435
2,0.5,0.7,1,5,5,5,0.3082572461
25,0.45583,0.46729,4.26,3.86,4.4,4,0.706124322
2,0.1,0.9,1,5,7,5,0.3533356922
2,0.3,0.5,1,7,1,5,0.350650112
2,0.9,0.3,1,9,1,5,0.3045657709
25,0.57828,0.76269,5.07,6.07,2.01,7.42,0.6953323531
2,0.1,0.5,1,9,1,5,0.3402092857
10,0.48936,0.35386,7.64,5.05,1.49,4.56,0.7305305241
2,0.7,0.9,1,1,5,5,0.298762112
5,0.1,0.6,1,6,1,5,0.4323362299
10,0.4,0.4,4,2,4,5,0.4942762975
2,0.5,0.5,1,3,3,5,0.3079684641
2,0.9,0.5,1,1,7,5,0.2706860108
2,0.5,0.7,1,9,7,5,0.3034548727
2,0.9,0.5,1,7,5,5,0.2869580535
2,0.7,0.1,1,7,9,5,0.2737288496
2,0.5,0.3,1,9,9,5,0.2839727539
2,0.3,0.1,1,3,3,5,0.2787266369
2,0.1,0.9,1,1,5,5,0.3532577566
2,0.1,0.9,1,1,7,5,0.3530530621
2,0.3,0.3,1,3,1,5,0.3368872018
20,0.83287,0.31954,2.86,8.92,2.54,9.14,0.4765783356
15,0.2,0.4,4,2,2,5,0.6875329728
2,0.3,0.3,1,3,9,5,0.2873367425
2,0.1,0.9,1,1,7,5,0.353140278
2,0.1,0.7,1,5,1,5,0.3282205238
10,0.78548,0.11706,3.63,1.85,10.02,3.82,0.1034119934
2,0.1,0.9,1,7,1,5,0.314030099
2,0.9,0.7,1,3,1,5,0.3285204376
2,0.9,0.3,1,1,9,5,0.2607747117
2,0.9,0.7,1,7,9,5,0.2853060435
2,0.3,0.7,1,5,5,5,0.325841036
2,0.3,0.9,1,5,7,5,0.3264651947
2,0.7,0.7,1,1,7,5,0.2847541949
15,0.6,0.1,6,1,6,5,0.05307897346
21,0.1,1,1,10,10,100,0.5913371194
2,0.3,0.7,1,7,3,5,0.3388137032
2,0.1,0.5,1,5,7,5,0.3433256964
2,0.5,0.1,1,9,1,5,0.2947505205
2,0.7,0.9,1,7,1,5,0.3459342422
2,0.7,0.5,1,7,5,5,0.2924692292
2,0.7,0.7,1,9,1,5,0.3394968068
21,0.5,0.375,1,2.8,5.5,5,0.2910388205
2,0.7,0.1,1,7,7,5,0.2732434882
10,0.4,0.4,2,4,4,5,0.4997382556
15,0.1,0.1,6,1,6,5,0.1309661824
21,2,6,0.2,0.2,1,0.6,0.5027427874
2,0.1,0.5,1,9,1,5,0.3409166988
2,0.9,0.7,1,5,7,5,0.287319349
5,0.4,0.4,4,2,4,5,0.4174690126
2,0.9,0.5,1,5,5,5,0.2858625448
2,0.3,0.1,1,9,5,5,0.2818713516
2,0.3,0.5,1,9,5,5,0.3157437342
2,0.3,0.3,1,1,3,5,0.3019142384
2,0.5,0.9,1,1,5,5,0.3109969422
2,0.9,0.9,1,9,3,5,0.3116234065
2,0.3,0.7,1,1,5,5,0.3216200741
2,0.1,0.1,1,3,3,5,0.3065935028
2,0.3,0.5,1,1,3,5,0.322259793
2,0.3,0.3,1,1,5,5,0.2898927396
2,0.5,0.7,1,9,9,5,0.2979935112
5,0.6,0.6,1,6,1,5,0.5067824057
2,0.1,0.7,1,5,5,5,0.3530911501
2,0.1,0.1,1,5,5,5,0.2979703011
2,0.1,0.9,1,3,5,5,0.3529970963
25,0.23405,0.55656,10.74,4.08,4.81,5.39,0.7748168792
2,0.5,0.3,1,3,5,5,0.283486933
2,0.5,0.5,1,3,3,5,0.3074489837
15,0.2706,0.32787,10.99,5.59,8.52,9.89,0.632923136
2,0.3,0.7,1,5,7,5,0.3183003175
2,0.3,0.7,1,5,5,5,0.3256218559
15,0.6,0.6,6,1,6,5,0.1403503317
2,0.9,0.5,1,5,7,5,0.2820128094
5,0.2,0.2,2,4,2,5,0.48359519
2,0.7,0.7,1,7,3,5,0.3107178996
2,0.7,0.7,1,3,3,5,0.3082261013
2,0.5,0.1,1,3,3,5,0.2705141623
2,0.7,0.5,1,1,9,5,0.2740969194
2,0.5,0.5,1,7,5,5,0.2994101196
10,0.4,0.4,4,2,4,5,0.4557463926
2,0.7,0.1,1,3,9,5,0.2640659817
20,0.49021,0.54326,2.14,4.7,4.56,3,0.6027749847
2,0.3,0.9,1,9,3,5,0.3460862113
2,0.1,0.3,1,1,7,5,0.3232676344
2,0.7,0.9,1,9,7,5,0.3014757913
2,0.3,0.1,1,5,7,5,0.2761546597
2,0.7,0.9,1,7,3,5,0.3176511938
2,0.7,0.3,1,1,1,5,0.3008237646
2,0.5,0.9,1,5,1,5,0.351574618
2,0.7,0.9,1,5,9,5,0.2951052412
10,0.2,0.2,4,4,2,5,0.681816253
2,0.5,0.5,1,1,7,5,0.284869274
2,0.9,0.1,1,5,3,5,0.2718599472
2,0.7,0.9,1,9,9,5,0.297449557
2,0.9,0.1,1,1,7,5,0.2535856512
2,0.7,0.7,1,7,5,5,0.3002360192
2,0.3,0.5,1,7,3,5,0.3278708645
2,0.3,0.5,1,5,3,5,0.3274157146
2,0.3,0.1,1,5,5,5,0.2773852343
2,0.3,0.7,1,1,7,5,0.3125227844
2,0.1,0.1,1,3,1,5,0.3372865269
2,0.1,0.9,1,1,5,5,0.3532969095
2,0.7,0.9,1,1,7,5,0.2921750587
2,0.7,0.5,1,3,9,5,0.2813112071
2,0.7,0.3,1,5,5,5,0.2807197919
2,0.7,0.7,1,1,9,5,0.2796967999
2,0.1,0.5,1,3,1,5,0.3418778414
15,0.2,0.4,4,2,4,5,0.6510935143
2,0.1,0.5,1,5,5,5,0.349141632
2,0.7,0.1,1,1,5,5,0.2551806684
2,0.9,0.5,1,5,9,5,0.2784532233
5,0.4,0.2,2,2,4,5,0.2746276917
5,0.38841,0.63237,2.18,9.26,6.21,8.08,0.407499946
2,0.7,0.9,1,1,3,5,0.3125924031
2,0.9,0.9,1,9,9,5,0.2906570013
2,0.5,0.7,1,3,9,5,0.2963453368
25,0.52119,0.1729,9.58,1.75,4.07,8.23,0.2680191155
2,0.3,0.5,1,3,7,5,0.3051330235
2,0.7,0.5,1,7,9,5,0.2844063001
2,0.7,0.5,1,5,1,5,0.3277800407
2,0.3,0.5,1,9,5,5,0.3157949894
10,0.1,0.6,6,6,1,5,0.3974229981
2,0.5,0.9,1,1,7,5,0.3043789249
2,0.9,0.1,1,3,7,5,0.2626136382
2,0.3,0.3,1,7,5,5,0.2996592891
10,0.4,0.2,2,4,4,5,0.4061137381
10,0.6,0.1,1,6,6,5,0.2423223363
2,0.7,0.5,1,3,7,5,0.2824541462
2,0.3,0.7,1,1,5,5,0.3218192957
2,0.9,0.1,1,3,3,5,0.2653014139
2,0.7,0.3,1,9,1,5,0.3113079935
2,0.9,0.7,1,1,1,5,0.3248691516
2,0.9,0.3,1,3,7,5,0.2696828397
2,0.3,0.7,1,3,7,5,0.3166444194
2,0.1,0.1,1,9,5,5,0.3002874945
15,0.2,0.4,4,2,2,5,0.6314104645
2,0.9,0.7,1,5,5,5,0.2922980197
2,0.7,0.5,1,5,3,5,0.2998080425
2,0.9,0.5,1,9,1,5,0.3210121424
5,0.4,0.2,4,4,4,5,0.4300043413
10,0.32045,0.93036,5.4,5.52,9.34,3.95,0.7271135728
2,0.5,0.9,1,7,3,5,0.3304587256
2,0.5,0.9,1,1,1,5,0.3477812253
5,0.6,0.1,6,6,1,5,0.3701260044
15,0.1,0.1,1,6,1,5,0.6021485883
10,0.4,0.2,4,4,4,5,0.4874378727
2,0.7,0.9,1,9,7,5,0.3007161692
2,0.1,0.5,1,9,5,5,0.3495312961
2,0.1,0.5,1,1,5,5,0.3475682558
2,0.3,0.5,1,9,9,5,0.3032728678
2,0.5,0.5,1,1,9,5,0.2820874268
2,0.5,0.7,1,3,3,5,0.3186151963
2,0.3,0.5,1,9,1,5,0.3509317218
2,0.9,0.5,1,1,5,5,0.2743631077
15,0.6,0.1,1,1,6,5,0.04925554071
5,0.6,0.6,6,1,1,5,0.4550767595
2,0.5,0.7,1,3,3,5,0.3191624253
2,0.3,0.5,1,1,3,5,0.3228791956
2,0.7,0.5,1,3,5,5,0.2880924145
21,2,2,0.2,1,0.2,0.6,0.5909974732
2,0.3,0.1,1,1,9,5,0.2613895957
25,0.80184,0.98539,7.73,4.88,4.5,5.65,0.74538627
10,0.6,0.1,1,1,1,5,0.1165578595
5,0.4,0.4,4,2,2,5,0.4661865265
2,0.7,0.9,1,5,5,5,0.305715635
2,0.7,0.5,1,5,5,5,0.2901034959
5,0.6069,0.68253,1.22,2.93,4.63,4,0.3485692852
2,0.9,0.1,1,3,5,5,0.2636939435
2,0.5,0.5,1,3,3,5,0.3060003469
2,0.9,0.7,1,7,1,5,0.3312341625
5,0.31528,0.80132,10.16,6.24,3.08,6.96,0.5804061103
21,0.1,0.1,1,1,100,1,0.1577178086
2,0.1,0.3,1,1,9,5,0.318013109
5,0.4,0.2,4,2,2,5,0.3545329057
2,0.1,0.3,1,3,9,5,0.3190790417
5,0.6,0.1,1,6,6,5,0.261973119
2,0.3,0.5,1,1,1,5,0.3484073889
5,0.2,0.4,4,2,2,5,0.5443604662
2,0.9,0.3,1,7,1,5,0.3048665265
2,0.7,0.1,1,7,1,5,0.2868607696
5,0.2,0.4,4,4,2,5,0.546415439
2,0.3,0.3,1,5,7,5,0.2937197262
10,0.2,0.4,4,4,2,5,0.632056395
5,0.6,0.1,1,1,1,5,0.1445727361
2,0.7,0.9,1,9,9,5,0.2966842594
2,0.5,0.5,1,7,5,5,0.2994092524
15,0.1,0.6,1,6,1,5,0.4142463701
2,0.1,0.5,1,1,9,5,0.3358493711
5,0.4,0.2,2,2,4,5,0.2763690056
2,0.9,0.7,1,5,1,5,0.3294900669
2,0.1,0.5,1,3,3,5,0.3533546576
2,0.1,0.9,1,9,9,5,0.3516275743
2,0.9914,0.55491,1.78,10.61,5.63,1.78,0.3290348695
2,0.9771,0.55789,3.19,3.18,7.76,10.88,0.2904810725
21,0.5,0.375,3,2.8,5.5,1,0.7216896971
2,0.9,0.3,1,3,5,5,0.2734953576
2,0.9,0.1,1,3,5,5,0.2634087973
2,0.1,0.1,1,9,3,5,0.3115198736
2,0.3,0.9,1,3,7,5,0.3259232227
2,0.5,0.1,1,3,7,5,0.2662305452
2,0.9,0.5,1,9,7,5,0.284331665
21,0.5,0.375,1,2.8,5.5,7,0.2548147087
2,0.7,0.5,1,5,9,5,0.2838373344
5,0.2,0.2,4,2,4,5,0.4235790037
2,0.7,0.3,1,5,1,5,0.3109362406
5,0.2,0.4,4,2,4,5,0.511259135
2,0.9,0.5,1,7,5,5,0.2869470415
2,0.3,0.3,1,5,9,5,0.2896935165
2,0.7,0.1,1,5,9,5,0.2677477192
2,0.3,0.7,1,7,3,5,0.3384652351
10,0.4,0.4,4,4,2,5,0.6869678325
5,0.6,0.6,1,1,1,5,0.4699657524
2,0.7,0.3,1,7,7,5,0.2806940821
15,0.6,0.1,1,6,6,5,0.2050737747
2,0.7,0.5,1,5,3,5,0.2989346836
2,0.55247,0.27897,6.89,2.97,2.86,5.81,0.3198878778
2,0.64117,0.57982,3.82,10.95,1.94,2.53,0.3478876434
2,0.5,0.3,1,7,3,5,0.2968226003
20,0.24382,0.17274,9.21,2.82,5.8,4.21,0.610039588
5,0.4,0.4,4,2,4,5,0.4121199327
2,0.5,0.1,1,1,5,5,0.2584769429
15,0.74966,0.60151,1.24,1.5,6.42,3.62,0.1853647343
2,0.1,0.5,1,9,1,5,0.3397553296
5,0.85939,0.23541,9.43,7.88,1.69,9.08,0.487669689
15,0.1,0.6,6,1,6,5,0.6428082438
15,0.2,0.2,2,4,4,5,0.4525772892
2,0.1,0.5,1,1,5,5,0.3474239699
5,0.6,0.6,1,6,6,5,0.3125371885
2,0.1,0.9,1,7,9,5,0.3514541621
2,0.1,0.1,1,3,5,5,0.2966374357
15,0.24085,0.97305,9.74,8.69,5.13,8.4,0.7031241722
2,0.7,0.3,1,5,7,5,0.2773087366
2,0.1,0.9,1,1,7,5,0.353183527
2,0.3,0.9,1,5,9,5,0.3202461642
2,0.1,0.9,1,7,9,5,0.3517521499
2,0.1,0.7,1,5,5,5,0.3532248487
21,2,10,0.2,0.6,1,0.2,0.43848827
15,0.1,0.6,1,6,6,5,0.5954717732
2,0.3,0.9,1,7,7,5,0.3270032485
10,0.1,0.6,6,1,1,5,0.4472309502
2,0.7,0.5,1,5,3,5,0.2982650585
2,0.9,0.3,1,1,5,5,0.2659598029
2,0.7,0.5,1,7,1,5,0.3280894458
2,0.3,0.9,1,1,7,5,0.3236204504
2,0.3,0.3,1,3,3,5,0.3075329619
2,0.7,0.7,1,9,5,5,0.2997517454
2,0.1,0.7,1,3,3,5,0.3518849188
2,0.5,0.7,1,3,3,5,0.3200829922
10,0.93751,0.55185,4.18,7.48,1.78,8.35,0.5869019599
10,0.1,0.1,6,1,6,5,0.2748727511
2,0.7,0.7,1,5,7,5,0.2934182695
2,0.9,0.9,1,5,5,5,0.298540153
10,0.2,0.4,2,4,4,5,0.6351264701
20,0.12007,0.23328,1.54,1.73,4.24,1,0.8169948822
2,0.3,0.9,1,5,9,5,0.3209247687
2,0.3,0.1,1,7,9,5,0.2759917567
2,0.1,0.9,1,3,5,5,0.3529172662
2,0.1,0.1,1,3,1,5,0.3370005586
2,0.9,0.9,1,7,9,5,0.2908137632
2,0.1,0.7,1,9,1,5,0.3274643031
2,0.1,0.9,1,1,5,5,0.3531890819
2,0.3,0.3,1,7,5,5,0.3009042992
2,0.3,0.7,1,5,7,5,0.3182983943
2,0.1,0.1,1,1,1,5,0.3324659329
5,0.62857,0.72262,2.3,3.44,3.45,3,0.4616909377
2,0.7,0.7,1,7,9,5,0.2911128919
2,0.3,0.9,1,9,1,5,0.3523194579
2,0.7,0.3,1,1,1,5,0.3028823661
2,0.3,0.7,1,5,9,5,0.3127890407
2,0.3,0.9,1,3,9,5,0.3206708599
2,0.1,0.5,1,3,9,5,0.3379042222
2,0.1,0.3,1,1,9,5,0.3181721897
2,0.1,0.1,1,7,9,5,0.2913870749
2,0.9,0.9,1,3,3,5,0.3070334903
2,0.9,0.5,1,9,3,5,0.2965038893
2,0.9,0.5,1,5,9,5,0.2801261821
2,0.1,0.5,1,5,3,5,0.3534124806
21,0.5,0.375,6,2.8,5.5,3,0.6431219701
2,0.31279,0.29319,6.46,1.88,4.77,8.34,0.3146114748
10,0.30958,0.1959,1.72,5.3,8.37,6.59,0.3412180046
2,0.3,0.1,1,5,9,5,0.2747266605
2,0.1,0.1,1,7,5,5,0.298464884
2,0.3,0.3,1,7,7,5,0.2935235581
2,0.7,0.9,1,1,9,5,0.2886153493
15,0.1,0.1,1,1,6,5,0.0750330445
2,0.3,0.3,1,3,9,5,0.2870099852
2,0.1,0.5,1,7,9,5,0.3380657904
2,0.1,0.7,1,5,9,5,0.3476463252
15,0.31668,0.17828,4.22,2.42,2.75,1.2,0.6254394008
2,0.9,0.7,1,1,7,5,0.2780010094
2,0.3,0.5,1,5,9,5,0.3015097917
5,0.4,0.2,4,4,4,5,0.4234612876
2,0.1,0.3,1,1,1,5,0.3530046853
2,0.7,0.3,1,1,7,5,0.2657934687
25,0.42573,0.67143,4.61,1.31,4.09,2,0.684896239
5,0.85775,0.21143,7.08,8.71,5.24,1.47,0.5188813744
2,0.7,0.7,1,9,1,5,0.3388528646
2,0.1,0.7,1,1,1,5,0.3299845513
15,0.6,0.1,6,6,1,5,0.4655155517
10,0.11048,0.22238,4.69,2.21,3.42,4,0.7011321223
2,0.9,0.9,1,1,3,5,0.3011303468
15,0.4,0.4,4,4,4,5,0.617462277
2,0.1,0.1,1,3,1,5,0.336351065
15,0.4,0.4,2,2,2,5,0.5584202277
2,0.7,0.9,1,5,1,5,0.3446865004
10,0.6,0.1,6,1,1,5,0.07581790095
21,0.5,0.375,10,2.8,5.5,5,0.6517534544
2,0.1,0.7,1,3,7,5,0.3506951057
2,0.1,0.1,1,3,7,5,0.291508305
5,0.6,0.6,1,6,1,5,0.5094360527
2,0.7,0.3,1,3,1,5,0.3076663544
2,0.3,0.3,1,5,3,5,0.3093236812
2,0.9,0.3,1,9,7,5,0.2786334616
5,0.2,0.2,2,2,4,5,0.3457079237
2,0.5,0.5,1,7,9,5,0.2906183306
2,0.1,0.7,1,5,7,5,0.3506443713
2,0.9,0.1,1,3,7,5,0.2633847564
2,0.1,0.9,1,3,3,5,0.3458815408
2,0.9,0.3,1,9,9,5,0.2780960803
5,0.37654,0.89109,8.82,4.21,2.22,1.88,0.498582284
2,0.3,0.9,1,3,9,5,0.3194190534
2,0.5,0.1,1,1,1,5,0.2780608841
2,0.5,0.5,1,3,5,5,0.2962584532
2,0.5,0.9,1,9,1,5,0.3520579221
2,0.5,0.3,1,3,5,5,0.2831159388
20,0.7297,0.45037,1.09,7.18,2.49,10.72,0.3075595432
2,0.1,0.7,1,3,7,5,0.3504480751
5,0.96016,0.21504,5.42,5.04,9.16,9.59,0.3439821366
2,0.50552,0.55431,7.87,4.93,9.17,3.24,0.3440988916
25,0.68345,0.33883,6.36,1.68,1.53,7.02,0.3991847402
2,0.3,0.3,1,3,1,5,0.3368037513
2,0.7,0.1,1,7,5,5,0.2741063676
2,0.1,0.9,1,7,3,5,0.3464185845
10,0.90685,0.5233,2.24,2.92,3.61,1,0.4322616565
15,0.2,0.4,2,2,2,5,0.7080519759
2,0.7,0.5,1,9,9,5,0.286751377
2,0.7,0.5,1,7,9,5,0.2858352768
2,0.3,0.3,1,1,5,5,0.29007598
2,0.9,0.5,1,3,7,5,0.2778756134
2,0.5,0.1,1,9,9,5,0.2771207715
2,0.5,0.3,1,9,5,5,0.2893322182
2,0.3,0.3,1,5,5,5,0.2984021396
2,0.5,0.3,1,7,5,5,0.2886804794
5,0.4,0.4,4,4,4,5,0.485131462
15,0.6,0.1,6,6,1,5,0.550905282
2,0.9,0.5,1,5,5,5,0.2857849205
2,0.9,0.1,1,1,3,5,0.2555626516
2,0.9,0.7,1,7,1,5,0.3316422541
2,0.7,0.5,1,1,1,5,0.3197696553
21,0.5,0.375,1,2.8,5.5,2,0.4138658476
2,0.5,0.3,1,1,5,5,0.2771139952
2,0.3,0.9,1,1,5,5,0.3316610161
2,0.3,0.1,1,9,9,5,0.2771532363
2,0.7,0.5,1,7,7,5,0.2888575604
2,0.7,0.9,1,1,7,5,0.293135645
2,0.1,0.9,1,5,9,5,0.3519268626
2,0.9,0.9,1,7,3,5,0.3103950314
2,0.3,0.5,1,9,1,5,0.3515600807
2,0.7,0.9,1,5,7,5,0.2996340594
10,0.6,0.6,1,1,6,5,0.1089060807
25,0.73722,0.80273,6.99,4.42,10.5,2.57,0.8236356182
2,0.1,0.5,1,3,7,5,0.3421602019
2,0.5,0.1,1,1,7,5,0.2578718765
2,0.5,0.7,1,9,9,5,0.2990351418
2,0.5,0.3,1,1,9,5,0.2702815171
2,0.5,0.3,1,9,9,5,0.2840244542
2,0.3,0.9,1,7,1,5,0.3524992822
2,0.9,0.1,1,3,3,5,0.2651607888
10,0.75406,0.81013,4.6,3.08,4.08,1,0.7502962786
2,0.9,0.3,1,7,9,5,0.2769062868
2,0.5,0.7,1,5,3,5,0.3205067781
21,0.1,0.1,1,10,10,100,0.1550252385
2,0.1,0.5,1,7,3,5,0.3534927877
2,0.3,0.3,1,9,3,5,0.310881012
2,0.3,0.5,1,3,7,5,0.3057763422
2,0.1,0.3,1,5,7,5,0.3265424986
2,0.1,0.1,1,7,1,5,0.3386145989
2,0.7,0.5,1,5,3,5,0.2996821069
10,0.84409,0.33852,7.84,4.54,5.01,5.33,0.5111352542
2,0.7,0.5,1,5,7,5,0.2870090261
15,0.96653,0.42554,2.91,9.6,6.64,6.13,0.5294311972
2,0.5,0.5,1,5,7,5,0.292348871
2,0.1,0.1,1,3,5,5,0.295181489
2,0.5,0.7,1,9,9,5,0.2985512991
25,0.59106,0.5906,10.55,2.14,4.82,2.62,0.7641196774
2,0.7,0.3,1,5,5,5,0.2807005616
2,0.3,0.9,1,3,3,5,0.3445906235
5,0.2,0.4,2,4,4,5,0.5028437234
2,0.9,0.5,1,1,3,5,0.2825581455
2,0.7,0.1,1,5,3,5,0.2741347711
2,0.5,0.3,1,5,1,5,0.3206336716
5,0.2,0.2,2,2,4,5,0.3378630677
5,0.1,0.6,1,1,1,5,0.4307087552
2,0.7,0.3,1,7,5,5,0.2831294795
2,0.9,0.3,1,7,9,5,0.2772649351
15,0.1,0.6,6,1,1,5,0.4251606097
2,0.7,0.9,1,9,1,5,0.3455849394
5,0.80168,0.43376,6.94,6.24,3.81,5.98,0.5030136746
10,0.1,0.6,6,6,6,5,0.6633498755
2,0.1,0.1,1,9,9,5,0.2913142962
2,0.3,0.9,1,5,3,5,0.3456776175
10,0.1,0.1,6,6,6,5,0.5905708389
2,0.9,0.7,1,1,3,5,0.2939584441
2,0.9,0.3,1,5,9,5,0.2749332797
2,0.3,0.3,1,5,1,5,0.3385017869
2,0.3,0.7,1,9,3,5,0.3385391248
2,0.3,0.5,1,9,3,5,0.327897592
2,0.3,0.1,1,3,1,5,0.2995779111
2,0.5,0.1,1,3,7,5,0.2663004434
2,0.7,0.5,1,5,7,5,0.2856295368
2,0.3,0.7,1,1,5,5,0.322679748
2,0.3,0.7,1,1,7,5,0.3132838986
2,0.3,0.9,1,1,1,5,0.3531588999
2,0.7,0.5,1,3,9,5,0.2808962452
10,0.2,0.4,4,4,4,5,0.7169959304
2,0.9,0.5,1,3,1,5,0.3166180784
2,0.9,0.5,1,1,3,5,0.2829511191
2,0.7,0.7,1,9,5,5,0.3006860641
20,0.57892,0.60882,9.01,4.12,4.87,8.04,0.6735042062
2,0.1,0.7,1,7,9,5,0.3472587202
2,0.3,0.7,1,1,1,5,0.3532678061
15,0.2,0.2,4,4,4,5,0.608826832
2,0.3,0.5,1,3,7,5,0.3040121613
2,0.3,0.9,1,5,1,5,0.3525211796
15,0.6,0.6,6,6,1,5,0.6835132075
2,0.9,0.5,1,1,1,5,0.311080038
2,0.9,0.5,1,5,3,5,0.2921892976
2,0.7,0.9,1,9,9,5,0.29693922
21,2,6,0.2,0.2,0.6,1,0.5045522008
10,0.2,0.4,2,2,4,5,0.5967718789
2,0.9,0.7,1,5,5,5,0.2912286697
2,0.3,0.9,1,3,7,5,0.3258449958
2,0.9,0.9,1,7,9,5,0.2907024637
2,0.1,0.9,1,9,9,5,0.3517399251
2,0.5,0.7,1,5,7,5,0.3022920039
2,0.1,0.1,1,3,9,5,0.2865109257
2,0.3,0.1,1,3,5,5,0.2729649287
2,0.9,0.7,1,9,1,5,0.3303764633
2,0.1,0.3,1,7,7,5,0.3274539625
2,0.5,0.1,1,5,3,5,0.2758597249
2,0.5,0.7,1,1,7,5,0.295440206
2,0.5,0.1,1,5,1,5,0.2895314169
2,0.3,0.1,1,7,5,5,0.2800695217
5,0.42895,0.22017,2.5,3.67,2.31,4,0.373668418
2,0.5,0.9,1,1,1,5,0.3477392126
10,0.70978,0.49294,1.69,3.4,3.45,4,0.3851967872
2,0.3,0.9,1,9,7,5,0.3268537842
2,0.1,0.9,1,7,7,5,0.3532907981
2,0.1,0.9,1,5,3,5,0.3460708658
2,0.9,0.7,1,9,7,5,0.2902207095
2,0.3,0.3,1,7,7,5,0.2940248857
15,0.1,0.6,6,6,6,5,0.6060231195
2,0.1,0.7,1,3,3,5,0.3519363094
2,0.9,0.9,1,9,5,5,0.3008956287
2,0.7,0.7,1,5,5,5,0.2989691811
2,0.5,0.1,1,7,3,5,0.2792101498
2,0.7,0.7,1,7,1,5,0.3385826536
2,0.1,0.5,1,3,3,5,0.3533063273
2,0.5,0.5,1,3,7,5,0.2908781362
2,0.5,0.1,1,7,3,5,0.2792144598
2,0.7,0.1,1,1,5,5,0.2563034797
2,0.9,0.5,1,5,5,5,0.2843674333
10,0.2,0.4,4,4,2,5,0.634688589
2,0.9,0.9,1,9,9,5,0.2923775106
2,0.5,0.9,1,9,1,5,0.3517352691
15,0.91052,0.42152,3.28,10.13,1.02,9.38,0.7010774444
2,0.78894,0.50289,3.42,10.83,10.56,1.52,0.3402970703
15,0.2,0.2,4,2,2,5,0.6217767545
2,0.3,0.7,1,1,9,5,0.3076211416
2,0.7,0.9,1,1,9,5,0.2874513726
2,0.5,0.1,1,5,7,5,0.2716148281
2,0.3,0.1,1,5,5,5,0.2767992449
2,0.90826,0.62021,7.83,6.1,4.97,9.88,0.3245178111
2,0.1,0.5,1,3,5,5,0.3485058108
2,0.3,0.3,1,9,5,5,0.2996591149
15,0.86411,0.97764,4.17,10.94,7.76,7.82,0.6011273463
25,0.54143,0.98736,9.59,6.17,4.16,9.33,0.8121866133
2,0.9,0.3,1,1,3,5,0.2706462735
2,0.5,0.1,1,9,3,5,0.282151785
10,0.4,0.4,2,4,4,5,0.5117657894
2,0.7,0.3,1,9,3,5,0.2908156685
5,0.6,0.1,1,6,1,5,0.2789758787
10,0.1,0.6,6,1,1,5,0.4230833356
2,0.9,0.1,1,9,9,5,0.2772123713
2,0.3,0.3,1,1,3,5,0.3015956635
2,0.9,0.1,1,5,7,5,0.2690471184
2,0.3,0.3,1,3,5,5,0.2949773205
2,0.7,0.9,1,3,5,5,0.3028031399
2,0.9,0.1,1,5,1,5,0.2790297294
10,0.2683,0.22045,3.3,7.96,8.78,7.31,0.4728712905
10,0.6499,0.54259,3.11,1.04,1.14,1,0.3336632394
25,0.4215,0.1636,4.36,1.62,4.19,1,0.2745309751
2,0.3,0.9,1,7,5,5,0.3348839253
2,0.5,0.3,1,7,3,5,0.2957360495
2,0.5,0.5,1,3,5,5,0.2969123292
2,0.3,0.5,1,9,1,5,0.3507742564
2,0.1,0.9,1,3,7,5,0.3532756549
2,0.3,0.7,1,7,7,5,0.3183347595
2,0.9,0.7,1,9,5,5,0.2958144059
2,0.9,0.7,1,9,9,5,0.2869354266
2,0.9,0.3,1,3,7,5,0.2702969837
21,0.5,0.375,6,2.8,5.5,6,0.5331129097
5,0.4,0.4,4,2,4,5,0.3980900772
2,0.1,0.9,1,5,9,5,0.3516959437
2,0.5,0.9,1,3,5,5,0.3158525405
2,0.5,0.1,1,7,3,5,0.2797426721
2,0.9,0.7,1,5,3,5,0.3014228416
2,0.1,0.9,1,7,5,5,0.3530355374
20,0.12114,0.87286,3.92,5.07,9.19,4.92,0.6326766635
15,0.43768,0.40329,5.92,8.29,2.09,3.03,0.7195186629
21,0.5,0.375,7,2.8,5.5,10,0.4577866764
2,0.5,0.5,1,3,5,5,0.2957918432
21,2,2,0.2,0.2,0.6,0.6,0.5825748349
15,0.2,0.4,2,4,4,5,0.6885717342
21,0.5,0.375,4,2.8,5.5,2,0.652320675
2,0.5,0.5,1,1,9,5,0.2811977014
2,0.9,0.1,1,7,5,5,0.2738981109
2,0.3,0.9,1,9,9,5,0.3221759611
2,0.3,0.9,1,1,9,5,0.3179132225
2,0.7,0.3,1,3,9,5,0.2719754467
2,0.9,0.5,1,3,1,5,0.3165604265
10,0.4,0.2,4,4,4,5,0.5109138494
2,0.9,0.1,1,7,3,5,0.2757197702
2,0.9,0.1,1,9,1,5,0.28666262
2,0.1,0.7,1,7,5,5,0.3533725737
2,0.9721,0.52316,1.82,10.11,2.01,3.06,0.3277206864
2,0.1,0.1,1,7,7,5,0.2931276296
2,0.7,0.9,1,9,7,5,0.3003579372
20,0.39046,0.14119,4.82,9.7,8.86,1.9,0.8394654651
2,0.3,0.7,1,5,3,5,0.3385933007
2,0.5,0.9,1,1,9,5,0.2976271934
10,0.2,0.4,4,2,2,5,0.6758648857
2,0.7,0.1,1,3,1,5,0.2789573433
2,0.1,0.9,1,7,9,5,0.3519318695
15,0.4,0.2,2,2,2,5,0.2514477919
15,0.4,0.4,2,2,4,5,0.4406638237
2,0.9,0.9,1,1,5,5,0.2915969904
2,0.5,0.5,1,1,7,5,0.283825506
10,0.2,0.4,2,4,2,5,0.6068243724
2,0.9,0.9,1,5,5,5,0.2980950564
2,0.5,0.7,1,1,1,5,0.3450263045
2,0.7,0.9,1,7,5,5,0.3071252599
2,0.3,0.7,1,9,7,5,0.3182985341
2,0.1,0.7,1,3,7,5,0.3504196001
2,0.7,0.9,1,9,3,5,0.3180543758
15,0.72027,0.67912,7.89,8.88,10.64,5.36,0.6832719615
2,0.9,0.1,1,1,9,5,0.2529636496
2,0.5,0.1,1,3,1,5,0.286095146
2,0.7,0.3,1,3,5,5,0.2779269051
2,0.9,0.5,1,3,1,5,0.3173007161
2,0.5,0.7,1,1,9,5,0.2905356973
25,0.3812,0.17949,10.99,3.15,5.64,10.72,0.3839429306
10,0.6,0.6,6,1,6,5,0.1979271705
2,0.1,0.1,1,9,1,5,0.3394672047
2,0.3,0.3,1,5,9,5,0.2886864436
2,0.5,0.3,1,7,5,5,0.2875217348
5,0.6546,0.39611,3.24,2.3,1.42,2,0.434155828
2,0.5,0.3,1,5,9,5,0.2810241392
2,0.5,0.3,1,1,3,5,0.2842662291
2,0.7,0.1,1,1,1,5,0.2706275566
2,0.9,0.9,1,5,7,5,0.2929547887
21,0.5,0.375,3,2.8,5.5,10,0.3308062143
2,0.5,0.9,1,1,5,5,0.3113178566
2,0.9,0.9,1,5,3,5,0.3090210383
2,0.3,0.1,1,9,1,5,0.304311099
2,0.5,0.1,1,7,9,5,0.2732200562
10,0.1,0.1,6,6,6,5,0.5898554558
2,0.7,0.3,1,7,9,5,0.2781038469
5,0.2,0.4,2,4,4,5,0.5035541225
5,0.2,0.2,4,4,2,5,0.5226624794
2,0.3,0.7,1,9,1,5,0.3535463654
20,0.49348,0.44091,4.15,4.12,4.18,3,0.7201148081
2,0.1,0.9,1,5,1,5,0.3146050597
20,0.58507,0.9117,8.43,6.2,2.63,2.71,0.7369815501
2,0.5,0.7,1,7,3,5,0.3230143827
2,0.9,0.1,1,1,7,5,0.2538952388
2,0.3,0.7,1,7,9,5,0.3128215989
2,0.1,0.1,1,7,3,5,0.3104190616
2,0.3,0.7,1,9,7,5,0.3186561692
2,0.5,0.9,1,9,3,5,0.3299552031
5,0.33381,0.67919,5.07,3.82,10.1,5.84,0.466126762
2,0.7,0.1,1,9,7,5,0.2766950491
2,0.5,0.7,1,5,9,5,0.2964158875
10,0.1,0.1,1,1,1,5,0.5651179464
2,0.7,0.9,1,3,9,5,0.2926250414
2,0.5,0.9,1,9,1,5,0.3520405009
2,0.3,0.9,1,7,5,5,0.3352205705
2,0.9,0.5,1,7,1,5,0.3208312934
25,0.52452,0.49562,4.94,1.16,2.42,3,0.03246753388
2,0.7,0.7,1,7,7,5,0.2941170265
2,0.9,0.9,1,5,5,5,0.2981492184
2,0.9,0.7,1,5,3,5,0.3016964511
2,0.7,0.9,1,3,9,5,0.2932526646
2,0.3,0.9,1,9,7,5,0.3274012682
15,0.2,0.4,2,4,2,5,0.7169073084
2,0.9,0.9,1,7,3,5,0.3101893451
15,0.6,0.6,1,1,1,5,0.6199868905
2,0.7,0.7,1,9,5,5,0.3005410563
2,0.7,0.3,1,3,1,5,0.3082483749
2,0.3,0.5,1,9,9,5,0.3039318254
21,0.5,0.375,8,2.8,5.5,6,0.5721867777
2,0.5,0.3,1,1,5,5,0.2764753828
15,0.4,0.4,4,4,2,5,0.7645060969
15,0.4,0.4,2,2,2,5,0.500547714
2,0.5,0.9,1,5,3,5,0.3282500646
5,0.18521,0.95545,4.96,4.17,3.66,3,0.5233964478
2,0.5,0.5,1,7,3,5,0.311513445
2,0.9,0.9,1,7,1,5,0.3387393121
2,0.3,0.7,1,7,1,5,0.3535445995
2,0.7,0.9,1,9,5,5,0.3076093662
2,0.3,0.1,1,1,5,5,0.265815999
10,0.4,0.2,4,4,4,5,0.4491738457
15,0.1,0.1,6,6,1,5,0.6264015596
2,0.1,0.1,1,7,9,5,0.2905996016
15,0.2,0.4,2,2,4,5,0.6133110827
2,0.9,0.1,1,7,5,5,0.2742824645
2,0.5,0.7,1,9,5,5,0.3099708559
10,0.1,0.1,1,6,6,5,0.3115656822
5,0.6,0.6,6,1,6,5,0.2681966101
2,0.7,0.7,1,7,3,5,0.3107833209
2,0.3,0.5,1,1,3,5,0.3224021765
2,0.9,0.5,1,9,9,5,0.2817737879
2,0.7,0.7,1,9,3,5,0.3118587366
2,0.9,0.5,1,9,9,5,0.2826058444
2,0.3,0.9,1,9,9,5,0.3219940102
2,0.9,0.1,1,9,5,5,0.2771534206
2,0.1,0.1,1,1,9,5,0.2812107457
2,0.1,0.3,1,5,1,5,0.3522126317
2,0.7,0.1,1,5,5,5,0.2715123117
2,0.3,0.5,1,3,5,5,0.3125185797
2,0.3,0.1,1,1,3,5,0.2701988017
5,0.2,0.4,2,2,4,5,0.4575574005
2,0.7,0.5,1,7,5,5,0.292198464
2,0.9,0.3,1,7,5,5,0.2802329437
2,0.5,0.5,1,9,9,5,0.2915930557
2,0.1,0.3,1,5,3,5,0.3455700961
5,0.14919,0.60248,3.28,1.6,1.75,4,0.519088948
2,0.1,0.5,1,7,3,5,0.3533922402
15,0.2,0.4,4,4,4,5,0.6719705011
2,0.27967,0.44206,4.97,8.67,2.85,8.08,0.3446798688
2,0.3,0.7,1,1,7,5,0.3138529321
2,0.3,0.9,1,3,5,5,0.333934515
2,0.5,0.9,1,3,1,5,0.35091727
2,0.9,0.7,1,1,7,5,0.2786915887
20,0.47188,0.88911,3.65,1.52,3.18,2,0.8410363889
5,0.5164,0.62742,7.41,8.47,4.99,7.9,0.5291197802
2,0.1,0.5,1,9,7,5,0.3431323109
25,0.91417,0.26345,3.48,2.75,4.23,3,0.05533065031
2,0.7,0.9,1,1,3,5,0.3116140582
5,0.2,0.2,4,2,4,5,0.4184750791
21,2,10,0.2,1,0.2,0.6,0.4435076113
2,0.1,0.3,1,9,9,5,0.3217447165
2,0.9,0.9,1,9,1,5,0.3378119168
2,0.1,0.1,1,5,5,5,0.297668301
10,0.2,0.2,2,2,2,5,0.4561919748
2,0.5,0.1,1,3,9,5,0.26522073
2,0.5,0.7,1,9,7,5,0.303144161
5,0.1,0.6,1,1,6,5,0.5305454523
2,0.1,0.1,1,3,9,5,0.2894461882
2,0.9,0.5,1,1,1,5,0.3100950833
2,0.7,0.3,1,3,1,5,0.3069630189
2,0.9,0.9,1,1,5,5,0.2918142226
2,0.7,0.5,1,5,1,5,0.3270409556
10,0.6,0.6,6,1,6,5,0.2223046071
2,0.7,0.7,1,3,5,5,0.2954707523
2,0.1,0.9,1,9,9,5,0.3520417452
15,0.2,0.2,2,2,4,5,0.342554325
2,0.7,0.1,1,9,9,5,0.2759660797
2,0.9,0.7,1,3,7,5,0.2848419224
2,0.9,0.5,1,5,7,5,0.281569851
5,0.70898,0.37081,6.92,7.37,9.93,10.95,0.4386308221
2,0.7,0.9,1,7,9,5,0.2962650613
2,0.1,0.3,1,9,9,5,0.3215960413
2,0.59627,0.63607,6.59,3.5,5.68,8.32,0.3252028498
2,0.1,0.9,1,9,3,5,0.3465950667
2,0.1,0.1,1,7,7,5,0.2937563738
2,0.5,0.1,1,3,3,5,0.2719187888
10,0.6,0.6,1,6,6,5,0.3279462487
15,0.6,0.1,6,6,6,5,0.4678978519
21,0.5,0.375,5,2.8,5.5,10,0.4048796525
5,0.26564,0.74954,9.61,3.17,7.28,9.54,0.5297312993
5,0.2,0.2,4,2,4,5,0.4060227958
2,0.1,0.1,1,9,3,5,0.3119946357
15,0.4,0.2,2,4,4,5,0.3107456658
2,0.9,0.5,1,3,3,5,0.2900018464
2,0.5,0.3,1,7,9,5,0.2818842122
2,0.1,0.5,1,7,1,5,0.3400478863
2,0.3,0.1,1,5,7,5,0.2754441251
2,0.7,0.7,1,5,9,5,0.288881612
2,0.1,0.9,1,9,3,5,0.3466151374
2,0.5,0.9,1,3,1,5,0.3510230113
2,0.7,0.7,1,1,7,5,0.2856394146
2,0.7,0.3,1,3,1,5,0.3079747117
2,0.1,0.1,1,1,5,5,0.2915810781
2,0.9,0.5,1,9,1,5,0.3192063419
2,0.5,0.7,1,3,1,5,0.3469161865
2,0.3,0.3,1,7,1,5,0.3382358802
2,0.7,0.1,1,7,1,5,0.2859872147
10,0.1,0.6,6,1,6,5,0.6906218306
2,0.1,0.9,1,3,9,5,0.3515858424
2,0.7,0.5,1,1,1,5,0.3202680632
2,0.7,0.1,1,7,9,5,0.2723474719
2,0.3,0.3,1,5,1,5,0.3377460438
2,0.7,0.5,1,1,1,5,0.3212904027
2,0.3,0.7,1,9,7,5,0.3185379852
2,0.3,0.9,1,7,7,5,0.3269922804
2,0.7,0.3,1,3,5,5,0.2782375628
2,0.5,0.5,1,5,3,5,0.3097147075
15,0.2,0.4,4,2,4,5,0.6973136937
2,0.9,0.5,1,1,5,5,0.2754476763
2,0.9,0.5,1,1,9,5,0.2681164359
2,0.3,0.5,1,5,9,5,0.3026449953
2,0.1,0.9,1,9,3,5,0.3456068102
2,0.7,0.3,1,5,9,5,0.2763024483
2,0.7,0.7,1,5,7,5,0.2929501159
2,0.9,0.9,1,9,9,5,0.2916359944
2,0.9,0.1,1,9,7,5,0.2756402626
2,0.9,0.3,1,3,3,5,0.2797616288
2,0.3,0.9,1,7,3,5,0.3456452966
15,0.4,0.2,4,2,2,5,0.3559702567
2,0.9,0.1,1,7,3,5,0.2756730606
2,0.9,0.1,1,1,3,5,0.2567047071
2,0.3,0.5,1,9,7,5,0.3089038141
5,0.6,0.1,6,1,1,5,0.1475381296
2,0.7,0.7,1,9,7,5,0.2948584408
10,0.2,0.2,4,4,4,5,0.5660659073
10,0.8312,0.92205,9.19,9.14,9.66,5.49,0.695893826
2,0.3,0.9,1,7,7,5,0.3267375695
2,0.3,0.9,1,7,9,5,0.3203509543
2,0.1,0.1,1,1,7,5,0.2842481238
10,0.1,0.6,6,1,6,5,0.6810975164
10,0.41462,0.24523,4.37,6.01,9.74,3.4,0.5837777719
10,0.6,0.6,1,6,1,5,0.6069350858
2,0.7,0.1,1,3,5,5,0.2656769076
10,0.89896,0.40552,1.21,1.61,4.73,7.73,0.1007035488
2,0.3,0.1,1,3,3,5,0.2779761279
2,0.3,0.7,1,5,7,5,0.3180138427
2,0.7,0.9,1,9,1,5,0.3457867571
2,0.35169,0.66215,1.67,1.58,1.02,2,0.3513836644
2,0.5,0.7,1,9,7,5,0.3028120642
2,0.7,0.1,1,7,3,5,0.2768397438
2,0.7,0.3,1,3,9,5,0.2731121771
21,0.5,0.375,5,2.8,5.5,3,0.6235953114
2,0.5,0.7,1,3,7,5,0.299380117
2,0.9,0.5,1,3,7,5,0.277903941
21,0.5,0.375,5,2.8,5.5,6,0.4901965274
2,0.7,0.7,1,5,3,5,0.3093023035
15,0.35946,0.41489,1.4,4.64,4.57,2,0.5740215268
5,0.87209,0.52646,9.53,9.36,1.46,10.5,0.5462492764
2,0.5,0.9,1,7,7,5,0.3093993836
2,0.5,0.3,1,1,1,5,0.313350447
2,0.3,0.7,1,1,3,5,0.3352748157
2,0.9,0.5,1,7,7,5,0.2830646436
2,0.1,0.5,1,5,3,5,0.3533755082
2,0.9,0.7,1,5,9,5,0.2848691749
2,0.3,0.3,1,9,9,5,0.2912229267
2,0.9,0.5,1,7,9,5,0.2809034061
2,0.1,0.9,1,1,9,5,0.3514368458
2,0.9,0.7,1,5,1,5,0.3283285591
2,0.3,0.1,1,1,3,5,0.2708758942
5,0.90481,0.57065,3.63,1.47,3.68,4.6,0.2778425284
2,0.7,0.5,1,1,9,5,0.2733335963
2,0.7,0.5,1,9,5,5,0.292596316
2,0.1,0.7,1,3,3,5,0.3519238432
2,0.1,0.7,1,5,7,5,0.3503638621
2,0.7,0.5,1,3,7,5,0.2822193142
2,0.3,0.7,1,7,5,5,0.3258831517
2,0.9,0.3,1,5,9,5,0.2727683294
2,0.3,0.7,1,7,7,5,0.3188567606
2,0.5,0.7,1,1,9,5,0.290836763
2,0.5,0.9,1,1,9,5,0.2978040521
2,0.21519,0.10592,6.12,2.66,5.26,1.22,0.3294613996
10,0.6,0.6,1,6,6,5,0.3518457419
2,0.9,0.7,1,1,1,5,0.3241423177
2,0.3,0.5,1,1,3,5,0.32275521
2,0.9,0.5,1,5,7,5,0.2806701783
2,0.9,0.5,1,3,9,5,0.276096051
2,0.7,0.3,1,9,5,5,0.2846977421
2,0.7,0.3,1,1,5,5,0.2695136278
2,0.5,0.7,1,9,5,5,0.3101681721
5,0.1,0.6,6,6,6,5,0.5583483819
5,0.6,0.6,1,6,1,5,0.5096162085
10,0.4,0.4,4,4,4,5,0.611168155
2,0.9,0.7,1,9,9,5,0.2871259299
2,0.5,0.1,1,1,9,5,0.2569217235
2,0.7,0.9,1,5,9,5,0.2964127316
2,0.1,0.3,1,7,3,5,0.3459955764
2,0.7,0.5,1,7,9,5,0.2848543894
10,0.1,0.1,1,6,6,5,0.3241655844
2,0.46435,0.68715,6.96,5.08,4.94,6.25,0.3423540984
2,0.3,0.1,1,9,9,5,0.2776901516
2,0.3,0.9,1,5,7,5,0.3276322371
10,0.2,0.4,4,2,2,5,0.6007782246
2,0.3,0.1,1,1,9,5,0.260918897
2,0.5,0.7,1,5,9,5,0.2977867325
2,0.5,0.9,1,1,5,5,0.3120061263
2,0.7,0.9,1,5,9,5,0.2952173939
10,0.11029,0.40748,4.59,7.99,7.47,2.84,0.7379198383
2,0.5,0.1,1,5,9,5,0.2698063202
20,0.21166,0.69252,9.95,2.47,5.57,8.51,0.7009300471
2,0.1,0.9,1,5,1,5,0.3135650041
2,0.9,0.3,1,9,3,5,0.2867646243
2,0.9,0.1,1,1,5,5,0.2543665793
2,0.7,0.3,1,3,7,5,0.2745851523
2,0.5,0.9,1,7,9,5,0.3059051303
2,0.1,0.3,1,5,3,5,0.3455147239
2,0.7,0.9,1,3,3,5,0.3161471325
2,0.7,0.1,1,9,9,5,0.2747354847
2,0.5,0.7,1,5,3,5,0.3210474921
20,0.69761,0.9544,10.12,4.56,2.19,7.1,0.7901043095
2,0.1,0.7,1,7,7,5,0.3503069907
2,0.3,0.7,1,5,5,5,0.3243784032
2,0.9,0.3,1,3,3,5,0.2780586715
21,0.5,0.375,6,2.8,5.5,4,0.6162783137
2,0.1,0.3,1,1,1,5,0.3529859067
2,0.3,0.7,1,1,9,5,0.3085969834
2,0.17681,0.41092,3.36,4.76,2.17,4,0.3528939736
2,0.9,0.9,1,3,5,5,0.2980223883
2,0.1,0.3,1,7,3,5,0.3455301117
2,0.9,0.1,1,7,5,5,0.2739922762
5,0.73354,0.30573,1.58,10.65,10.84,10.91,0.3092312392
10,0.6,0.1,1,6,6,5,0.2729781406
10,0.56507,0.39461,8.62,10,8.55,3.67,0.7422664628
20,0.72696,0.40046,1.58,4.53,1.95,4,0.5451663948
15,0.68719,0.16346,9.31,6.93,1.97,8.13,0.6205246303
25,0.72916,0.14298,7.13,5.23,6.08,7.39,0.317315061
2,0.7,0.3,1,5,1,5,0.308703726
15,0.74838,0.70076,4.34,4.47,3.52,3,0.7375320213
2,0.1,0.9,1,9,7,5,0.3532996826
2,0.9,0.1,1,1,5,5,0.2548295191
2,0.9,0.7,1,3,9,5,0.2819908874
2,0.7,0.7,1,1,9,5,0.2807629563
2,0.7,0.5,1,5,5,5,0.2904836809
21,0.1,0.1,1,1,10,1,0.3198949486
5,0.2,0.4,4,4,4,5,0.5473209985
2,0.9,0.7,1,1,9,5,0.2767101421
15,0.2,0.4,4,4,4,5,0.6801671276
2,0.3,0.9,1,1,9,5,0.3163486668
10,0.6,0.6,6,6,6,5,0.5934861304
10,0.6,0.1,1,1,6,5,0.06404581752
2,0.9,0.9,1,9,5,5,0.3014331043
15,0.73553,0.51079,10.03,4.05,1.63,1.88,0.7052730046
2,0.1,0.3,1,9,5,5,0.334437942
2,0.9,0.1,1,5,3,5,0.2716338248
2,0.5,0.9,1,5,5,5,0.3186605593
2,0.3,0.5,1,5,7,5,0.3066064646
2,0.9,0.7,1,5,5,5,0.2919976408
15,0.1,0.1,1,6,1,5,0.6828437897
2,0.7,0.3,1,3,1,5,0.3074618539
2,0.1,0.9,1,1,1,5,0.319397178
5,0.32682,0.74857,4.19,2.68,4.83,4,0.5327184988
2,0.3,0.1,1,5,9,5,0.2734607033
2,0.7,0.9,1,3,5,5,0.3034909793
2,0.1,0.9,1,9,7,5,0.3533945192
2,0.3,0.7,1,3,9,5,0.3112356473
2,0.9,0.5,1,1,9,5,0.2678819168
2,0.3,0.9,1,9,1,5,0.3523642438
2,0.7,0.1,1,3,3,5,0.2672234069
2,0.1,0.7,1,9,3,5,0.3518919056
2,0.3,0.7,1,3,9,5,0.3114109926
21,0.5,0.375,9,2.8,5.5,7,0.5721985207
2,0.7,0.3,1,7,9,5,0.2783488587
2,0.9,0.7,1,9,5,5,0.2955217326
2,0.1,0.5,1,7,9,5,0.3386606794
2,0.9,0.1,1,1,3,5,0.256183665
2,0.7,0.3,1,1,5,5,0.2693991884
2,0.5,0.3,1,9,9,5,0.2851426929
10,0.16461,0.67818,10.63,1.78,9.87,3.3,0.7910550037
25,0.8861,0.93286,1.34,2.98,2.73,3,0.5805363886
5,0.2,0.4,4,4,4,5,0.5452447584
20,0.38089,0.73304,2.95,3.14,4.46,1,1.058499797
15,0.2,0.2,4,4,4,5,0.6660436364
2,0.5,0.5,1,1,9,5,0.2805599026
5,0.1,0.1,6,6,6,5,0.4965925648
2,0.7,0.7,1,7,3,5,0.3103045127
2,0.7,0.9,1,1,9,5,0.2871592436
2,0.3,0.7,1,1,7,5,0.3124533391
2,0.3,0.7,1,1,7,5,0.3132795383
2,0.9,0.5,1,9,1,5,0.3198861372
2,0.9,0.5,1,5,1,5,0.3184260723
2,0.3,0.7,1,3,9,5,0.3114421424
2,0.1,0.7,1,9,5,5,0.3533147796
2,0.9,0.9,1,5,3,5,0.309480376
2,0.7,0.7,1,7,1,5,0.33775376
2,0.3,0.7,1,7,7,5,0.3183289117
2,0.7,0.1,1,5,9,5,0.2679626708
10,0.72161,0.67948,2.57,2.65,1.91,3,0.6098053501
2,0.54226,0.70005,7.46,6.7,2.6,3.8,0.3512934227
10,0.6,0.1,6,6,6,5,0.4489797902
2,0.5,0.5,1,1,3,5,0.3017938852
2,0.7,0.5,1,9,5,5,0.2941083024
2,0.1,0.9,1,7,1,5,0.3148001789
2,0.1,0.3,1,5,9,5,0.321396593
2,0.5,0.7,1,7,7,5,0.3024247221
2,0.3,0.1,1,1,9,5,0.2613516733
2,0.1,0.7,1,7,7,5,0.3506768166
2,0.9,0.5,1,3,5,5,0.2835349673
2,0.1,0.3,1,1,5,5,0.3317739074
2,0.1,0.9,1,7,9,5,0.351513353
2,0.7,0.3,1,1,9,5,0.2649845859
2,0.7,0.5,1,3,1,5,0.3248576664
5,0.1,0.6,6,6,1,5,0.3759021672
2,0.9,0.5,1,9,9,5,0.282235007
21,0.5,0.375,8,2.8,5.5,3,0.7044876828
2,0.5,0.9,1,7,1,5,0.3516929521
2,0.5,0.7,1,7,5,5,0.3089594801
2,0.9,0.3,1,7,9,5,0.2764291076
2,0.7,0.1,1,3,3,5,0.2680571423
15,0.25859,0.92529,7.96,6.01,1.96,3.27,0.4663538429
2,0.1,0.3,1,7,5,5,0.3341938738
2,0.9,0.1,1,3,1,5,0.2724964058
2,0.1,0.1,1,5,9,5,0.2898262177
2,0.3,0.1,1,1,5,5,0.2648749024
10,0.4,0.2,4,4,2,5,0.5429444396
2,0.44982,0.24534,7.85,10.78,4.03,7.03,0.3336929973
10,0.2,0.2,4,2,2,5,0.5962883789
2,0.5,0.5,1,5,1,5,0.3383638261
2,0.7,0.9,1,1,5,5,0.2994655222
2,0.3,0.9,1,9,5,5,0.3344853182
2,0.1,0.5,1,1,1,5,0.3428680096
2,0.1,0.7,1,1,9,5,0.34616903
5,0.65241,0.82848,1.02,1.01,6.01,9.24,0.2197655003
2,0.9,0.5,1,5,9,5,0.2802039437
2,0.3,0.3,1,1,7,5,0.2841934963
2,0.9,0.3,1,9,9,5,0.2779154046
2,0.9,0.3,1,5,7,5,0.2747963342
2,0.1,0.7,1,1,3,5,0.3521247268
2,0.9,0.5,1,7,3,5,0.2936140674
2,0.3,0.3,1,5,5,5,0.2977785186
2,0.7,0.5,1,9,9,5,0.2864831726
15,0.51594,0.38955,2.95,2.53,2.39,3,0.1992501355
2,0.9,0.7,1,3,5,5,0.2897332823
2,0.3,0.5,1,5,3,5,0.3269692659
2,0.9,0.1,1,3,5,5,0.2653826473
2,0.3,0.5,1,3,9,5,0.300088559
10,0.78524,0.49474,4.73,1.1,4.68,10.19,0.1458154201
2,0.3,0.7,1,1,9,5,0.3081457788
2,0.3,0.1,1,7,3,5,0.2840764249
2,0.5,0.7,1,5,5,5,0.30834784
2,0.1,0.1,1,3,5,5,0.2953962096
2,0.7,0.5,1,9,1,5,0.3283356354
10,0.2,0.4,2,4,2,5,0.6363153459
2,0.5,0.1,1,7,7,5,0.2744361802
15,0.1,0.1,1,1,6,5,0.1824349399
5,0.4,0.4,4,4,2,5,0.5248204001
15,0.2,0.4,2,2,2,5,0.6130495747
2,0.9,0.1,1,5,7,5,0.267664498
2,0.5,0.1,1,7,3,5,0.2791302854
2,0.7,0.1,1,9,1,5,0.2890517083
2,0.3,0.3,1,9,7,5,0.295735609
10,0.71059,0.51437,2.4,9.38,6.44,9.07,0.4282789447
2,0.7,0.7,1,1,7,5,0.28596198
2,0.3,0.5,1,9,1,5,0.3507848528
2,0.3,0.3,1,1,7,5,0.2847077971
2,0.1,0.3,1,5,7,5,0.3261826682
2,0.3,0.1,1,9,9,5,0.27790536
15,0.2,0.2,2,2,4,5,0.4460248462
2,0.5,0.7,1,9,5,5,0.3099687981
2,0.9,0.3,1,7,9,5,0.2769791524
2,0.9,0.9,1,1,3,5,0.302796705
2,0.9,0.1,1,7,1,5,0.2840836466
2,0.1,0.9,1,9,9,5,0.3516746545
2,0.7,0.1,1,5,9,5,0.2696156427
15,0.6,0.6,6,6,6,5,0.666480174
2,0.3,0.9,1,7,7,5,0.3272037679
2,0.7,0.3,1,7,1,5,0.3115572249
2,0.9,0.7,1,9,5,5,0.2950940683
2,0.7,0.5,1,9,5,5,0.2936062763
2,0.3,0.1,1,9,7,5,0.2796245235
2,0.1,0.3,1,9,7,5,0.3271081114
2,0.5,0.7,1,9,7,5,0.3043619255
2,0.9,0.3,1,7,9,5,0.2761209982
2,0.9,0.9,1,7,7,5,0.2946221109
5,0.1,0.6,6,1,1,5,0.4187714866
2,0.5,0.3,1,9,7,5,0.2868120083
2,0.7,0.9,1,9,5,5,0.3069378794
15,0.4,0.4,2,4,2,5,0.6291555392
2,0.9,0.3,1,7,9,5,0.2760148684
2,0.5,0.1,1,7,5,5,0.2758047993
2,0.5,0.9,1,7,3,5,0.3298745364
2,0.3,0.5,1,7,1,5,0.3509069099
2,0.7,0.7,1,5,9,5,0.2893115762
15,0.2,0.2,4,2,2,5,0.6354373538
2,0.5,0.9,1,9,3,5,0.3307918662
2,0.5,0.1,1,9,3,5,0.2804502858
2,0.7,0.1,1,3,5,5,0.2658380677
2,0.3,0.5,1,9,3,5,0.3267964425
25,0.41993,0.41138,9.94,10.49,2.9,3.16,0.7641913334
2,0.9,0.9,1,1,9,5,0.2816357956
10,0.2,0.4,4,4,2,5,0.6792725628
2,0.1,0.3,1,9,7,5,0.3275857224
15,0.89495,0.4087,7.45,4.84,4.48,8.38,0.4701136344
2,0.5,0.3,1,1,7,5,0.2718914064
10,0.2,0.2,4,2,2,5,0.551106583
2,0.7,0.1,1,3,7,5,0.2651368789
5,0.1,0.6,1,6,6,5,0.5476255221
2,0.9,0.7,1,7,3,5,0.3030014485
2,0.3,0.7,1,7,5,5,0.3267488106
10,0.4,0.2,2,4,4,5,0.3760237735
2,0.5,0.9,1,3,3,5,0.3287362365
15,0.6,0.6,6,6,1,5,0.6661028397
2,0.5,0.7,1,5,1,5,0.3477439423
21,2,2,0.2,0.6,0.6,1,0.5844282022
2,0.9,0.5,1,5,9,5,0.2796216488
2,0.5,0.1,1,7,5,5,0.2745176461
2,0.5,0.3,1,9,9,5,0.2831532729
2,0.7,0.5,1,3,9,5,0.2806013718
2,0.9,0.5,1,5,1,5,0.3179569788
20,0.1586,0.37156,2.15,7.64,6.6,1,0.7453906643
2,0.7,0.1,1,7,5,5,0.2749619329
5,0.1,0.6,6,6,6,5,0.5820090709
2,0.1,0.1,1,9,7,5,0.2950593391
15,0.1,0.6,6,6,1,5,0.3747603813
2,0.5,0.5,1,1,1,5,0.3332750291
2,0.9,0.3,1,3,9,5,0.2695001053
15,0.2,0.2,4,4,4,5,0.6277027198
10,0.1,0.6,6,6,1,5,0.3820241271
20,0.21929,0.68689,7.23,4.4,9.67,4.01,0.8883119661
2,0.7,0.5,1,3,5,5,0.2874054408
2,0.5,0.9,1,1,9,5,0.298369344
2,0.3,0.9,1,1,5,5,0.3304241019
2,0.94956,0.33687,1.21,3.69,4.11,3,0.2974917663
20,0.79941,0.68991,1.07,4.89,1.13,2,0.700537629
2,0.1,0.5,1,1,7,5,0.341569621
2,0.9,0.1,1,5,9,5,0.2675056404
2,0.5,0.7,1,5,9,5,0.2974151709
2,0.3,0.5,1,9,3,5,0.3272755146
10,0.22457,0.96979,3.07,2.91,2.82,2,0.5452959766
2,0.9,0.3,1,1,7,5,0.2639413679
2,0.5,0.1,1,9,9,5,0.2757789375
2,0.1,0.1,1,3,7,5,0.2911081159
10,0.6,0.6,6,6,6,5,0.6195589037
2,0.5,0.3,1,3,3,5,0.2929649839
2,0.3,0.7,1,1,5,5,0.3216543186
2,0.9,0.5,1,5,1,5,0.3190903134
2,0.5,0.9,1,5,3,5,0.3285515374
2,0.9,0.7,1,3,1,5,0.3270454382
15,0.54246,0.14245,8.44,10.19,1.41,3.8,0.8633071999
2,0.9,0.5,1,1,7,5,0.26984346
2,0.3,0.7,1,5,9,5,0.3113861457
2,0.9,0.3,1,3,5,5,0.2741007726
2,0.5,0.9,1,1,5,5,0.3116875439
2,0.1,0.3,1,1,7,5,0.3234756694
2,0.3,0.5,1,1,5,5,0.3083566854
2,0.7,0.1,1,1,1,5,0.2698714862
15,0.6,0.6,1,6,1,5,0.5953533768
2,0.9,0.3,1,3,5,5,0.2732079959
2,0.7,0.7,1,5,5,5,0.2995809051
21,0.1,1,1,1,1,1,0.3959384824
10,0.13416,0.66666,8.11,3.68,5.45,6.67,0.6458925071
2,0.3,0.1,1,9,5,5,0.281498565
15,0.1,0.1,1,1,6,5,0.1170903706
2,0.5,0.3,1,3,7,5,0.2805614744
15,0.4,0.4,4,2,2,5,0.6175658116
2,0.1,0.1,1,7,1,5,0.3383218738
10,0.1,0.6,1,6,6,5,0.6353130697
2,0.5,0.375,5,2.8,5.5,5,0.3196519162
2,0.3,0.5,1,1,9,5,0.296657508
2,0.7,0.5,1,1,3,5,0.2912050191
10,0.2,0.2,4,4,2,5,0.6519587042
2,0.5,0.5,1,1,5,5,0.2898628665
2,0.5,0.1,1,3,3,5,0.2714537934
2,0.3,0.1,1,5,7,5,0.2750838046
2,0.5,0.3,1,7,5,5,0.2877917372
2,0.5,0.5,1,7,5,5,0.2994791638
2,0.1,0.3,1,1,7,5,0.3227802383
2,0.5,0.7,1,5,9,5,0.2970119381
25,0.52578,0.72653,4.08,9.47,1.49,8.97,0.631409567
2,0.7,0.7,1,9,9,5,0.2907571968
2,0.5,0.5,1,3,7,5,0.2909302424
2,0.9,0.1,1,3,5,5,0.2645142176
2,0.5,0.7,1,9,7,5,0.3020119875
15,0.60702,0.5717,1.22,4.15,3.51,3,0.3989125514
2,0.3,0.1,1,7,9,5,0.275205564
2,0.7,0.5,1,1,1,5,0.3200408931
2,0.1,0.5,1,5,5,5,0.3485473592
2,0.1,0.5,1,7,1,5,0.3407199504
2,0.5,0.1,1,7,5,5,0.2759457301
2,0.5,0.1,1,7,5,5,0.2761468906
2,0.3,0.9,1,1,5,5,0.3313032042
10,0.1,0.1,6,1,1,5,0.5705228222
2,0.9,0.7,1,5,7,5,0.2875089752
10,0.54656,0.17654,5.79,7.93,7.63,2.37,0.7050212861
2,0.5,0.5,1,3,3,5,0.308096517
21,0.5,0.375,6,2.8,5.5,7,0.5062397086
2,0.7,0.7,1,3,1,5,0.3365026038
2,0.9,0.3,1,7,9,5,0.2764526307
10,0.11998,0.7124,4.66,8.6,4.79,9.07,0.597702156
2,0.9,0.9,1,5,9,5,0.2895273146
2,0.3,0.9,1,5,9,5,0.3204336218
5,0.4,0.2,2,4,4,5,0.3680499368
2,0.1,0.3,1,7,7,5,0.3269944214
2,0.9,0.9,1,7,5,5,0.3017362359
2,0.5,0.5,1,3,9,5,0.2870223753
